vin,model,timestamp,outsidetemperature,enginetemperature,speed,fuel,engineoil,tirepressure,odometer,city,accelerator_pedal_position,parking_brake_status,headlamp_status,brake_pedal_status,transmission_gear_position,ignition_status,windshield_wiper_status,abs
AA5UPOYD33EGVZSOQ,Family Saloon,2016-07-15T11:40:59.7220218Z,63,54,71,28,48,47,115976,Bellevue,8,0,0,0,seventh,0,0,0
JZZR7MEBSY5Z3DBSV,Hybrid,2016-07-15T11:41:20.5547591Z,35,186,94,0,49,49,175537,Redmond,80,0,0,0,eight,0,0,0
0568SVPOWEZFG4BJA,Hybrid,2016-07-15T11:41:22.3458002Z,23,33,76,16,34,29,191458,Seattle,83,1,1,1,sixth,1,1,1
MU8D93ZS7FWREBRP1,Hybrid,2016-07-15T11:41:25.3762267Z,39,346,45,33,31,22,54305,Bellevue,31,1,1,1,second,1,1,1
8H55KPJ421ANV9B8Y,Sedan,2016-07-15T11:41:24.0618416Z,80,179,29,28,33,25,154183,Sammamish,1,0,0,0,third,0,0,0
O1SM9597I5YR3LRBG,Medium SUV,2016-07-15T11:41:26.0377475Z,41,271,96,8,49,48,108244,Bellevue,40,0,0,0,eight,0,0,0
ZBYBEECUDAGTTOGME,Convertible,2016-07-15T11:41:26.7113375Z,45,487,99,37,50,50,146808,Redmond,37,1,1,1,eight,1,1,1
IMWEJXN49IJ60JJZ2,Coupe,2016-07-15T11:41:27.2876035Z,73,160,95,35,50,49,82360,Redmond,20,1,1,1,eight,1,1,1
9SVPLPDL2HA0A6NGN,Convertible,2016-07-15T11:41:27.9698749Z,86,310,61,2,37,31,37716,Bellevue,62,0,0,0,third,0,0,0
J2TF89KWJKIYBN9X3,Sedan,2016-07-15T11:41:28.6017499Z,40,434,95,3,49,48,121552,Bellevue,18,1,1,1,eight,1,1,1
NE8OP8Z7SY6JLUVO0,Station Wagon,2016-07-15T11:41:30.5083255Z,22,33,66,39,29,23,167333,Seattle,4,0,0,0,sixth,0,0,0
5OTRGCGJ663904D3D,Sedan,2016-07-15T11:41:29.2245317Z,24,43,64,2,38,32,5595,Bellevue,46,1,1,1,fourth,1,1,1
LWANIHIPASOXV7IY1,Compact Car,2016-07-15T11:41:29.9245464Z,12,348,70,26,31,25,167638,Seattle,50,1,1,1,sixth,1,1,1
AS0BVJLCQ9ME98050,Compact Car,2016-07-15T11:41:31.0823461Z,20,490,62,19,27,20,185367,Seattle,40,0,0,0,fifth,0,0,0
KFADKS5LP01N0Z7TW,Sports Car,2016-07-15T11:41:31.6789367Z,92,112,96,36,49,48,187419,Bellevue,13,0,0,0,eight,0,0,0
Q3QUBKMVLWTO007G6,Family Saloon,2016-07-15T11:41:32.2329217Z,47,423,55,31,23,16,106771,Seattle,49,0,0,0,fifth,0,0,0
54W5165PZBI4GDOOV,Sports Car,2016-07-15T11:41:32.8373089Z,81,351,92,34,48,46,125871,Bellevue,28,0,0,0,seventh,0,0,0
VWDTPBXQDMD8DXFM5,Large SUV,2016-07-15T11:41:33.4707759Z,25,12,74,4,33,28,39265,Seattle,95,0,0,0,sixth,0,0,0
TGIWFE3ATK2JVG527,Compact Car,2016-07-15T11:41:34.0505063Z,28,282,70,33,31,25,79747,Seattle,40,0,0,0,sixth,0,0,0
DXWRKFLC7Z7DIB5B9,Sedan,2016-07-15T11:41:35.2314086Z,33,94,81,22,47,45,25268,Redmond,36,0,0,0,seventh,0,0,0
OUYDEQ9FWTUURW9VQ,Hybrid,2016-07-15T11:41:34.6386670Z,90,158,100,27,50,50,71598,Redmond,10,0,0,0,eight,0,0,0
JK65088NH9Y0VHP1B,Family Saloon,2016-07-15T11:41:35.8359651Z,7,347,14,23,26,17,138144,Redmond,1,0,0,0,first,0,0,0
P6ZDAOCGIRYAXMIFV,Family Saloon,2016-07-15T11:41:37.0127928Z,57,362,78,10,46,44,72698,Redmond,65,0,0,0,seventh,0,0,0
4HIV4ICEOKMRXHM01,Station Wagon,2016-07-15T11:41:36.4219868Z,83,288,66,27,39,33,196225,Bellevue,67,0,0,0,fourth,0,0,0
RDAZEIRJ40Y2P8N74,Hybrid,2016-07-15T11:41:40.1887052Z,70,39,60,17,37,30,116232,Bellevue,62,1,1,1,third,1,1,1
27YT7WTB98IX4L9DL,Family Saloon,2016-07-15T11:41:41.4246123Z,61,229,59,23,25,18,123459,Seattle,29,0,0,0,fifth,0,0,0
P1H6Z2D0ETZHF7PIA,Family Saloon,2016-07-15T11:41:42.1240381Z,94,64,84,26,48,46,92284,Redmond,12,1,1,1,seventh,1,1,1
JWL8VKQWQMVGV0S6O,Small SUV,2016-07-15T11:41:43.4966503Z,51,462,19,25,29,20,59548,Redmond,77,0,0,0,second,0,0,0
PVMTZH0ZERO29H0HT,Sedan,2016-07-15T11:41:42.9201212Z,97,297,44,21,31,22,98180,Bellevue,56,0,0,0,second,0,0,0
R08NW6V6NOU5D059W,Station Wagon,2016-07-15T11:41:44.1043921Z,97,487,69,21,40,35,196706,Bellevue,41,0,0,0,fourth,0,0,0
SBHYEW4K5CBJYBML0,Family Saloon,2016-07-15T11:41:44.6864801Z,21,246,31,2,34,26,80786,Sammamish,8,0,0,0,third,0,0,0
M097G4TYPOMON2U4Q,Sports Car,2016-07-15T11:41:45.2522813Z,74,110,64,11,38,32,119497,Bellevue,3,1,1,1,fourth,1,1,1
Z2JUP67FM996G1PXB,Family Saloon,2016-07-15T11:41:45.8470740Z,71,58,75,24,34,29,147,Seattle,38,1,1,1,sixth,1,1,1
YECGNLIVTNF3841CP,Family Saloon,2016-07-15T11:41:46.8259329Z,2,108,81,20,47,45,124263,Redmond,7,0,0,0,seventh,0,0,0
NO0FGMARLVEH5RKZ9,Small SUV,2016-07-15T11:41:48.2186074Z,52,156,70,27,41,35,42909,Bellevue,64,1,1,1,fourth,1,1,1
G8EX6HEGCJG5PWW55,Coupe,2016-07-15T11:41:50.1534997Z,19,287,65,20,39,33,197114,Bellevue,74,1,1,1,fourth,1,1,1
6OLOZYYEEIQG35VWM,Compact Car,2016-07-15T11:41:49.1802421Z,56,482,60,28,37,30,76619,Bellevue,25,0,0,0,third,0,0,0
5OTZASLK4B0WR2N46,Sedan,2016-07-15T11:41:52.7893885Z,77,486,81,23,47,45,95817,Redmond,95,1,1,1,seventh,1,1,1
0E9OLXRWIIQBJ4LSP,Sedan,2016-07-15T11:41:52.1038073Z,53,456,94,35,49,47,21191,Bellevue,58,1,1,1,eight,1,1,1
5T3AVLN8605RIOE3F,Family Saloon,2016-07-15T11:41:53.4369734Z,76,294,71,16,41,36,72467,Bellevue,87,0,0,0,fourth,0,0,0
QJQNXBG2KF40FFY8N,Family Saloon,2016-07-15T11:41:54.0812279Z,87,263,61,23,37,31,193878,Bellevue,3,0,0,0,third,0,0,0
JLCVKVD9F3032F6JR,Coupe,2016-07-15T11:41:54.6653748Z,82,167,58,34,36,29,194253,Bellevue,80,0,0,0,third,0,0,0
RUGYZFKCO7ITT3BTC,Hybrid,2016-07-15T11:41:55.2362595Z,54,21,33,18,35,27,35554,Sammamish,8,0,0,0,third,0,0,0
TXJ252V3DKKHDZG2M,Sedan,2016-07-15T11:41:56.4607688Z,72,40,16,0,27,18,101962,Redmond,61,0,0,0,second,0,0,0
BGEPPHL3N48B3GWP0,Convertible,2016-07-15T11:41:55.8775309Z,81,210,41,29,30,21,3810,Bellevue,43,0,0,0,second,0,0,0
OF7LX6QYUV0MTXAVP,Small SUV,2016-07-15T11:41:57.0697163Z,20,417,33,27,35,27,149206,Sammamish,10,0,0,0,third,0,0,0
OYG2928S3NRJW1YKT,Sedan,2016-07-15T11:41:57.7698719Z,76,284,10,35,2,0,165134,Seattle,27,0,0,0,first,0,0,0
V3HQGWYX61WO3KHQQ,Station Wagon,2016-07-15T11:41:59.9022349Z,73,293,48,20,32,24,53050,Bellevue,55,0,0,0,second,0,0,0
ROEKFVU4RPFJUEWL5,Compact Car,2016-07-15T11:41:59.2772742Z,79,404,74,6,34,28,156082,Seattle,93,0,0,0,sixth,0,0,0
QJFHSYHY43R0CA4ED,Hybrid,2016-07-15T11:42:00.6902658Z,3,430,10,3,2,0,181599,Seattle,24,1,1,1,first,1,1,1
FVC5VMKT30J9FTUKR,Convertible,2016-07-15T11:42:01.4798641Z,5,159,65,28,28,22,41323,Seattle,76,0,0,0,fifth,0,0,0
0L7QGKYV0TEM1VL5S,Hybrid,2016-07-15T11:42:02.0521033Z,11,398,61,37,26,20,48862,Seattle,41,1,1,1,fifth,1,1,1
TY4R9OLLJY3DOSDK7,Station Wagon,2016-07-15T11:42:02.6504667Z,27,493,95,5,49,48,97159,Bellevue,22,1,1,1,eight,1,1,1
OMGGZMBM83LSKV7V4,Station Wagon,2016-07-15T11:42:03.5539819Z,49,473,47,5,32,23,19951,Bellevue,77,0,0,0,second,0,0,0
RW6WCB8X9NBL2JHZ3,Large SUV,2016-07-15T11:42:05.4715251Z,53,293,36,1,36,28,40655,Sammamish,66,1,1,1,third,1,1,1
XKK5DSG4YQ3UUHJLL,Family Saloon,2016-07-15T11:42:04.2197630Z,15,471,33,11,35,27,48247,Sammamish,71,1,1,1,third,1,1,1
6F8VEEXVK56DXHTEC,Hybrid,2016-07-15T11:42:04.8906769Z,13,427,60,13,37,30,184385,Bellevue,77,0,0,0,third,0,0,0
IY587XB4HJX6N04PA,Compact Car,2016-07-15T11:42:06.0967796Z,97,245,92,6,48,46,198381,Bellevue,98,0,0,0,seventh,0,0,0
UVW4JLKCGDZZ34IA8,Sports Car,2016-07-15T11:42:06.6736432Z,31,275,82,25,47,45,93000,Redmond,40,0,0,0,seventh,0,0,0
CQWRHUIZ3BVT33FI7,Sedan,2016-07-15T11:42:07.4934852Z,80,477,1,21,0,0,136349,Seattle,5,1,1,1,first,1,1,1
B8EH0W9S4UD7K012C,Coupe,2016-07-15T11:42:13.3851415Z,68,435,65,3,28,22,138448,Seattle,11,0,0,0,fifth,0,0,0
R8J50Y0O87LY93J41,Large SUV,2016-07-15T11:42:14.9473945Z,18,178,67,8,30,24,37256,Seattle,95,1,1,1,sixth,1,1,1
I7RJP7IA1ZG0Y8MLR,Convertible,2016-07-15T11:42:15.6551261Z,58,147,30,11,34,26,1669,Sammamish,12,1,1,1,third,1,1,1
46MAD6MGY8HFFQSS8,Family Saloon,2016-07-15T11:42:17.0248920Z,60,333,79,17,47,44,5812,Redmond,11,1,1,1,seventh,1,1,1
YTUS0JW05AOGVUNW1,Sedan,2016-07-15T11:42:16.4468453Z,86,81,32,38,34,27,144302,Sammamish,92,1,1,1,third,1,1,1
Q2GH4ATXTHRSCF8AC,Station Wagon,2016-07-15T11:42:17.6170612Z,41,424,60,21,25,19,45378,Seattle,52,1,1,1,fifth,1,1,1
XK3T08GA2TPI3XKS6,Large SUV,2016-07-15T11:42:18.1734470Z,5,140,72,15,32,27,122104,Seattle,80,1,1,1,sixth,1,1,1
N84TZENP3JCZREGW0,Family Saloon,2016-07-15T11:42:18.7863080Z,34,63,92,23,48,46,199618,Bellevue,88,1,1,1,seventh,1,1,1
3V35G3IU9O1FX58DC,Sports Car,2016-07-15T11:42:19.5483470Z,1,400,3,33,0,0,51690,Seattle,81,1,1,1,first,1,1,1
4Z6CZLHUW623QR8LX,Convertible,2016-07-15T11:42:20.4715707Z,86,480,73,37,33,27,185453,Seattle,8,1,1,1,sixth,1,1,1
6I8G9SCYWNOCJMU5Q,Family Saloon,2016-07-15T11:42:22.4787365Z,90,125,59,14,24,18,66171,Seattle,37,0,0,0,fifth,0,0,0
051YH8YQAERF0OX4E,Sedan,2016-07-15T11:42:21.3185643Z,11,79,13,9,25,16,80386,Redmond,77,1,1,1,first,1,1,1
FGYE8WOSGG4AENKIM,Sedan,2016-07-15T11:42:21.8868378Z,10,177,48,30,32,24,95954,Bellevue,95,0,0,0,second,0,0,0
JIIFFC7RFAMJ4FNEL,Hybrid,2016-07-15T11:42:23.0874370Z,56,305,74,31,33,28,66434,Seattle,0,1,1,1,sixth,1,1,1
P46VJCXRE1TX9P1F4,Sports Car,2016-07-15T11:42:23.6731743Z,98,77,4,1,0,0,128955,Seattle,36,1,1,1,first,1,1,1
RYT3CODCCESLY0I44,Compact Car,2016-07-15T11:42:24.9679220Z,38,472,65,14,28,22,98148,Seattle,89,0,0,0,fifth,0,0,0
GYYJSW2MYNAKAR0E1,Hybrid,2016-07-15T11:42:24.2537858Z,85,61,100,7,50,50,186023,Redmond,49,0,0,0,eight,0,0,0
9TYMPIOVFQYZX43ZG,Coupe,2016-07-15T11:42:25.5461730Z,33,269,61,33,26,19,197034,Seattle,35,0,0,0,fifth,0,0,0
QOKR3RE573J1THBCI,Station Wagon,2016-07-15T11:42:26.1134331Z,53,264,42,23,30,21,27953,Bellevue,36,0,0,0,second,0,0,0
29GPXBCW0YWDLGBPA,Large SUV,2016-07-15T11:42:26.6937795Z,66,391,17,5,28,19,186333,Redmond,41,1,1,1,second,1,1,1
TALO14L9YAG1GH2YX,Station Wagon,2016-07-15T11:42:27.2779593Z,7,228,66,39,29,22,42745,Seattle,62,1,1,1,sixth,1,1,1
FW1O3HDVLU1SYSD5Y,Sedan,2016-07-15T11:42:27.8394335Z,64,489,48,30,32,24,143130,Bellevue,94,1,1,1,second,1,1,1
5EDSMSNGMQ5C9YOM4,Convertible,2016-07-15T11:42:28.4648335Z,44,36,77,28,35,30,50403,Seattle,99,1,1,1,sixth,1,1,1
0TML45OAES6CW1Y6M,Family Saloon,2016-07-15T11:42:29.6192659Z,97,358,70,30,31,25,145539,Seattle,26,1,1,1,sixth,1,1,1
IGF429FTUX7JONHV1,Small SUV,2016-07-15T11:42:29.0329968Z,47,499,73,32,33,28,92448,Seattle,11,1,1,1,sixth,1,1,1
RXVRI6EV6EAEQTYE9,Hybrid,2016-07-15T11:42:30.2825521Z,49,225,76,21,35,30,147318,Seattle,41,0,0,0,sixth,0,0,0
H3BHJN5SN431R2B97,Hybrid,2016-07-15T11:42:30.8697162Z,54,62,73,36,33,27,1581,Seattle,33,0,0,0,sixth,0,0,0
8NA0CMCHHDS1Y53UP,Small SUV,2016-07-15T11:42:31.4592610Z,81,407,3,23,0,0,31610,Seattle,69,1,1,1,first,1,1,1
YV9DXB63BYQ7JG4HN,Hybrid,2016-07-15T11:42:32.1524181Z,75,206,67,31,40,34,135842,Bellevue,46,1,1,1,fourth,1,1,1
D8DX8DH3ECK7EMRWW,Large SUV,2016-07-15T11:42:32.8290541Z,81,306,60,13,37,30,30300,Bellevue,23,0,0,0,third,0,0,0
4QHO9Z5P2ECSHUHSX,Station Wagon,2016-07-15T11:42:33.4792165Z,7,459,48,28,32,24,8602,Bellevue,22,1,1,1,second,1,1,1
0NM2EMOZUPMFBL7UM,Small SUV,2016-07-15T11:42:34.0521172Z,90,355,44,26,31,22,55646,Bellevue,70,0,0,0,second,0,0,0
IZMYEF4OEK9FBDI7A,Small SUV,2016-07-15T11:45:01.9720382Z,94,197,4,38,0,0,157070,Seattle,62,1,1,1,first,1,1,1
G3HMOVFLNNNN6K4Q1,Large SUV,2016-07-15T11:45:19.9213404Z,32,262,16,34,27,18,105970,Redmond,76,0,0,0,second,0,0,0
HOA1OHM0MQ4ZJFW9Y,Sedan,2016-07-15T11:45:20.6595117Z,68,55,14,1,26,17,199604,Redmond,61,0,0,0,first,0,0,0
M158Z2PNFHI09HUDM,Hybrid,2016-07-15T11:45:21.4171117Z,59,90,79,2,47,44,18975,Redmond,6,1,1,1,seventh,1,1,1
KV83RSA6NDU416DIC,Hybrid,2016-07-15T11:45:22.0917279Z,73,118,92,10,48,46,157576,Bellevue,98,0,0,0,seventh,0,0,0
T4CKPB10Z143ZTGLN,Sedan,2016-07-15T11:45:23.2401149Z,85,419,94,6,49,49,51186,Redmond,43,1,1,1,eight,1,1,1
LYBQTJ6RC49I5WVOG,Hybrid,2016-07-15T11:45:22.6816909Z,23,462,19,23,29,20,166492,Redmond,31,1,1,1,second,1,1,1
WNKL7P93I0K0L5I9E,Sports Car,2016-07-15T11:45:23.8326229Z,32,437,75,15,34,29,185623,Seattle,77,1,1,1,sixth,1,1,1
KDP0221GKHTDDWE0S,Medium SUV,2016-07-15T11:45:24.4061600Z,82,11,46,35,31,23,110091,Bellevue,22,1,1,1,second,1,1,1
TC1DUBK4OWHTMDBP6,Compact Car,2016-07-15T11:45:24.9625317Z,29,423,83,13,47,45,31377,Redmond,5,0,0,0,seventh,0,0,0
GXT4XC1VIX12U1HTX,Coupe,2016-07-15T11:45:25.5406841Z,43,269,80,21,47,44,12076,Redmond,29,0,0,0,seventh,0,0,0
N96YKKVFDGNDUNZHE,Medium SUV,2016-07-15T11:45:26.1548511Z,62,426,68,31,40,34,100894,Bellevue,14,0,0,0,fourth,0,0,0
FVJ1RG42YQ6FL0ESM,Station Wagon,2016-07-15T11:45:26.7466198Z,70,170,29,29,33,25,97586,Sammamish,76,0,0,0,third,0,0,0
92K2QKNP5OH14G25S,Hybrid,2016-07-15T11:45:27.9749473Z,89,340,11,28,24,15,191246,Redmond,53,1,1,1,first,1,1,1
KL6L0A8IGL5OMNCLY,Family Saloon,2016-07-15T11:45:27.3161838Z,42,401,62,18,38,31,128957,Bellevue,96,0,0,0,fourth,0,0,0
WCCDOBQYOWT5UZMCQ,Small SUV,2016-07-15T11:45:28.5416227Z,19,349,6,31,1,0,154516,Seattle,82,1,1,1,first,1,1,1
E2SRWLFQU66N8DWLZ,Hybrid,2016-07-15T11:45:29.1304499Z,4,133,1,23,0,0,111102,Seattle,30,0,0,0,first,0,0,0
V2MQ7MGIE6SPA9DT0,Family Saloon,2016-07-15T11:45:29.7015890Z,81,158,98,35,50,50,25165,Redmond,84,0,0,0,eight,0,0,0
Y6T21F1G3TIIOUYA3,Sedan,2016-07-15T11:45:30.2606467Z,88,403,12,3,25,16,28051,Redmond,73,0,0,0,first,0,0,0
T7HAF2MDNBVLVUP8C,Sedan,2016-07-15T11:45:30.8621910Z,92,393,65,22,39,33,117145,Bellevue,16,0,0,0,fourth,0,0,0
AWE12ECO3U57JA986,Sports Car,2016-07-15T11:45:31.4589117Z,13,335,47,12,32,23,65314,Bellevue,30,0,0,0,second,0,0,0
W78WR63GTWZ5WI5ID,Hybrid,2016-07-15T11:45:32.6522494Z,61,432,47,20,32,23,106116,Bellevue,83,0,0,0,second,0,0,0
19MTNVE2PVIZD0U7A,Family Saloon,2016-07-15T11:45:32.0725695Z,98,464,76,20,35,30,169850,Seattle,44,0,0,0,sixth,0,0,0
STAREPD1GP66RVVB4,Coupe,2016-07-15T11:45:33.2371286Z,7,385,42,33,30,21,164154,Bellevue,7,0,0,0,second,0,0,0
JKBGI1OP6MEYJ0IFE,Large SUV,2016-07-15T11:45:36.2976336Z,61,241,92,0,48,46,87902,Bellevue,13,1,1,1,seventh,1,1,1
G2XJCI8U4HXR8Q8V3,Coupe,2016-07-15T11:45:34.6709138Z,38,28,96,38,49,48,106532,Bellevue,84,1,1,1,eight,1,1,1
SRWH1B23OM3AOSB28,Large SUV,2016-07-15T11:45:35.6858312Z,32,227,72,4,32,27,191911,Seattle,42,1,1,1,sixth,1,1,1
8A7R9XQKQSOK598DL,Family Saloon,2016-07-15T11:45:36.9083470Z,36,18,56,14,23,17,115364,Seattle,52,1,1,1,fifth,1,1,1
Y7IYEAYQUUWXXSMYE,Hybrid,2016-07-15T11:45:37.4827109Z,74,197,70,38,41,35,184407,Bellevue,50,1,1,1,fourth,1,1,1
5L2OYTY2NZL05REIJ,Sedan,2016-07-15T11:45:38.1606796Z,78,156,59,24,25,18,117101,Seattle,93,0,0,0,fifth,0,0,0
QZ4DG4IHP3GN2K64Z,Family Saloon,2016-07-15T11:45:38.7320883Z,47,228,55,3,23,16,95851,Seattle,52,0,0,0,fifth,0,0,0
RFZVAETE9T8AD7V4K,Sedan,2016-07-15T11:45:39.3803183Z,40,327,94,17,48,47,174223,Bellevue,91,0,0,0,seventh,0,0,0
KCQLZN2QM6E8NXUCS,Family Saloon,2016-07-15T11:45:39.9583684Z,63,318,85,25,48,46,182385,Redmond,45,0,0,0,seventh,0,0,0
XKODMEEEGCKB6RRIZ,Station Wagon,2016-07-15T11:45:41.1402214Z,8,201,69,37,40,35,141587,Bellevue,17,0,0,0,fourth,0,0,0
F810N41O2NRBJHKBY,Large SUV,2016-07-15T11:45:40.5434683Z,36,406,18,21,29,19,18539,Redmond,78,0,0,0,second,0,0,0
W9QRD06GOHX1IALUY,Large SUV,2016-07-15T11:45:41.7163613Z,3,13,66,21,39,33,152190,Bellevue,96,0,0,0,fourth,0,0,0
KSVFZV35L2IBIBOEK,Hybrid,2016-07-15T11:45:42.8960511Z,42,439,75,19,34,29,120374,Seattle,28,0,0,0,sixth,0,0,0
NRP6VKYE5CIFA69F3,Family Saloon,2016-07-15T11:45:42.2891722Z,83,442,60,20,25,19,73686,Seattle,17,1,1,1,fifth,1,1,1
Z0IM6DKQWTCN86HZE,Hybrid,2016-07-15T11:45:43.5895326Z,76,436,99,34,50,50,113196,Redmond,21,1,1,1,eight,1,1,1
N7WH5LORFP87A71Q5,Sedan,2016-07-15T11:45:44.1929316Z,71,192,34,26,35,28,125988,Sammamish,39,1,1,1,third,1,1,1
C7K8EWK29HKF71V1E,Small SUV,2016-07-15T11:45:44.7570628Z,4,346,96,19,49,48,66553,Bellevue,84,1,1,1,eight,1,1,1
ZL2CXP55RNG371S5Z,Hybrid,2016-07-15T11:45:45.9650364Z,52,0,77,25,35,30,131749,Seattle,66,1,1,1,sixth,1,1,1
GWSY7D7XBGL3KXNXD,Sedan,2016-07-15T11:45:45.3975054Z,80,439,80,27,47,45,190404,Redmond,7,1,1,1,seventh,1,1,1
8QBO1Y2E28IT1SI4F,Hybrid,2016-07-15T11:45:46.7954248Z,97,241,35,4,35,28,15192,Sammamish,94,0,0,0,third,0,0,0
6T0O5Z7VOY50QHOWJ,Coupe,2016-07-15T11:45:48.6059266Z,39,47,69,1,40,34,117114,Bellevue,79,1,1,1,fourth,1,1,1
MMDVFIYYSSGJFJJ5W,Large SUV,2016-07-15T11:45:47.4032254Z,25,232,100,32,50,50,84640,Redmond,4,0,0,0,eight,0,0,0
T3RJWEV3SD0WIUN3P,Compact Car,2016-07-15T11:45:48.0011563Z,0,104,81,19,47,45,78290,Redmond,32,1,1,1,seventh,1,1,1
N6553HYWRN6NDRNFJ,Family Saloon,2016-07-15T11:45:49.2060811Z,19,404,30,31,34,26,57084,Sammamish,4,1,1,1,third,1,1,1
DETPST38DZY7DXE21,Sedan,2016-07-15T11:45:49.8086150Z,48,29,96,28,50,49,153565,Redmond,65,1,1,1,eight,1,1,1
HPLYNQIG3DUS4IDMU,Large SUV,2016-07-15T11:45:50.4404597Z,0,484,68,29,40,34,35519,Bellevue,7,1,1,1,fourth,1,1,1
QFRHPLBULSM9P8YNE,Large SUV,2016-07-15T11:45:51.0139376Z,8,190,65,33,39,33,19794,Bellevue,94,1,1,1,fourth,1,1,1
867YUK8IEP58K3AF9,Family Saloon,2016-07-15T11:45:51.6470012Z,7,65,95,27,50,49,30350,Redmond,26,1,1,1,eight,1,1,1
IGKUFXD749WZ9I9H3,Convertible,2016-07-15T11:45:52.2146773Z,86,194,95,27,49,48,143427,Bellevue,88,1,1,1,eight,1,1,1
SQSIB68X78OIIP7KK,Station Wagon,2016-07-15T11:45:53.3481029Z,85,120,66,22,29,23,116316,Seattle,39,0,0,0,sixth,0,0,0
Z5Y638ZJHBO7U8HC9,Medium SUV,2016-07-15T11:45:52.7707133Z,50,484,70,16,31,25,119047,Seattle,93,1,1,1,sixth,1,1,1
5Y2AFXBO6REN32VW6,Hybrid,2016-07-15T11:45:53.9411834Z,73,107,96,0,50,49,132353,Redmond,50,0,0,0,eight,0,0,0
9UKLP6R8LBP4K4AO7,Family Saloon,2016-07-15T11:45:54.5046288Z,56,47,59,34,25,18,186838,Seattle,20,0,0,0,fifth,0,0,0
15988MVOB4GGLTYYA,Coupe,2016-07-15T11:45:55.0846785Z,53,167,55,31,23,16,30280,Seattle,90,0,0,0,fifth,0,0,0
DFL9T1LD6ODPKMG66,Small SUV,2016-07-15T11:45:55.6674569Z,22,141,92,3,48,46,121373,Bellevue,67,0,0,0,seventh,0,0,0
2N1JUAYU3QCRH6RGQ,Sedan,2016-07-15T11:45:56.3335081Z,95,242,58,17,24,18,170490,Seattle,24,1,1,1,fifth,1,1,1
XAGGBPFZJML25YOIS,Hybrid,2016-07-15T11:45:58.0462085Z,27,284,63,30,27,21,101271,Seattle,5,0,0,0,fifth,0,0,0
0TRTC0ZNZP8VJY56Y,Small SUV,2016-07-15T11:45:57.4915249Z,55,102,100,35,50,50,53362,Redmond,14,0,0,0,eight,0,0,0
50EB0CGUWW1DW8AWB,Sedan,2016-07-15T11:45:56.9209664Z,31,248,94,29,48,47,64761,Bellevue,41,1,1,1,seventh,1,1,1
67ED8S2RBB24L4HHU,Compact Car,2016-07-15T11:45:58.6674310Z,18,352,14,13,26,17,57628,Redmond,35,0,0,0,first,0,0,0
PPMZZUHU269M8SGTV,Sedan,2016-07-15T11:45:59.3396128Z,26,66,43,21,30,21,181192,Bellevue,70,1,1,1,second,1,1,1
DP2KIGD78KP1PG79T,Coupe,2016-07-15T11:46:00.4862972Z,17,106,31,36,34,26,148556,Sammamish,59,1,1,1,third,1,1,1
TSH5CTQ742NK69LT0,Family Saloon,2016-07-15T11:45:59.8972901Z,97,357,96,34,50,49,32400,Redmond,62,1,1,1,eight,1,1,1
3P6UVKIXB1C2ZFA5Y,Large SUV,2016-07-15T11:46:01.1681551Z,38,479,42,5,30,21,60578,Bellevue,33,0,0,0,second,0,0,0
C356PIURZ6T95DCP0,Sedan,2016-07-15T11:46:01.7640941Z,34,224,71,17,41,35,168972,Bellevue,66,0,0,0,fourth,0,0,0
9JQ1ITZKRYJWJPYNU,Family Saloon,2016-07-15T11:46:02.9074754Z,51,323,62,19,26,20,172999,Seattle,29,1,1,1,fifth,1,1,1
CZPJSPN97CYCL9XA7,Large SUV,2016-07-15T11:46:02.3245219Z,36,11,12,5,25,16,126125,Redmond,5,0,0,0,first,0,0,0
FXQT46XYLVDW3HK4B,Family Saloon,2016-07-15T11:46:03.4739696Z,93,55,43,37,30,22,10680,Bellevue,33,1,1,1,second,1,1,1
4T7A3SZAO29DS27YA,Large SUV,2016-07-15T11:46:04.0299119Z,67,223,35,4,35,28,128939,Sammamish,90,0,0,0,third,0,0,0
62IIQEFV1OLJ4ZXX4,Sedan,2016-07-15T11:46:08.9875182Z,59,64,95,2,49,47,63174,Bellevue,79,1,1,1,eight,1,1,1
XW7I2BG0TT2NQHGKH,Medium SUV,2016-07-15T11:46:04.6334502Z,97,481,13,31,26,16,86692,Redmond,55,0,0,0,first,0,0,0
WHKXGTB6E8UDMILTE,Family Saloon,2016-07-15T11:46:09.5588163Z,56,272,92,6,48,46,128727,Bellevue,23,1,1,1,seventh,1,1,1
F2FV0OSR37S4AZJ8E,Family Saloon,2016-07-15T11:46:10.1867382Z,19,257,60,26,37,30,139903,Bellevue,37,1,1,1,third,1,1,1
CV1U309RLIH6HDXT1,Family Saloon,2016-07-15T11:46:11.3736528Z,43,359,70,4,40,35,148458,Bellevue,65,1,1,1,fourth,1,1,1
KFJUVG6XG3K6JE4A1,Sedan,2016-07-15T11:46:10.7552855Z,16,147,97,4,50,50,116872,Redmond,16,1,1,1,eight,1,1,1
WTXY1OCOXVUIJNT3U,Sedan,2016-07-15T11:46:12.0073295Z,48,38,100,3,50,50,48494,Redmond,27,0,0,0,eight,0,0,0
SPC2R8IRDA7BLB1FU,Hybrid,2016-07-15T11:46:12.5897537Z,38,308,35,12,36,28,69319,Sammamish,48,0,0,0,third,0,0,0
L885K7ANA1C3HTLS7,Family Saloon,2016-07-15T11:46:13.1567797Z,68,16,67,8,39,33,30797,Bellevue,44,1,1,1,fourth,1,1,1
OUN7EI44LUO1LDOYP,Coupe,2016-07-15T11:46:13.7230935Z,73,137,6,23,1,0,115203,Seattle,27,1,1,1,first,1,1,1
X65C737O1NA57YLF7,Sedan,2016-07-15T11:46:14.2814365Z,13,3,41,38,30,21,167510,Bellevue,88,0,0,0,second,0,0,0
4ZLVO4S8I3N1C658C,Sedan,2016-07-15T11:46:14.9441907Z,48,412,94,35,49,47,12100,Bellevue,16,1,1,1,eight,1,1,1
T3BUSHP1HDMCX0MS0,Family Saloon,2016-07-15T11:46:16.1119638Z,91,407,19,32,29,20,66199,Redmond,89,1,1,1,second,1,1,1
O5R1PH70RV82A3E4N,Sports Car,2016-07-15T11:46:15.5382061Z,86,476,45,9,31,22,100177,Bellevue,31,1,1,1,second,1,1,1
YQ1RUJV3ULTUWBIFU,Compact Car,2016-07-15T11:46:16.6947040Z,0,138,15,10,27,18,144950,Redmond,0,1,1,1,second,1,1,1
0MP9H5D59IO6GYA8A,Sedan,2016-07-15T11:46:17.2540013Z,50,452,76,32,34,29,165295,Seattle,10,0,0,0,sixth,0,0,0
BLEXXTRIUE45V1YEW,Sedan,2016-07-15T11:46:18.3623982Z,89,313,65,34,28,22,11940,Seattle,29,1,1,1,fifth,1,1,1
J2TF89KWJKIYBN9X3,Sedan,2016-07-15T11:46:17.8063211Z,20,271,71,29,41,35,46437,Bellevue,86,0,0,0,fourth,0,0,0
FGC7CSYEXLMQWVU7L,Sports Car,2016-07-15T11:46:18.9220406Z,14,116,47,38,32,24,167390,Bellevue,66,1,1,1,second,1,1,1
28QUWYJILHJOE1383,Small SUV,2016-07-15T11:46:20.0801762Z,81,379,18,32,28,19,101556,Redmond,55,1,1,1,second,1,1,1
YC2KWJTZQKGSCVK1S,Hybrid,2016-07-15T11:46:19.4983187Z,45,403,43,4,30,22,164842,Bellevue,83,1,1,1,second,1,1,1
N7LZX6TOP0VR1Q61M,Family Saloon,2016-07-15T11:46:20.6585278Z,35,18,66,33,29,23,195283,Seattle,29,0,0,0,sixth,0,0,0
U47UODGUYTMJSGS21,Compact Car,2016-07-15T11:46:21.2020682Z,2,339,94,38,49,47,29890,Bellevue,43,0,0,0,eight,0,0,0
2SWBNJ06KLKM6Z25U,Compact Car,2016-07-15T11:46:23.0004231Z,15,189,70,28,31,26,24815,Seattle,42,0,0,0,sixth,0,0,0
5CLJMWNZJHNI36YWH,Family Saloon,2016-07-15T11:46:22.3840329Z,42,333,19,9,29,20,69287,Redmond,37,0,0,0,second,0,0,0
LCP4X3Y98H1H63LOA,Station Wagon,2016-07-15T11:46:21.7690621Z,26,470,0,39,0,0,154867,Seattle,57,1,1,1,first,1,1,1
S5IPMWQCM63VARAJ0,Family Saloon,2016-07-15T11:46:23.5749871Z,84,195,67,2,29,23,122541,Seattle,70,0,0,0,sixth,0,0,0
6M6CJ6H695PNZXZO4,Sports Car,2016-07-15T11:46:24.1432439Z,64,86,79,37,47,44,36480,Redmond,81,1,1,1,seventh,1,1,1
XI68L5L66VFNR3PHG,Small SUV,2016-07-15T11:46:24.9292733Z,50,151,80,15,47,44,168237,Redmond,55,0,0,0,seventh,0,0,0
DCMEH3MLHBNHV9H1U,Station Wagon,2016-07-15T11:46:25.5243481Z,62,18,12,7,25,15,8146,Redmond,8,0,0,0,first,0,0,0
D65SJ77WAJ6JAQYNW,Small SUV,2016-07-15T11:46:26.1919942Z,1,2,41,26,29,20,110826,Bellevue,82,1,1,1,second,1,1,1
9SZXNRNTP4ZA1QFCU,Family Saloon,2016-07-15T11:46:27.9183721Z,84,120,7,34,1,0,50394,Seattle,83,0,0,0,first,0,0,0
1EXU6S978JMN2FSPR,Sedan,2016-07-15T11:46:27.3298014Z,19,326,76,9,35,30,146477,Seattle,12,0,0,0,sixth,0,0,0
2EDRB3PWNFWB7URJZ,Medium SUV,2016-07-15T11:46:26.7583561Z,6,449,79,10,47,44,169073,Redmond,30,0,0,0,seventh,0,0,0
SYZNGBRKG9Y3JBTTD,Sports Car,2016-07-15T11:46:28.4935258Z,92,157,42,32,30,21,161988,Bellevue,50,0,0,0,second,0,0,0
XMGM2J86170557T64,Coupe,2016-07-15T11:46:29.0484202Z,92,401,80,12,47,45,35938,Redmond,59,1,1,1,seventh,1,1,1
QRHOA13BP717DY9P9,Large SUV,2016-07-15T11:46:29.6495495Z,59,45,12,14,25,16,3668,Redmond,11,1,1,1,first,1,1,1
V8OI3ZVA98LISI2EB,Hybrid,2016-07-15T11:46:30.2345799Z,73,330,65,39,39,33,66701,Bellevue,64,1,1,1,fourth,1,1,1
H066GOGT0UKOH9DRW,Family Saloon,2016-07-15T11:46:30.8210733Z,66,444,62,36,38,31,155808,Bellevue,20,1,1,1,fourth,1,1,1
E5PCKW20A3KT17B3Y,Family Saloon,2016-07-15T11:46:31.4075108Z,3,382,73,6,33,28,118726,Seattle,63,1,1,1,sixth,1,1,1
ZJD3ZTURWWQSR5AUM,Family Saloon,2016-07-15T11:46:32.6078991Z,73,9,43,2,30,21,105360,Bellevue,14,1,1,1,second,1,1,1
CN5ZSD24Q30Z04MMV,Small SUV,2016-07-15T11:46:32.0344997Z,9,129,47,15,32,23,174139,Bellevue,92,1,1,1,second,1,1,1
89TKX09LO2TMOQ5ZZ,Compact Car,2016-07-15T11:46:33.1617558Z,5,411,96,5,50,49,187776,Redmond,52,1,1,1,eight,1,1,1
X7MUMNEC7K6AVZTA8,Sedan,2016-07-15T11:46:33.8301823Z,7,293,71,26,41,35,183284,Bellevue,14,0,0,0,fourth,0,0,0
NHQ1FJTC3J5G360Z9,Convertible,2016-07-15T11:46:34.4078913Z,47,71,99,24,50,50,92797,Redmond,14,1,1,1,eight,1,1,1
QY56Y1RBNXM0D0GL2,Sedan,2016-07-15T11:46:35.5711501Z,53,498,96,18,49,48,168971,Bellevue,92,1,1,1,eight,1,1,1
MDTLTXMPZFHB68HIY,Compact Car,2016-07-15T11:46:36.1411181Z,51,430,94,29,48,47,98713,Bellevue,59,1,1,1,seventh,1,1,1
QB1MQVQPONX9LVYG2,Station Wagon,2016-07-15T11:46:36.7038965Z,84,69,69,29,40,34,174004,Bellevue,72,1,1,1,fourth,1,1,1
KS8EL125HYA3EBP5E,Sports Car,2016-07-15T11:46:37.9300923Z,83,89,34,4,35,28,156303,Sammamish,39,1,1,1,third,1,1,1
PAF89NUFMEUN2E33W,Hybrid,2016-07-15T11:46:37.2959438Z,71,49,81,9,47,45,197616,Redmond,52,0,0,0,seventh,0,0,0
GK1TQP2R4XNK836X6,Small SUV,2016-07-15T11:46:38.8845729Z,90,135,42,35,30,21,45928,Bellevue,98,0,0,0,second,0,0,0
1AY5CKJ1H2N8XB48T,Hybrid,2016-07-15T11:46:39.4758070Z,57,103,71,35,41,35,54145,Bellevue,42,0,0,0,fourth,0,0,0
J4QRAZBXE9LYZMIBE,Compact Car,2016-07-15T11:46:40.1570801Z,43,289,94,39,49,49,9989,Redmond,6,1,1,1,eight,1,1,1
DC4UBCJ3K37YKLMLM,Compact Car,2016-07-15T11:46:40.8063412Z,86,304,32,16,34,26,44777,Sammamish,74,0,0,0,third,0,0,0
TBRA01B6HVUVAA72C,Coupe,2016-07-15T11:46:41.4224166Z,58,275,82,19,47,45,82139,Redmond,1,0,0,0,seventh,0,0,0
9YDN91JTCAJKZP7XS,Coupe,2016-07-15T11:46:42.0172917Z,74,368,14,18,26,17,192243,Redmond,59,0,0,0,first,0,0,0
42WLW7OQWZD8DGDB2,Station Wagon,2016-07-15T11:46:43.1807613Z,47,222,5,27,1,0,116911,Seattle,55,0,0,0,first,0,0,0
Y0SI23YVZ6RJPKJWO,Family Saloon,2016-07-15T11:46:42.5975218Z,74,308,10,6,2,0,120459,Seattle,29,0,0,0,first,0,0,0
6PCTH5DFWQIZCH60X,Sedan,2016-07-15T11:46:43.7359861Z,5,392,19,4,29,20,21251,Redmond,91,1,1,1,second,1,1,1
C1C6V78N2ER1OMW9L,Station Wagon,2016-07-15T11:46:44.3775950Z,36,338,55,20,23,16,166743,Seattle,64,0,0,0,fifth,0,0,0
AUXI4R5QAUOR2BL9M,Hybrid,2016-07-15T11:46:44.9598330Z,66,84,69,7,40,35,31335,Bellevue,52,0,0,0,fourth,0,0,0
B47HPE56L20VWWA8D,Hybrid,2016-07-15T11:46:45.5294956Z,19,238,97,39,50,50,132280,Redmond,30,1,1,1,eight,1,1,1
GZY584XG2MOLLQHJE,Hybrid,2016-07-15T11:46:46.1187313Z,85,132,94,12,49,49,179283,Redmond,74,1,1,1,eight,1,1,1
I62N3GSUQPR4PWPSO,Small SUV,2016-07-15T11:46:46.6859578Z,36,499,95,0,49,48,106647,Bellevue,35,1,1,1,eight,1,1,1
CN63TTDVNWC7I5TKT,Sedan,2016-07-15T11:46:47.8485603Z,80,455,83,38,47,45,143078,Redmond,93,0,0,0,seventh,0,0,0
VI4IS9NCX3XERQF73,Coupe,2016-07-15T11:46:47.2823349Z,63,318,45,32,31,23,136822,Bellevue,59,1,1,1,second,1,1,1
JVBSIRUIUUIRT2Z3A,Large SUV,2016-07-15T11:46:48.4266194Z,32,160,80,36,47,44,198630,Redmond,39,0,0,0,seventh,0,0,0
SDAGYHT0D9ACO185Q,Family Saloon,2016-07-15T11:46:49.0226340Z,95,198,11,19,24,15,131313,Redmond,25,0,0,0,first,0,0,0
KFOL1QPEFEAAUCB7Y,Family Saloon,2016-07-15T11:46:49.6028691Z,46,232,7,37,1,0,43907,Seattle,46,0,0,0,first,0,0,0
WN856M4X4GGOXYBQO,Family Saloon,2016-07-15T11:46:50.1780976Z,43,67,2,32,0,0,194063,Seattle,52,0,0,0,first,0,0,0
I9ZRG202WEW4TLGHW,Sports Car,2016-07-15T11:46:50.7491361Z,86,254,99,35,50,50,14560,Redmond,85,0,0,0,eight,0,0,0
FPXG9S4YV91C6QBWC,Family Saloon,2016-07-15T11:46:51.3125724Z,48,70,13,13,25,16,39307,Redmond,57,1,1,1,first,1,1,1
7J2DR2D0E8GV2015L,Sports Car,2016-07-15T11:46:52.4618438Z,74,488,70,15,31,25,34910,Seattle,21,1,1,1,sixth,1,1,1
V9O260QC7JT0ZCCG7,Station Wagon,2016-07-15T11:46:51.8829270Z,38,186,73,24,33,28,185306,Seattle,57,1,1,1,sixth,1,1,1
ZP9EJ1VLYOUQ6ENN2,Small SUV,2016-07-15T11:46:53.0861189Z,98,292,43,17,30,21,64869,Bellevue,28,1,1,1,second,1,1,1
LUIOT0A7289LM1YAG,Coupe,2016-07-15T11:46:53.6459331Z,30,176,35,31,35,28,5344,Sammamish,13,1,1,1,third,1,1,1
JSDIXWR4J6UKQ0BZ7,Large SUV,2016-07-15T11:46:54.8171010Z,31,134,63,35,27,20,101833,Seattle,83,0,0,0,fifth,0,0,0
7VWASYQF84U8AH9BT,Family Saloon,2016-07-15T11:46:54.2296588Z,19,441,31,21,34,26,17187,Sammamish,17,0,0,0,third,0,0,0
5PDU8WYEFFGO40HHC,Coupe,2016-07-15T11:46:55.4304975Z,3,254,77,22,36,31,172296,Seattle,22,1,1,1,sixth,1,1,1
DT5D2VXCZ26L40PL9,Hybrid,2016-07-15T11:46:56.6984510Z,94,78,17,34,28,19,106797,Redmond,89,0,0,0,second,0,0,0
9LMNZTZ3VQBQ04938,Compact Car,2016-07-15T11:46:56.0259672Z,50,343,9,11,2,0,148491,Seattle,9,1,1,1,first,1,1,1
HBNOSQYQ5IPQ8XY2A,Hybrid,2016-07-15T11:46:57.2829131Z,62,179,68,9,40,34,144656,Bellevue,72,1,1,1,fourth,1,1,1
AS0BVJLCQ9ME98050,Compact Car,2016-07-15T11:46:57.8416658Z,41,330,8,32,1,0,55314,Seattle,85,1,1,1,first,1,1,1
L77SNNI7JXLQ5A5JZ,Family Saloon,2016-07-15T11:46:58.4245951Z,24,236,3,30,0,0,69724,Seattle,28,1,1,1,first,1,1,1
D2AQGQMJLQT6SOUX7,Compact Car,2016-07-15T11:46:59.0024762Z,24,221,99,5,50,50,50425,Redmond,52,1,1,1,eight,1,1,1
6KLXKPHA41IHKV4UM,Sports Car,2016-07-15T11:46:59.5738619Z,59,227,14,31,26,17,53469,Redmond,13,0,0,0,first,0,0,0
BTQDYNLSULF1I6XSY,Large SUV,2016-07-15T11:47:00.1352115Z,25,391,74,15,34,28,134741,Seattle,88,0,0,0,sixth,0,0,0
I3640KZ61PVEGDJ40,Compact Car,2016-07-15T11:47:00.7226895Z,85,158,5,31,0,0,172654,Seattle,44,0,0,0,first,0,0,0
TDF88C6X7MH74ST8V,Family Saloon,2016-07-15T11:47:01.3238525Z,74,113,60,33,37,30,68296,Bellevue,50,0,0,0,third,0,0,0
65KNI52PK6YHIPOQR,Sports Car,2016-07-15T11:47:01.8887925Z,52,300,36,34,36,28,17426,Sammamish,29,0,0,0,third,0,0,0
BC4DUPHLLZFJWZ94S,Sedan,2016-07-15T11:47:02.4783758Z,8,186,32,33,34,27,159458,Sammamish,12,1,1,1,third,1,1,1
CXTGK0U1UABA36WQ7,Coupe,2016-07-15T11:47:03.0968841Z,90,74,82,20,47,45,157067,Redmond,2,0,0,0,seventh,0,0,0
VXE1D06K67MWOWEJ3,Hybrid,2016-07-15T11:47:03.7127051Z,57,283,96,23,50,49,55360,Redmond,49,0,0,0,eight,0,0,0
Z1QWX9QICZU6B85Y1,Small SUV,2016-07-15T11:47:04.3056903Z,99,188,31,39,34,26,113361,Sammamish,50,0,0,0,third,0,0,0
E5O5SNEUDU7NA1B9L,Hybrid,2016-07-15T11:47:04.8615327Z,61,126,63,38,38,32,34550,Bellevue,74,0,0,0,fourth,0,0,0
9ZIVW51IZ2TFE79EO,Sedan,2016-07-15T11:47:05.4150060Z,14,81,20,19,29,20,185825,Redmond,58,1,1,1,second,1,1,1
UIAQJJGC5N2RE7ZJ7,Sedan,2016-07-15T11:47:05.9784157Z,63,28,79,7,47,44,101138,Redmond,96,1,1,1,seventh,1,1,1
Y7A7181PZ27VTPN7E,Large SUV,2016-07-15T11:47:06.5666165Z,3,479,11,8,24,15,150537,Redmond,77,1,1,1,first,1,1,1
AQ4312HPF4LE4RC34,Hybrid,2016-07-15T11:47:07.4487674Z,3,122,46,4,32,23,180880,Bellevue,9,0,0,0,second,0,0,0
IPUVOGCFK63T671XN,Small SUV,2016-07-15T11:47:08.0832176Z,45,261,60,34,25,19,108341,Seattle,18,1,1,1,fifth,1,1,1
0S9C0MWP3GNOUTFXG,Sedan,2016-07-15T11:47:09.2519346Z,58,320,92,39,48,46,15220,Bellevue,63,1,1,1,seventh,1,1,1
8R0DM9KX7UJSL4Y8I,Station Wagon,2016-07-15T11:47:08.6420571Z,31,365,72,16,32,27,198030,Seattle,64,1,1,1,sixth,1,1,1
JVWRQPV86UH08TPRD,Coupe,2016-07-15T11:47:09.8383335Z,78,243,83,16,47,45,139804,Redmond,52,1,1,1,seventh,1,1,1
RRWO5W56S7ANXUCP2,Large SUV,2016-07-15T11:47:10.7686018Z,9,431,92,19,48,46,4238,Bellevue,14,1,1,1,seventh,1,1,1
M85UTNAYSTVHKMWFU,Large SUV,2016-07-15T11:47:11.3238291Z,42,119,64,2,28,22,114213,Seattle,47,1,1,1,fifth,1,1,1
R32L45Y45CXJ1832L,Sports Car,2016-07-15T11:47:11.9046370Z,64,47,94,34,49,49,61823,Redmond,18,0,0,0,eight,0,0,0
41BI6I6OYO5383AWX,Coupe,2016-07-15T11:47:12.4781403Z,89,24,57,12,23,17,67578,Seattle,16,0,0,0,fifth,0,0,0
L4FD2S6N5GC7OD7RX,Compact Car,2016-07-15T11:47:13.0616046Z,94,477,93,24,48,47,133478,Bellevue,12,0,0,0,seventh,0,0,0
2LF8RZUJ50CNYRIA1,Hybrid,2016-07-15T11:47:14.2119654Z,39,149,65,23,39,33,180139,Bellevue,56,0,0,0,fourth,0,0,0
ICN1X653IG2RPNX9E,Sedan,2016-07-15T11:47:13.6414690Z,50,376,84,39,47,46,63154,Redmond,44,0,0,0,seventh,0,0,0
BE12LX8USDHI7VDV3,Hybrid,2016-07-15T11:47:14.7956451Z,79,8,76,6,35,30,184226,Seattle,42,0,0,0,sixth,0,0,0
1P5E9S2K8QTE69OY7,Large SUV,2016-07-15T11:47:15.3688948Z,56,236,93,12,48,47,37337,Bellevue,80,1,1,1,seventh,1,1,1
QPREOSKT6AG61RJB4,Station Wagon,2016-07-15T11:47:15.9788480Z,23,377,3,27,0,0,70641,Seattle,7,1,1,1,first,1,1,1
T2OG788FMQZNQGVS2,Hybrid,2016-07-15T11:47:16.5403105Z,89,380,18,4,28,19,92604,Redmond,7,1,1,1,second,1,1,1
EW344IUD7JPRY214V,Medium SUV,2016-07-15T11:47:17.1003894Z,6,165,78,25,46,44,110958,Redmond,91,0,0,0,seventh,0,0,0
J9FYDB7VPWZAKS64U,Family Saloon,2016-07-15T11:47:17.6627458Z,64,497,94,19,49,47,183182,Bellevue,54,0,0,0,eight,0,0,0
STAREPD1GP66RVVB4,Coupe,2016-07-15T11:47:18.9944574Z,30,156,69,37,30,24,102698,Seattle,8,0,0,0,sixth,0,0,0
CRU1AL0J93AONKXRO,Station Wagon,2016-07-15T11:47:18.2438143Z,96,14,92,21,48,46,12431,Bellevue,10,0,0,0,seventh,0,0,0
02A4VBC72FW0DP0E5,Sedan,2016-07-15T11:47:19.5775198Z,62,21,68,9,40,34,80299,Bellevue,0,0,0,0,fourth,0,0,0
NVNG05XYKWTYHUP05,Convertible,2016-07-15T11:47:20.1584572Z,28,165,95,37,50,49,87756,Redmond,85,0,0,0,eight,0,0,0
WX401NYKM13Y49F2Z,Hybrid,2016-07-15T11:47:20.7304059Z,89,4,58,22,24,18,82586,Seattle,54,1,1,1,fifth,1,1,1
RYFCZU8IOYNJ8YUY5,Sedan,2016-07-15T11:47:21.3152378Z,99,157,93,8,48,47,109984,Bellevue,38,1,1,1,seventh,1,1,1
96E454V8GFVILTWSS,Family Saloon,2016-07-15T11:47:21.9415339Z,66,416,62,26,38,31,93443,Bellevue,15,0,0,0,fourth,0,0,0
4HYIIIKGD06F408T5,Family Saloon,2016-07-15T11:47:22.5575116Z,77,277,57,9,24,17,191188,Seattle,93,0,0,0,fifth,0,0,0
R2ENORLBCSEJ8X371,Coupe,2016-07-15T11:47:23.7461678Z,20,262,42,7,30,21,85636,Bellevue,16,0,0,0,second,0,0,0
Z0IM6DKQWTCN86HZE,Hybrid,2016-07-15T11:47:23.1515142Z,66,119,93,39,48,47,137072,Bellevue,63,0,0,0,seventh,0,0,0
JSMODE77LND1A80LI,Large SUV,2016-07-15T11:47:24.3073291Z,9,446,80,30,47,45,28361,Redmond,51,1,1,1,seventh,1,1,1
MV9IRF1YD2M42M0L1,Coupe,2016-07-15T11:47:25.6310581Z,14,408,60,6,25,19,37979,Seattle,66,1,1,1,fifth,1,1,1
RM5XA9QXX8F5KMQHJ,Sports Car,2016-07-15T11:47:24.8697689Z,47,35,96,26,49,48,36808,Bellevue,74,1,1,1,eight,1,1,1
T5STQRD0H5ZA9F1BL,Station Wagon,2016-07-15T11:47:26.2343017Z,85,469,49,3,33,25,137739,Bellevue,75,1,1,1,second,1,1,1
NX769PF4C6TQ2VP2C,Sports Car,2016-07-15T11:47:26.8139943Z,81,154,45,27,31,22,199860,Bellevue,34,1,1,1,second,1,1,1
0S9C0MWP3GNOUTFXG,Sedan,2016-07-15T11:47:27.3976764Z,86,116,19,26,29,20,113061,Redmond,37,1,1,1,second,1,1,1
I4X6MT76DGHEGX91H,Hybrid,2016-07-15T11:47:28.5391562Z,21,238,29,19,33,25,163929,Sammamish,54,0,0,0,third,0,0,0
JZ14FU66EW0UYIAO8,Coupe,2016-07-15T11:47:27.9747845Z,98,317,15,1,27,18,95588,Redmond,47,1,1,1,second,1,1,1
GWDEMZ6RQJICG899Q,Family Saloon,2016-07-15T11:47:29.1043543Z,3,5,93,34,48,47,175568,Bellevue,57,0,0,0,seventh,0,0,0
T5SR1DM2L0OJTOK92,Medium SUV,2016-07-15T11:47:29.6930290Z,1,200,42,5,30,21,92639,Bellevue,32,0,0,0,second,0,0,0
2H43TCEQVDXDVVLVZ,Coupe,2016-07-15T11:47:30.8708049Z,50,288,68,17,40,34,181410,Bellevue,20,0,0,0,fourth,0,0,0
I39EL0PMLW1MOZL48,Large SUV,2016-07-15T11:47:30.2708201Z,8,240,16,28,28,18,158078,Redmond,31,0,0,0,second,0,0,0
DVLBK8JHO9IDPNVZB,Hybrid,2016-07-15T11:47:31.4615606Z,26,186,29,18,33,25,43026,Sammamish,47,0,0,0,third,0,0,0
8A9IV3OLVSUTSKGIV,Family Saloon,2016-07-15T11:47:32.0357129Z,80,498,77,30,35,30,174057,Seattle,95,0,0,0,sixth,0,0,0
ISPEFG308JI7BHINJ,Hybrid,2016-07-15T11:47:32.6045532Z,0,494,59,26,36,29,87864,Bellevue,54,1,1,1,third,1,1,1
46AW2QAOLGED7QYZB,Family Saloon,2016-07-15T11:47:33.1881395Z,12,262,69,12,31,25,164935,Seattle,39,1,1,1,sixth,1,1,1
RE3H6NCIU8IR505WH,Medium SUV,2016-07-15T11:47:33.7448790Z,13,213,66,6,39,33,198441,Bellevue,31,0,0,0,fourth,0,0,0
G9DWY8PX967VA4723,Large SUV,2016-07-15T11:47:34.3239482Z,37,66,63,32,38,31,166828,Bellevue,61,0,0,0,fourth,0,0,0
S5OTDV01RJZTT9IK5,Sedan,2016-07-15T11:47:35.6055801Z,44,107,65,20,28,22,77282,Seattle,78,0,0,0,fifth,0,0,0
5CQKGWKI1651A0KV7,Sports Car,2016-07-15T11:47:34.9243407Z,76,400,58,37,24,18,173362,Seattle,65,1,1,1,fifth,1,1,1
45GA52ZX5J1FZOAOQ,Sports Car,2016-07-15T11:47:36.1982316Z,85,32,95,1,50,49,93115,Redmond,78,0,0,0,eight,0,0,0
5MTI6MP4FJDQU85C0,Family Saloon,2016-07-15T11:47:36.7725864Z,71,218,95,39,49,48,93613,Bellevue,7,1,1,1,eight,1,1,1
P2K7SAYWZFRNSEVGC,Medium SUV,2016-07-15T11:47:37.3548281Z,11,406,93,27,48,47,160190,Bellevue,49,1,1,1,seventh,1,1,1
W8JIAU6EV38VRX0DC,Family Saloon,2016-07-15T11:47:37.9347455Z,52,83,84,14,48,46,90168,Redmond,67,1,1,1,seventh,1,1,1
FIZ97QW0P544JUV2F,Small SUV,2016-07-15T11:47:38.5096230Z,4,129,81,34,47,45,196369,Redmond,38,1,1,1,seventh,1,1,1
RGBKBUR5PY0XTFUYR,Family Saloon,2016-07-15T11:47:40.3329361Z,22,148,80,28,47,45,176984,Redmond,75,1,1,1,seventh,1,1,1
WHUB6J6SL2R3OJ8BP,Coupe,2016-07-15T11:47:39.7709800Z,93,453,42,14,30,21,26456,Bellevue,11,0,0,0,second,0,0,0
NQRSIXZF2KVL8SFU1,Coupe,2016-07-15T11:47:39.0736832Z,47,375,96,25,49,48,166413,Bellevue,14,0,0,0,eight,0,0,0
GGLPE87FHIMFAQ1VB,Coupe,2016-07-15T11:47:40.9011670Z,64,321,96,28,49,48,138848,Bellevue,85,1,1,1,eight,1,1,1
7FQYZBILAD3KY7J0N,Hybrid,2016-07-15T11:47:41.4802119Z,95,200,94,15,48,47,56061,Bellevue,42,1,1,1,seventh,1,1,1
H7AFZH4B6S1UUQQ2W,Sedan,2016-07-15T11:47:42.9805920Z,40,140,54,26,22,15,86186,Seattle,86,1,1,1,fifth,1,1,1
8XLM5ZAX2M3D5CR53,Hybrid,2016-07-15T11:47:42.1825946Z,80,368,16,2,27,18,160216,Redmond,99,0,0,0,second,0,0,0
J9KZNMK8QAE98BJ8M,Sedan,2016-07-15T11:47:43.5583922Z,47,197,69,2,40,34,39303,Bellevue,22,1,1,1,fourth,1,1,1
XM16YCC7CRJDW8PT8,Family Saloon,2016-07-15T11:47:44.1309278Z,2,80,66,20,39,33,4743,Bellevue,33,1,1,1,fourth,1,1,1
4BNGSOI0UWYV3AM5A,Station Wagon,2016-07-15T11:47:44.6950496Z,46,389,59,35,25,18,2678,Seattle,87,0,0,0,fifth,0,0,0
E4Q7RPYIZ93FQ01W1,Family Saloon,2016-07-15T11:47:45.2762668Z,86,328,55,19,23,16,165525,Seattle,32,0,0,0,fifth,0,0,0
V5EDBTK4MY40XCI3Y,Small SUV,2016-07-15T11:47:45.8461246Z,11,211,69,12,40,35,79851,Bellevue,47,0,0,0,fourth,0,0,0
PZ8XKMMOHG34MYDKW,Hybrid,2016-07-15T11:47:46.5084309Z,17,107,43,31,30,22,25617,Bellevue,21,1,1,1,second,1,1,1
WJVO2OFVVTYGIHFDJ,Hybrid,2016-07-15T11:47:47.6619716Z,1,393,67,16,29,23,64291,Seattle,33,0,0,0,sixth,0,0,0
VOM2WQKLIHIBA5PGX,Family Saloon,2016-07-15T11:47:47.1074043Z,57,378,55,7,22,16,2135,Seattle,25,0,0,0,fifth,0,0,0
QJJ8UCACA2NWEJJU5,Compact Car,2016-07-15T11:47:48.2577623Z,43,197,66,16,39,33,186775,Bellevue,56,0,0,0,fourth,0,0,0
0E5QAEMVCDAOZE81L,Family Saloon,2016-07-15T11:47:48.8779521Z,10,324,96,2,50,49,134816,Redmond,7,1,1,1,eight,1,1,1
8V8O0237BEFJSGU0I,Sedan,2016-07-15T11:47:49.4445149Z,7,312,9,27,2,0,6698,Seattle,85,0,0,0,first,0,0,0
7H44MSTH0YTYQH5KQ,Station Wagon,2016-07-15T11:47:49.9970394Z,95,166,92,22,48,46,85694,Bellevue,44,1,1,1,seventh,1,1,1
VRWLYRD3XW8XQ5PN6,Coupe,2016-07-15T11:47:50.5712890Z,56,425,82,16,47,45,45325,Redmond,80,1,1,1,seventh,1,1,1
Q3QUBKMVLWTO007G6,Family Saloon,2016-07-15T11:47:51.2146185Z,97,398,18,3,29,20,17658,Redmond,96,0,0,0,second,0,0,0
8HA856VBCV4VH9FWY,Coupe,2016-07-15T11:47:52.4084288Z,39,448,18,27,29,20,74652,Redmond,93,0,0,0,second,0,0,0
AW70NLMX8PV0LAS0C,Coupe,2016-07-15T11:47:51.8251914Z,6,118,92,25,48,46,114375,Bellevue,2,0,0,0,seventh,0,0,0
AD8U5CBBQZPO749K4,Station Wagon,2016-07-15T11:47:53.0652616Z,57,492,94,37,48,47,56004,Bellevue,36,1,1,1,seventh,1,1,1
BWADR3Y9RZ034T69R,Small SUV,2016-07-15T11:47:53.6521569Z,65,1,85,38,48,46,56843,Redmond,36,1,1,1,seventh,1,1,1
RC529M5D7YLXGXT7U,Convertible,2016-07-15T11:47:54.2112319Z,80,437,66,33,39,33,107298,Bellevue,69,0,0,0,fourth,0,0,0
85H2RMQWAUP9BVT3F,Large SUV,2016-07-15T11:47:54.7700677Z,71,494,59,26,25,18,120367,Seattle,96,0,0,0,fifth,0,0,0
I6PS8FTELJ9OQ2CVJ,Compact Car,2016-07-15T11:47:55.3399411Z,47,192,19,12,29,20,198332,Redmond,3,1,1,1,second,1,1,1
9ZU67V2TP8GTIKI3U,Sedan,2016-07-15T11:47:55.9069354Z,43,95,67,36,30,24,153615,Seattle,64,1,1,1,sixth,1,1,1
U4N7VZUGUY8HMEIE3,Sedan,2016-07-15T11:47:56.4774943Z,60,348,50,17,33,25,15397,Bellevue,43,1,1,1,second,1,1,1
S4PZS3G063YH2L0KY,Large SUV,2016-07-15T11:47:57.0382311Z,12,391,61,34,37,31,185160,Bellevue,76,0,0,0,third,0,0,0
CB3RI2UW96J2XY7O6,Sedan,2016-07-15T11:47:57.5980438Z,73,427,98,7,50,50,80317,Redmond,65,0,0,0,eight,0,0,0
PR6OW16W0J1332XNI,Compact Car,2016-07-15T11:47:58.1648088Z,97,487,12,0,25,16,63205,Redmond,80,1,1,1,first,1,1,1
H02QTVWC2PKXJEX6K,Convertible,2016-07-15T11:47:58.8722753Z,69,330,61,38,37,30,81913,Bellevue,84,1,1,1,third,1,1,1
RUO2ZFES9YUIJDXRG,Sedan,2016-07-15T11:47:59.4416141Z,80,19,37,9,36,29,2752,Sammamish,93,1,1,1,third,1,1,1
8Y5QKG27QET1RBK7I,Large SUV,2016-07-15T11:48:00.1182722Z,84,320,63,22,38,32,138876,Bellevue,47,0,0,0,fourth,0,0,0
O1NWZUDN720THHPDX,Station Wagon,2016-07-15T11:48:00.6845454Z,74,275,0,24,0,0,31422,Seattle,26,1,1,1,first,1,1,1
AVI3LCFC6WK8K4EMU,Coupe,2016-07-15T11:48:01.8498864Z,80,143,32,35,34,27,90775,Sammamish,37,1,1,1,third,1,1,1
E6BS9CXTX2KQ5STIM,Small SUV,2016-07-15T11:48:01.2417226Z,34,18,15,21,27,18,194193,Redmond,79,1,1,1,second,1,1,1
C5VGJ7YJSB6TZK31T,Sedan,2016-07-15T11:48:02.4130738Z,99,359,64,37,38,32,137644,Bellevue,12,1,1,1,fourth,1,1,1
6WBGQ85RXT2YDTPVP,Station Wagon,2016-07-15T11:48:03.7790399Z,39,139,62,20,38,31,167378,Bellevue,56,1,1,1,fourth,1,1,1
XNRKBVMNWWI9E6AGM,Hybrid,2016-07-15T11:48:03.2006726Z,92,358,65,36,39,33,39607,Bellevue,55,1,1,1,fourth,1,1,1
X8XUF05LXV236UCFV,Sedan,2016-07-15T11:48:04.3405941Z,35,271,99,16,50,50,157038,Redmond,6,1,1,1,eight,1,1,1
7784RV2JE0K9HZ76Y,Hybrid,2016-07-15T11:48:04.9189930Z,64,415,69,9,40,35,110294,Bellevue,20,0,0,0,fourth,0,0,0
TMON0VR20HEF3CYN0,Coupe,2016-07-15T11:48:05.4951766Z,10,195,66,10,39,33,155427,Bellevue,69,0,0,0,fourth,0,0,0
RR519YJHRLTR041H5,Medium SUV,2016-07-15T11:48:06.7469971Z,25,72,68,19,40,34,104256,Bellevue,57,1,1,1,fourth,1,1,1
OIJ4E5R6SD3CJOQBK,Hybrid,2016-07-15T11:48:06.2005053Z,24,30,73,17,33,27,179213,Seattle,23,0,0,0,sixth,0,0,0
EQX6P494E4I8HNPD5,Sedan,2016-07-15T11:48:07.3725888Z,17,484,99,28,50,50,127795,Redmond,9,1,1,1,eight,1,1,1
1MIX9G87AI6OYU14E,Family Saloon,2016-07-15T11:48:08.5259631Z,47,186,96,20,49,48,55162,Bellevue,8,1,1,1,eight,1,1,1
6S9LOZ2ZBBPDV8DJG,Hybrid,2016-07-15T11:48:07.9402994Z,37,105,95,26,50,49,26042,Redmond,4,1,1,1,eight,1,1,1
6ZJ668J7QRCS2C3Q1,Sedan,2016-07-15T11:48:09.1006866Z,75,307,94,23,48,47,149351,Bellevue,59,1,1,1,seventh,1,1,1
1CDZGCI08LHVZ9R6X,Hybrid,2016-07-15T11:48:09.6615553Z,82,231,100,12,50,50,171443,Redmond,52,0,0,0,eight,0,0,0
ZHQZGU4RDY4J2EXWC,Coupe,2016-07-15T11:48:10.2455263Z,32,60,96,10,50,49,146417,Redmond,37,0,0,0,eight,0,0,0
GUZPSIY96ALDXNWH4,Sedan,2016-07-15T11:48:11.3773805Z,10,56,55,0,23,16,27206,Seattle,41,0,0,0,fifth,0,0,0
QZ39PWMWU9F813DUL,Convertible,2016-07-15T11:48:10.8071314Z,92,235,59,11,25,18,85814,Seattle,40,0,0,0,fifth,0,0,0
RA7HUAC6YORCSEOC1,Medium SUV,2016-07-15T11:48:11.9511628Z,3,492,68,2,30,24,63546,Seattle,77,1,1,1,sixth,1,1,1
BUQH57IJGA6K0951A,Sedan,2016-07-15T11:48:12.6124647Z,93,213,74,15,34,28,43377,Seattle,81,0,0,0,sixth,0,0,0
Z713DU4BINI799FPF,Sedan,2016-07-15T11:48:13.8254646Z,3,373,44,39,31,22,54252,Bellevue,35,0,0,0,second,0,0,0
4LVQG6JEUZUUYJA7Q,Large SUV,2016-07-15T11:48:13.2239462Z,52,258,94,27,48,47,146697,Bellevue,80,0,0,0,seventh,0,0,0
YTZ81T0DZ951HM1IR,Family Saloon,2016-07-15T11:48:14.4009981Z,86,160,18,8,29,20,18958,Redmond,64,0,0,0,second,0,0,0
XDXC6HV0KMJ0VCR1R,Hybrid,2016-07-15T11:48:14.9976879Z,48,344,69,1,40,35,89850,Bellevue,82,0,0,0,fourth,0,0,0
1V3T6Z3OY3PKKJ9W3,Station Wagon,2016-07-15T11:48:15.6580951Z,86,4,58,14,24,18,58405,Seattle,80,1,1,1,fifth,1,1,1
FDE0JJMLJNYB0UJM3,Sedan,2016-07-15T11:48:16.2580746Z,86,353,59,26,36,29,132861,Bellevue,90,1,1,1,third,1,1,1
KSWKSUBBI0EIQXTY9,Family Saloon,2016-07-15T11:48:16.8330627Z,80,184,34,12,35,28,18593,Sammamish,9,1,1,1,third,1,1,1
BPB9WMDQYU21B5XHY,Station Wagon,2016-07-15T11:48:17.4243276Z,86,380,66,25,29,22,87844,Seattle,45,1,1,1,fifth,1,1,1
5RBDKWDUX9ADDYK0G,Sports Car,2016-07-15T11:48:18.6312537Z,58,37,13,27,25,16,28900,Redmond,87,1,1,1,first,1,1,1
R6DBU4ZTLVJ7OIX4R,Family Saloon,2016-07-15T11:48:17.9990087Z,74,418,77,31,46,44,179287,Redmond,72,0,0,0,seventh,0,0,0
GNKS5QY5DSG1RLGFD,Family Saloon,2016-07-15T11:48:19.2008213Z,57,372,48,37,32,24,8361,Bellevue,40,1,1,1,second,1,1,1
UVEW2HEHJ8U89U37B,Sedan,2016-07-15T11:48:19.7578223Z,96,101,85,16,48,46,65955,Redmond,29,0,0,0,seventh,0,0,0
M7O53II9LNR86QHHP,Sports Car,2016-07-15T11:48:20.3174392Z,16,197,97,23,50,49,75022,Redmond,58,0,0,0,eight,0,0,0
N9V6H5GEVWXEJIEFD,Small SUV,2016-07-15T11:48:20.9282468Z,90,211,14,22,26,17,180418,Redmond,54,0,0,0,first,0,0,0
S4PZS3G063YH2L0KY,Large SUV,2016-07-15T11:48:21.4967789Z,17,483,49,39,33,24,106899,Bellevue,7,0,0,0,second,0,0,0
UPLUECWSF2WYM485E,Large SUV,2016-07-15T11:48:22.0556471Z,19,328,92,19,48,46,102995,Bellevue,52,1,1,1,seventh,1,1,1
6YLVVC7YTG205VWR1,Large SUV,2016-07-15T11:48:22.6127409Z,72,412,98,14,50,50,198041,Redmond,47,1,1,1,eight,1,1,1
7DHTS9TSHVSKRVKHL,Station Wagon,2016-07-15T11:48:23.1757716Z,3,209,60,21,26,19,100851,Seattle,72,0,0,0,fifth,0,0,0
9DC3XI86623BSWVN0,Coupe,2016-07-15T11:48:23.7423973Z,53,105,72,19,33,27,126371,Seattle,23,0,0,0,sixth,0,0,0
S3KVX4ZR0I33DQC9Y,Station Wagon,2016-07-15T11:48:24.3013954Z,23,335,34,8,35,27,196697,Sammamish,87,0,0,0,third,0,0,0
81KXCK285DKNZOJEM,Hybrid,2016-07-15T11:48:25.6675786Z,77,327,82,34,47,45,47625,Redmond,65,0,0,0,seventh,0,0,0
2HNBKW329ZJWQFGVE,Sedan,2016-07-15T11:48:25.1080343Z,66,213,70,5,31,25,117842,Seattle,13,0,0,0,sixth,0,0,0
USZ9WE8AI8BRR3RZ2,Sedan,2016-07-15T11:48:26.2385587Z,70,458,78,37,46,44,62001,Redmond,87,0,0,0,seventh,0,0,0
0WNSOLYN5IIV8LBKT,Family Saloon,2016-07-15T11:48:26.8733783Z,41,333,31,9,34,26,128903,Sammamish,0,0,0,0,third,0,0,0
T2I0I1P1V25I2S4PV,Hybrid,2016-07-15T11:48:27.9944792Z,15,370,0,38,0,0,182074,Seattle,32,1,1,1,first,1,1,1
YXVBC6QTJ03Z9X6M3,Hybrid,2016-07-15T11:48:27.4340592Z,33,279,94,16,49,47,9780,Bellevue,27,0,0,0,eight,0,0,0
CMJT8KNLDLWSSYAY8,Compact Car,2016-07-15T11:48:28.5500833Z,12,221,64,11,27,21,181386,Seattle,72,1,1,1,fifth,1,1,1
GE3CIZYYOZYQZC6EY,Compact Car,2016-07-15T11:48:29.7397093Z,50,463,50,31,33,25,15074,Bellevue,56,1,1,1,second,1,1,1
60JXAVE61HUYRYXZX,Large SUV,2016-07-15T11:48:29.1835332Z,46,146,15,22,27,17,146833,Redmond,92,1,1,1,first,1,1,1
IL53ZX06LEM2VDU43,Sedan,2016-07-15T11:48:30.3299542Z,20,9,6,16,1,0,52003,Seattle,25,1,1,1,first,1,1,1
WSE9GTMVN61UMOOWO,Station Wagon,2016-07-15T11:48:30.8899144Z,21,365,83,15,47,45,4831,Redmond,8,0,0,0,seventh,0,0,0
N6GHP1FIPFC0AEQD3,Family Saloon,2016-07-15T11:48:31.4977627Z,80,399,70,23,41,35,178401,Bellevue,18,0,0,0,fourth,0,0,0
U7RVY64F7LH5Q43QL,Family Saloon,2016-07-15T11:48:32.0614982Z,84,256,12,37,25,15,33480,Redmond,18,0,0,0,first,0,0,0
1I7UJA388JOJP7LEG,Family Saloon,2016-07-15T11:48:32.6366194Z,30,300,7,25,1,0,20386,Seattle,54,0,0,0,first,0,0,0
TI9674Y9HIFLQEG47,Large SUV,2016-07-15T11:48:33.1967678Z,5,38,43,7,30,21,150027,Bellevue,70,1,1,1,second,1,1,1
49G3AU6YUH2ZUTJAN,Sedan,2016-07-15T11:48:33.7763712Z,62,431,17,7,28,19,139515,Redmond,69,1,1,1,second,1,1,1
R4017E7785SH7K9KY,Station Wagon,2016-07-15T11:48:34.3328210Z,69,217,77,8,35,31,129900,Seattle,92,1,1,1,sixth,1,1,1
M8FU8QCVRN89ZIRXA,Convertible,2016-07-15T11:48:34.8931387Z,72,305,94,29,48,47,74270,Bellevue,22,0,0,0,seventh,0,0,0
RR55YZ6DG2EZ72KKY,Sedan,2016-07-15T11:48:35.6531354Z,26,18,72,33,32,27,142786,Seattle,95,0,0,0,sixth,0,0,0
P1PVIHR45C3ZGB1GH,Hybrid,2016-07-15T11:48:36.2436885Z,94,57,1,7,0,0,5050,Seattle,97,0,0,0,first,0,0,0
C3H9N9G3OHXITIQRY,Large SUV,2016-07-15T11:48:37.3867082Z,23,74,61,32,26,20,189819,Seattle,47,0,0,0,fifth,0,0,0
C1OVHZ8ILU8TGGPD8,Hybrid,2016-07-15T11:48:36.8149925Z,73,27,98,3,50,50,57037,Redmond,26,0,0,0,eight,0,0,0
NS9JRGFSFE0G6UO57,Large SUV,2016-07-15T11:48:37.9754351Z,50,327,95,26,49,48,102190,Bellevue,37,0,0,0,eight,0,0,0
AADAH395JV25WLGVZ,Sedan,2016-07-15T11:48:38.5570739Z,61,339,93,33,48,47,24980,Bellevue,48,0,0,0,seventh,0,0,0
GKSQPB4HMHSD2ILVH,Sedan,2016-07-15T11:48:39.1394270Z,47,457,84,36,48,46,107281,Redmond,75,1,1,1,seventh,1,1,1
XJXW2LZTZY3X64B9P,Family Saloon,2016-07-15T11:48:39.7326961Z,80,335,17,18,28,19,39534,Redmond,91,1,1,1,second,1,1,1
QTIQ3Y6LI9F00O185,Hybrid,2016-07-15T11:48:40.3651273Z,3,220,2,13,0,0,82948,Seattle,13,0,0,0,first,0,0,0
HW4XJWLPNNDLQAX05,Family Saloon,2016-07-15T11:48:41.0619309Z,22,156,93,22,49,48,17304,Redmond,21,1,1,1,eight,1,1,1
UHUTWM3VOQ22XQOJ4,Hybrid,2016-07-15T11:48:42.2119054Z,16,304,92,22,48,46,84144,Bellevue,81,1,1,1,seventh,1,1,1
EY0N86YJKPYWEYBTK,Station Wagon,2016-07-15T11:48:41.6393917Z,98,217,95,29,49,47,50404,Bellevue,41,1,1,1,eight,1,1,1
7C57DQX4Z7RFSXCS3,Large SUV,2016-07-15T11:48:42.7937946Z,41,351,37,15,36,29,49109,Sammamish,14,0,0,0,third,0,0,0
47023PHCDSG6YENHR,Hybrid,2016-07-15T11:48:43.3748244Z,28,152,33,29,35,27,159440,Sammamish,47,0,0,0,third,0,0,0
2MVDG47OQ3G5I49FK,Family Saloon,2016-07-15T11:48:44.6082685Z,10,192,97,28,50,50,121511,Redmond,55,1,1,1,eight,1,1,1
AADAH395JV25WLGVZ,Sedan,2016-07-15T11:48:43.9873320Z,58,98,83,21,47,45,154007,Redmond,89,1,1,1,seventh,1,1,1
778L8K20RFES5Y7RS,Coupe,2016-07-15T11:48:45.1637255Z,83,277,11,10,24,15,33480,Redmond,3,0,0,0,first,0,0,0
P6JG0L4EKGZB8E6KR,Family Saloon,2016-07-15T11:48:45.7428099Z,30,306,7,25,1,0,252,Seattle,99,0,0,0,first,0,0,0
SZR8OJOE8GO0D9SGY,Sedan,2016-07-15T11:48:46.3084333Z,68,491,69,6,30,24,152386,Seattle,80,0,0,0,sixth,0,0,0
PUSIAAM32NCB9FCYO,Compact Car,2016-07-15T11:48:46.9410055Z,55,91,57,38,23,17,161082,Seattle,66,0,0,0,fifth,0,0,0
QYD0HBXWCPGT56JEI,Medium SUV,2016-07-15T11:48:47.5435731Z,74,195,93,28,48,47,77737,Bellevue,31,0,0,0,seventh,0,0,0
QE06LBLT954EY60JF,Compact Car,2016-07-15T11:48:48.1212956Z,64,404,83,5,47,45,16102,Redmond,40,0,0,0,seventh,0,0,0
N12ABHPR68RTO9FDK,Small SUV,2016-07-15T11:48:49.3278761Z,30,291,33,7,35,27,23847,Sammamish,8,0,0,0,third,0,0,0
IA1N3EEX2BR2DD5HM,Sedan,2016-07-15T11:48:48.6862274Z,54,59,65,10,39,32,87137,Bellevue,48,0,0,0,fourth,0,0,0
CZ2T0MDIU25JELWWQ,Small SUV,2016-07-15T11:48:49.9018442Z,0,172,29,23,33,25,159160,Sammamish,4,0,0,0,third,0,0,0
H80BUDU8B98L4N49Y,Hybrid,2016-07-15T11:48:50.4763843Z,36,15,46,35,32,23,8102,Bellevue,42,0,0,0,second,0,0,0
1C8026X1LS42E7916,Station Wagon,2016-07-15T11:48:51.6657170Z,28,300,93,23,48,47,117025,Bellevue,21,0,0,0,seventh,0,0,0
GMDJC29ERCCQZJRZK,Compact Car,2016-07-15T11:48:51.0736232Z,59,460,57,11,24,17,39820,Seattle,35,0,0,0,fifth,0,0,0
38D51BS7TCPY1VJTS,Hybrid,2016-07-15T11:48:52.3210350Z,63,61,60,27,25,19,18151,Seattle,49,1,1,1,fifth,1,1,1
X0FOEI94DVDI6VID8,Coupe,2016-07-15T11:48:52.9061172Z,1,314,56,12,23,17,160602,Seattle,38,1,1,1,fifth,1,1,1
12HWC7LRBK3SE1XN6,Large SUV,2016-07-15T11:48:53.4610359Z,84,424,16,30,27,18,154790,Redmond,71,0,0,0,second,0,0,0
1NY3QQDBC3UA43TAN,Family Saloon,2016-07-15T11:48:54.0260560Z,69,252,29,27,33,25,124509,Sammamish,84,0,0,0,third,0,0,0
6YPMMSVM8LKGPO3LU,Small SUV,2016-07-15T11:48:54.6542322Z,56,53,80,9,47,44,2386,Redmond,83,0,0,0,seventh,0,0,0
HJDJRVK6YBBSQAB45,Family Saloon,2016-07-15T11:48:55.2305259Z,33,210,76,5,35,30,180763,Seattle,15,0,0,0,sixth,0,0,0
GXMZNB0JQ6WT120AV,Large SUV,2016-07-15T11:48:56.3881247Z,34,393,69,21,30,25,65897,Seattle,35,0,0,0,sixth,0,0,0
UQJEKIAUD5P2BCJOI,Compact Car,2016-07-15T11:48:55.7968684Z,67,134,93,21,48,47,160997,Bellevue,2,0,0,0,seventh,0,0,0
U6V0G31QQLIGX9FN6,Sports Car,2016-07-15T11:48:56.9502436Z,42,253,81,35,47,45,39834,Redmond,88,1,1,1,seventh,1,1,1
EFNY6QDB5ZNCJHATK,Compact Car,2016-07-15T11:48:57.5289302Z,98,8,77,11,35,30,25489,Seattle,52,1,1,1,sixth,1,1,1
CP2QNLZSF3BIY0DEQ,Sports Car,2016-07-15T11:48:58.1054807Z,85,2,73,31,33,28,162509,Seattle,46,1,1,1,sixth,1,1,1
G5MP15RLS1SFXB6SG,Large SUV,2016-07-15T11:48:58.6784116Z,84,470,70,27,31,25,167369,Seattle,9,1,1,1,sixth,1,1,1
UWO3MZ8D5C5L8A3JA,Large SUV,2016-07-15T11:48:59.2628584Z,84,446,66,19,29,23,181360,Seattle,27,0,0,0,sixth,0,0,0
IKJ5NQPEW4LNC8AYM,Family Saloon,2016-07-15T11:48:59.8365520Z,2,119,63,30,27,20,143566,Seattle,58,0,0,0,fifth,0,0,0
DVBJQCASJTOIGDXRP,Family Saloon,2016-07-15T11:49:01.0061641Z,64,275,94,29,49,47,27897,Bellevue,94,0,0,0,eight,0,0,0
RY9PXJYF8Q1YD5I0I,Hybrid,2016-07-15T11:49:00.4131761Z,60,68,10,21,2,0,83310,Seattle,92,0,0,0,first,0,0,0
L2IK6CE4KVESWBQLA,Hybrid,2016-07-15T11:49:01.5838435Z,0,265,92,12,48,46,115325,Bellevue,48,0,0,0,seventh,0,0,0
DU23Z5F221PCYUZIA,Convertible,2016-07-15T11:49:02.1687288Z,81,294,36,16,36,28,86031,Sammamish,35,1,1,1,third,1,1,1
TYXML83U4FHT6ZW4U,Sedan,2016-07-15T11:49:02.7330709Z,23,37,94,29,49,49,44100,Redmond,9,1,1,1,eight,1,1,1
BGCYXKXUK6X4SPU6V,Hybrid,2016-07-15T11:49:03.2930047Z,64,69,6,16,1,0,91759,Seattle,20,1,1,1,first,1,1,1
2QR2YNKJSSE7JW9BG,Coupe,2016-07-15T11:49:03.8644028Z,42,211,1,0,0,0,110656,Seattle,19,0,0,0,first,0,0,0
O0U8G0LCFQLPMY0PN,Station Wagon,2016-07-15T11:49:04.4372305Z,70,352,65,37,28,22,92275,Seattle,90,0,0,0,fifth,0,0,0
SBFQACF3AAIE6H7P6,Hybrid,2016-07-15T11:49:05.5478050Z,91,89,54,31,22,16,107381,Seattle,18,1,1,1,fifth,1,1,1
FIZ97QW0P544JUV2F,Small SUV,2016-07-15T11:49:04.9909023Z,73,226,77,29,35,30,67256,Seattle,90,1,1,1,sixth,1,1,1
PDRQDHR4EFYYTJEQY,Hybrid,2016-07-15T11:49:06.1710823Z,40,212,3,18,0,0,92288,Seattle,49,1,1,1,first,1,1,1
LJPD49HW65YVVBW5G,Compact Car,2016-07-15T11:49:06.7394356Z,60,271,99,13,50,50,197925,Redmond,14,1,1,1,eight,1,1,1
MJ401YWXY32Z6KTKM,Hybrid,2016-07-15T11:49:07.3868902Z,39,131,58,15,36,29,173283,Bellevue,72,0,0,0,third,0,0,0
QS60HIG7BVBE1P38Z,Hybrid,2016-07-15T11:49:08.0677886Z,5,384,79,6,47,44,198024,Redmond,48,1,1,1,seventh,1,1,1
1J54NM7E4ZRVLK4MH,Family Saloon,2016-07-15T11:49:08.6799945Z,53,152,93,9,49,48,84547,Redmond,53,1,1,1,eight,1,1,1
18O6R3DDFWFFHKRC5,Sedan,2016-07-15T11:49:10.3815117Z,42,374,64,12,28,22,136804,Seattle,93,0,0,0,fifth,0,0,0
O71EMNS0TASPXXZEK,Convertible,2016-07-15T11:49:09.8113671Z,9,121,68,8,30,24,27083,Seattle,86,0,0,0,sixth,0,0,0
GGMI6EAOC7T5DPOBB,Sedan,2016-07-15T11:49:09.2467538Z,54,445,6,9,1,0,34414,Seattle,15,1,1,1,first,1,1,1
XBNBVTPS8HUBLR29V,Large SUV,2016-07-15T11:49:11.1673912Z,59,26,18,18,28,19,26277,Redmond,48,1,1,1,second,1,1,1
Q64ADEMNUK098WGUZ,Large SUV,2016-07-15T11:49:11.7604289Z,67,205,96,37,50,49,161558,Redmond,92,1,1,1,eight,1,1,1
L61ARZ4DVXBVKS9YE,Hybrid,2016-07-15T11:49:12.9449588Z,82,112,62,4,27,20,126809,Seattle,77,1,1,1,fifth,1,1,1
A3V048GGYTTKGD4JD,Small SUV,2016-07-15T11:49:12.3429533Z,57,88,96,0,49,48,60548,Bellevue,44,1,1,1,eight,1,1,1
XOXFXIK0ACSGV8FH8,Hybrid,2016-07-15T11:49:13.5067550Z,44,458,44,36,31,22,161934,Bellevue,56,0,0,0,second,0,0,0
NXGMC7L65QB8KE1JZ,Sports Car,2016-07-15T11:49:14.1340682Z,34,426,73,14,33,28,119903,Seattle,82,1,1,1,sixth,1,1,1
XD5BFILN8O3LCN3VH,Small SUV,2016-07-15T11:49:14.7049559Z,57,208,85,16,48,46,164491,Redmond,49,0,0,0,seventh,0,0,0
8MRNA5S0D34PR6Z3J,Sedan,2016-07-15T11:49:15.3748195Z,82,142,95,12,49,48,2664,Bellevue,56,1,1,1,eight,1,1,1
27GI1HMPSORXJZJ7J,Convertible,2016-07-15T11:49:15.9314986Z,35,58,54,12,22,16,9587,Seattle,85,1,1,1,fifth,1,1,1
2MKEGQEQ71LHEEMIX,Hybrid,2016-07-15T11:49:16.5460774Z,52,481,43,11,30,21,193490,Bellevue,68,1,1,1,second,1,1,1
CLKWTZ5BN3ACTUDIS,Station Wagon,2016-07-15T11:49:17.6948047Z,82,485,13,14,26,16,103699,Redmond,73,1,1,1,first,1,1,1
II0C3OFHMTRH68U7N,Family Saloon,2016-07-15T11:49:17.1101379Z,50,432,81,33,47,45,41615,Redmond,46,1,1,1,seventh,1,1,1
SOQ4O5DGEH8RY9ILH,Sedan,2016-07-15T11:49:18.2609697Z,85,2,74,29,33,28,73803,Seattle,81,0,0,0,sixth,0,0,0
FTI8U932A3LELQY9N,Large SUV,2016-07-15T11:49:18.8427360Z,16,215,70,14,31,26,45118,Seattle,45,0,0,0,sixth,0,0,0
8I83IRZ0F7QFNIQSM,Medium SUV,2016-07-15T11:49:19.4206603Z,42,146,19,39,29,20,130186,Redmond,7,0,0,0,second,0,0,0
MX39Y0TUXQIL514U2,Sports Car,2016-07-15T11:49:20.0362935Z,20,302,70,29,31,26,167626,Seattle,31,0,0,0,sixth,0,0,0
ECLBZUDYPDI4VMC26,Large SUV,2016-07-15T11:49:20.5875658Z,90,306,93,32,49,48,48693,Redmond,18,0,0,0,eight,0,0,0
JY9WICE8E23LHOEP6,Sedan,2016-07-15T11:49:21.1480277Z,33,419,6,15,1,0,56830,Seattle,19,1,1,1,first,1,1,1
ZKJYBGTIP3FELQ0UI,Sedan,2016-07-15T11:49:21.7329090Z,98,79,0,6,0,0,157801,Seattle,79,1,1,1,first,1,1,1
P7RX5PIMZASD6PBT0,Sedan,2016-07-15T11:49:22.3609015Z,21,140,56,16,23,16,77885,Seattle,78,1,1,1,fifth,1,1,1
KUSBIPA04LYM2EIIP,Hybrid,2016-07-15T11:49:23.1005362Z,7,88,58,35,36,29,98048,Bellevue,31,1,1,1,third,1,1,1
LIO7YTOE8DQT6K7O9,Station Wagon,2016-07-15T11:49:23.6868446Z,29,6,34,27,35,28,19497,Sammamish,46,1,1,1,third,1,1,1
2A1E0RYT84IYLGQYE,Sedan,2016-07-15T11:49:24.8340502Z,67,462,47,9,32,24,151767,Bellevue,89,1,1,1,second,1,1,1
GDQ7J3H5K258DSPYI,Family Saloon,2016-07-15T11:49:25.4150919Z,6,71,74,3,33,28,28305,Seattle,66,1,1,1,sixth,1,1,1
DFWNS3PFU0UA07BA8,Small SUV,2016-07-15T11:49:25.9693132Z,71,208,96,32,50,49,94538,Redmond,62,0,0,0,eight,0,0,0
TINMPBP7FX3P2VBM6,Sports Car,2016-07-15T11:49:26.5538965Z,21,255,31,33,34,26,128393,Sammamish,16,0,0,0,third,0,0,0
0XNJORPFB4OV80G8R,Medium SUV,2016-07-15T11:49:27.1629353Z,69,420,96,21,50,49,52514,Redmond,99,0,0,0,eight,0,0,0
PLPRZO05BHM85ZZDD,Sports Car,2016-07-15T11:49:27.7279414Z,16,444,59,27,25,18,190570,Seattle,11,0,0,0,fifth,0,0,0
H7PKSR1VIJWDXPV4Y,Family Saloon,2016-07-15T11:49:28.5073131Z,1,228,61,15,26,19,159671,Seattle,32,0,0,0,fifth,0,0,0
V40Q0IJ0PAEQ97TYO,Sedan,2016-07-15T11:49:29.1310182Z,8,468,11,20,24,15,197213,Redmond,77,1,1,1,first,1,1,1
OPEF56DHN9BR34X85,Hybrid,2016-07-15T11:49:29.7199978Z,31,410,6,15,1,0,131061,Seattle,87,1,1,1,first,1,1,1
9OUJ0ZTHGHASGL078,Large SUV,2016-07-15T11:49:30.2859705Z,36,15,57,30,23,17,47136,Seattle,6,0,0,0,fifth,0,0,0
D0Y9DCN9ECL52DQUG,Station Wagon,2016-07-15T11:49:30.9076895Z,8,400,72,6,32,27,181796,Seattle,97,0,0,0,sixth,0,0,0
MCGXS0FE69TY4EYEA,Family Saloon,2016-07-15T11:49:31.5149436Z,22,379,92,12,48,46,186146,Bellevue,46,1,1,1,seventh,1,1,1
Q0OIIVH166MJM9SRH,Coupe,2016-07-15T11:49:32.6835299Z,49,353,16,2,27,18,126572,Redmond,94,1,1,1,second,1,1,1
SPC2R8IRDA7BLB1FU,Hybrid,2016-07-15T11:49:32.0830499Z,64,209,83,7,47,45,39211,Redmond,56,1,1,1,seventh,1,1,1
ZV03D9VP79L5BZ98V,Small SUV,2016-07-15T11:49:33.3079513Z,79,254,68,0,30,24,146528,Seattle,58,1,1,1,sixth,1,1,1
MUP19M2VC7BB0F2XS,Small SUV,2016-07-15T11:49:33.9126287Z,11,388,36,15,36,29,66507,Sammamish,71,1,1,1,third,1,1,1
X8H268YKDRX4BPG1X,Small SUV,2016-07-15T11:49:34.6013885Z,48,85,48,38,32,24,147319,Bellevue,76,0,0,0,second,0,0,0
SZVVERBWRBYG17PTU,Family Saloon,2016-07-15T11:49:35.1875860Z,59,194,44,14,31,22,45232,Bellevue,0,0,0,0,second,0,0,0
DUXU9IYNMK5Y2K0HL,Hybrid,2016-07-15T11:49:40.2060001Z,77,84,71,18,32,26,106316,Seattle,73,0,0,0,sixth,0,0,0
XDA42VY1V6WDE8FAG,Hybrid,2016-07-15T11:49:40.9482468Z,99,227,71,34,41,35,196429,Bellevue,11,0,0,0,fourth,0,0,0
XB94KICXI75MTYN9M,Family Saloon,2016-07-15T11:49:41.5123312Z,76,245,12,6,25,16,43399,Redmond,81,1,1,1,first,1,1,1
1BYI0S4IZJ0ZW6L1L,Small SUV,2016-07-15T11:49:42.3087658Z,77,157,69,28,40,35,132397,Bellevue,71,0,0,0,fourth,0,0,0
VVOK5TEHDOTZCANR8,Family Saloon,2016-07-15T11:49:42.9084666Z,26,380,82,37,47,45,8014,Redmond,4,0,0,0,seventh,0,0,0
EATPLUULTI3RC6NUB,Station Wagon,2016-07-15T11:49:43.5767020Z,80,284,93,20,48,47,109786,Bellevue,96,1,1,1,seventh,1,1,1
KOG95CF0O6FGE4Y7Y,Hybrid,2016-07-15T11:49:44.8905649Z,66,251,32,2,35,27,98275,Sammamish,97,1,1,1,third,1,1,1
8U5UYPJ9AMDN5TQSF,Family Saloon,2016-07-15T11:49:44.1537296Z,61,291,85,1,48,46,7007,Redmond,33,1,1,1,seventh,1,1,1
XXM290YE5LC8110KH,Sedan,2016-07-15T11:49:45.4695975Z,85,187,50,22,33,25,135392,Bellevue,45,1,1,1,second,1,1,1
LFQSVOTGEJJ3LYQHB,Convertible,2016-07-15T11:49:47.5852867Z,96,108,64,21,38,32,150287,Bellevue,60,1,1,1,fourth,1,1,1
9KBW8JH9DS2GQCB4H,Sedan,2016-07-15T11:49:46.1672884Z,75,54,4,18,0,0,15788,Seattle,26,0,0,0,first,0,0,0
TVRVQ3B6L1ZOL1S9O,Coupe,2016-07-15T11:49:46.9933577Z,41,476,64,16,27,21,60778,Seattle,17,1,1,1,fifth,1,1,1
M3N1WXSP9UKDFAW3O,Large SUV,2016-07-15T11:49:48.2954240Z,64,368,43,38,30,22,90734,Bellevue,99,1,1,1,second,1,1,1
1TB2EMNCF4Q38PIXB,Station Wagon,2016-07-15T11:49:48.8775243Z,33,388,18,31,28,19,134562,Redmond,18,0,0,0,second,0,0,0
3GSY90JQRRTXHF4YS,Sedan,2016-07-15T11:49:50.1354038Z,96,268,2,12,0,0,11889,Seattle,62,0,0,0,first,0,0,0
IVNQYDMIN5O9PT7JG,Convertible,2016-07-15T11:49:49.5015606Z,98,66,70,4,31,25,161256,Seattle,79,1,1,1,sixth,1,1,1
