vin,model,timestamp,outsidetemperature,enginetemperature,speed,fuel,engineoil,tirepressure,odometer,city,accelerator_pedal_position,parking_brake_status,headlamp_status,brake_pedal_status,transmission_gear_position,ignition_status,windshield_wiper_status,abs
S8CXAC6OUK9WD5HHX,Sedan,2016-06-03T06:07:15.0210351Z,9,236,10,17,2,0,139668,Seattle,77,1,1,1,first,1,1,1
AB9XRZIJSE6ERA1S7,Family Saloon,2016-06-03T06:08:55.9596659Z,60,439,68,11,30,24,23616,Seattle,4,1,1,1,sixth,1,1,1
H5FBWO1JFX5BVEL7G,Large SUV,2016-06-03T06:08:56.8828961Z,58,56,19,35,29,20,133686,Redmond,13,1,1,1,second,1,1,1
6J6DG9WP4YUPN28L3,Station Wagon,2016-06-03T06:08:58.4220377Z,45,410,55,24,23,16,24443,Seattle,72,0,0,0,fifth,0,0,0
S4IHKUK9UXS1GXBA1,Large SUV,2016-06-03T06:08:59.3902843Z,64,83,47,17,32,24,34442,Bellevue,14,1,1,1,second,1,1,1
NU3AY8FKXVZ1CU5Q8,Sedan,2016-06-03T06:08:59.9751058Z,61,66,43,4,30,22,109212,Bellevue,72,1,1,1,second,1,1,1
ZEQAL65NHMBGIKRGN,Compact Car,2016-06-03T06:09:00.8914451Z,96,419,93,34,48,47,5400,Bellevue,34,1,1,1,seventh,1,1,1
4HFB5WO984MYJQ15D,Sports Car,2016-06-03T06:09:02.0272591Z,99,470,96,17,50,49,125276,Redmond,14,1,1,1,eight,1,1,1
S9K9EAC0SVBVQBESX,Station Wagon,2016-06-03T06:09:01.4606620Z,100,493,99,7,50,50,30125,Redmond,67,1,1,1,eight,1,1,1
343HK8Q6OHE4EF6SZ,Small SUV,2016-06-03T06:09:02.6520605Z,80,200,68,26,40,34,178771,Bellevue,88,1,1,1,fourth,1,1,1
ZHQZGU4RDY4J2EXWC,Coupe,2016-06-03T06:09:03.2214031Z,4,224,9,18,2,0,102184,Seattle,59,1,1,1,first,1,1,1
RZQA1XJOCGE5GLJ71,Family Saloon,2016-06-03T06:09:04.6963100Z,96,423,94,36,48,47,188894,Bellevue,65,0,0,0,seventh,0,0,0
D0EXFEA70H65RTHEO,Family Saloon,2016-06-03T06:09:03.8902395Z,55,46,17,27,28,18,199571,Redmond,18,0,0,0,second,0,0,0
SZWFD9SOG4J1FR2RG,Family Saloon,2016-06-03T06:09:05.2809700Z,95,401,85,35,48,46,58795,Redmond,92,0,0,0,seventh,0,0,0
K1NYT1YTHLML7JGMR,Large SUV,2016-06-03T06:09:06.1510089Z,99,473,96,38,50,49,28655,Redmond,40,0,0,0,eight,0,0,0
FU2SUY2BB2LM346QE,Compact Car,2016-06-03T06:09:07.3215470Z,65,88,49,39,33,24,175055,Bellevue,32,0,0,0,second,0,0,0
2LQFS4WYATA50J48S,Sedan,2016-06-03T06:09:06.7210271Z,50,420,59,31,25,18,44804,Seattle,0,0,0,0,fifth,0,0,0
0PKZ5V2JV2RPCP4NS,Sedan,2016-06-03T06:09:08.0065971Z,70,121,34,39,35,28,28325,Sammamish,40,1,1,1,third,1,1,1
EAKLHOAYSIADGSB1R,Small SUV,2016-06-03T06:09:08.8699210Z,78,181,66,11,39,33,45657,Bellevue,23,1,1,1,fourth,1,1,1
9604BYYX6V5GSSV2K,Sedan,2016-06-03T06:09:09.4710408Z,64,84,48,38,32,24,159888,Bellevue,92,1,1,1,second,1,1,1
0TL36LFHG63A43KO9,Sedan,2016-06-03T06:09:10.0727097Z,98,445,96,33,49,48,11113,Bellevue,89,1,1,1,eight,1,1,1
TDONL64Z957KISFL7,Small SUV,2016-06-03T06:09:10.6732099Z,64,84,48,19,32,24,61739,Bellevue,37,1,1,1,second,1,1,1
VKZVB3644IJYMMX6L,Family Saloon,2016-06-03T06:09:11.2697725Z,1,165,3,28,0,0,50036,Seattle,61,1,1,1,first,1,1,1
L2R1DH4DVRISUTXJ0,Hybrid,2016-06-03T06:09:12.2973892Z,59,58,41,19,29,20,122691,Bellevue,14,1,1,1,second,1,1,1
B2HXV0CBL9BUUKVIJ,Hybrid,2016-06-03T06:09:13.6418386Z,93,374,81,20,47,45,169973,Redmond,93,1,1,1,seventh,1,1,1
HYGMAKE2SRWMN5627,Large SUV,2016-06-03T06:09:14.2809051Z,61,442,69,26,30,25,41146,Seattle,30,0,0,0,sixth,0,0,0
VQMH5V7MYYJWX6SRN,Sedan,2016-06-03T06:09:14.9640534Z,51,422,60,21,25,19,20098,Seattle,7,1,1,1,fifth,1,1,1
7TWHX14WEK0DEJUT6,Sedan,2016-06-03T06:09:16.1825372Z,76,168,64,8,38,32,106382,Bellevue,42,1,1,1,fourth,1,1,1
CACRAS08TJUV3LWH8,Family Saloon,2016-06-03T06:09:15.5990603Z,5,236,10,2,2,0,64972,Seattle,94,1,1,1,first,1,1,1
2ODSH9SZV43WEX3MG,Compact Car,2016-06-03T06:09:16.8044169Z,5,236,10,13,2,0,153199,Seattle,24,1,1,1,first,1,1,1
KZJLES6S8Q94Y1XWU,Large SUV,2016-06-03T06:09:17.3906882Z,97,429,94,19,49,47,36324,Bellevue,26,1,1,1,eight,1,1,1
XCL5WZUFO834KSO4J,Convertible,2016-06-03T06:09:18.5413146Z,72,130,36,3,36,29,2164,Sammamish,9,1,1,1,third,1,1,1
UA6MFWJWYN02T4PV4,Small SUV,2016-06-03T06:09:17.9527836Z,0,105,0,21,0,0,178440,Seattle,6,1,1,1,first,1,1,1
B0UY0GZFP627P59IF,Station Wagon,2016-06-03T06:09:19.1280379Z,69,112,32,34,35,27,20822,Sammamish,20,1,1,1,third,1,1,1
O74X1YM6MZSENV045,Sedan,2016-06-03T06:09:19.6838358Z,97,436,95,29,49,48,23260,Bellevue,69,0,0,0,eight,0,0,0
11L1HET2JNVH00IKL,Family Saloon,2016-06-03T06:09:20.2810316Z,63,77,46,9,32,23,144597,Bellevue,9,0,0,0,second,0,0,0
A4WDLZVGS6VECZ02R,Compact Car,2016-06-03T06:09:21.2950847Z,100,498,100,12,50,50,88384,Redmond,29,0,0,0,eight,0,0,0
Z7FXGLYAH0DN5XHY6,Hybrid,2016-06-03T06:09:21.8709964Z,99,475,97,7,50,49,84288,Redmond,89,0,0,0,eight,0,0,0
LWUQN8KDCAIHO2JQA,Convertible,2016-06-03T06:09:23.0595538Z,4,231,9,24,2,0,48415,Seattle,32,0,0,0,first,0,0,0
B9NTZYHWYRNIIQ4SW,Sports Car,2016-06-03T06:09:23.6293397Z,62,73,45,37,31,22,116229,Bellevue,24,1,1,1,second,1,1,1
QS60HIG7BVBE1P38Z,Hybrid,2016-06-03T06:09:24.2477014Z,67,453,74,1,34,29,80192,Seattle,56,0,0,0,sixth,0,0,0
91D8RNONGLP2GMORS,Hybrid,2016-06-03T06:09:24.8437504Z,45,410,55,9,23,16,167317,Seattle,30,0,0,0,fifth,0,0,0
LES1GRXC5IAGJVLST,Hybrid,2016-06-03T06:09:25.4734892Z,1,178,4,13,0,0,156932,Seattle,97,0,0,0,first,0,0,0
SXJXC6XL7C9PH3KYA,Large SUV,2016-06-03T06:09:26.6277075Z,80,206,69,3,40,35,177514,Bellevue,41,0,0,0,fourth,0,0,0
GGNBNTBOU7FBFNYSC,Sports Car,2016-06-03T06:09:26.0435936Z,45,410,55,2,23,16,168640,Seattle,45,0,0,0,fifth,0,0,0
9RPS1HJG9D1LBEQQH,Sedan,2016-06-03T06:09:27.2271047Z,58,437,67,23,29,23,21321,Seattle,48,0,0,0,sixth,0,0,0
SPOAU6329DKF0IO4N,Convertible,2016-06-03T06:09:27.8691057Z,44,409,55,4,22,16,70588,Seattle,49,1,1,1,fifth,1,1,1
7GPT50B29XL9RTZ2T,Sedan,2016-06-03T06:09:28.4692804Z,70,121,34,31,35,28,143382,Sammamish,70,1,1,1,third,1,1,1
JJFQR6FXV45S2XG55,Family Saloon,2016-06-03T06:09:29.0443251Z,94,378,81,34,47,45,9556,Redmond,36,0,0,0,seventh,0,0,0
8WYU0NIG19LAN8O2U,Convertible,2016-06-03T06:09:29.6119356Z,76,164,63,6,38,32,8886,Bellevue,14,0,0,0,fourth,0,0,0
FPIITT2F90PR6M4BF,Large SUV,2016-06-03T06:09:30.1961649Z,67,453,74,5,34,28,36856,Seattle,62,0,0,0,sixth,0,0,0
OZB8CZFGV01W8Y9K2,Sedan,2016-06-03T06:09:31.6763112Z,58,54,19,17,29,20,137151,Redmond,67,0,0,0,second,0,0,0
9JJ7BBQUBT45XFG3O,Sedan,2016-06-03T06:09:32.5298973Z,98,454,93,31,49,48,110260,Redmond,39,1,1,1,eight,1,1,1
ONT8HNOEUQELWAPTE,Coupe,2016-06-03T06:09:33.1428569Z,4,233,10,6,2,0,32229,Seattle,5,0,0,0,first,0,0,0
JKG0E40HYRCPX8P19,Family Saloon,2016-06-03T06:09:33.8125665Z,57,50,18,36,28,19,180928,Redmond,93,1,1,1,second,1,1,1
RP6531WEICJPU9B5W,Sedan,2016-06-03T06:09:35.0357974Z,100,492,99,3,50,50,161584,Redmond,34,1,1,1,eight,1,1,1
NKZFOZJE46AFYHVNF,Convertible,2016-06-03T06:09:34.4267006Z,95,399,85,13,48,46,135203,Redmond,33,1,1,1,seventh,1,1,1
AKYYQ91FZHZPZPW0T,Station Wagon,2016-06-03T06:09:35.6240888Z,70,120,34,19,35,28,124420,Sammamish,62,1,1,1,third,1,1,1
KS8EL125HYA3EBP5E,Sports Car,2016-06-03T06:09:36.2235490Z,51,33,13,29,25,16,188958,Redmond,94,1,1,1,first,1,1,1
7XZ8Z2VRCUFG7GC0F,Sedan,2016-06-03T06:09:36.7971315Z,53,427,62,19,26,20,16395,Seattle,21,1,1,1,fifth,1,1,1
S52Y11XOQGB43S7M4,Medium SUV,2016-06-03T06:09:38.2171224Z,99,473,96,27,50,49,146501,Redmond,83,0,0,0,eight,0,0,0
BWQ77DOTN9R6J8DR6,Sedan,2016-06-03T06:09:42.4499930Z,78,179,65,12,39,33,130869,Bellevue,0,1,1,1,fourth,1,1,1
I40W5FLEW1U5TI04E,Convertible,2016-06-03T06:09:50.0524705Z,68,454,75,39,34,29,85992,Seattle,91,1,1,1,sixth,1,1,1
6VUFZH9DQ1OHVWWHL,Sedan,2016-06-03T06:09:54.7558428Z,64,448,72,4,32,27,53363,Seattle,13,1,1,1,sixth,1,1,1
NLHX0TF2HQZKQ84OV,Hybrid,2016-06-03T06:09:55.7479135Z,52,37,14,34,26,17,3683,Redmond,32,0,0,0,first,0,0,0
D2C6U7D6EJXXBD62D,Station Wagon,2016-06-03T06:09:56.4774884Z,52,424,61,13,26,19,130060,Seattle,28,0,0,0,fifth,0,0,0
YTJ51G030H2TMZ1OT,Small SUV,2016-06-03T06:09:57.0553121Z,47,415,57,37,24,17,69881,Seattle,30,0,0,0,fifth,0,0,0
J65M7JNC4QDZHWQ1K,Hybrid,2016-06-03T06:09:57.6421834Z,81,217,71,8,41,36,128024,Bellevue,45,0,0,0,fourth,0,0,0
O78G6OX9RY0DMGOZ8,Small SUV,2016-06-03T06:10:00.2427181Z,1,173,4,27,0,0,101179,Seattle,19,1,1,1,first,1,1,1
6AC5GGXG3ZXT9I1IW,Compact Car,2016-06-03T06:10:03.7428631Z,45,411,55,33,23,16,21289,Seattle,28,0,0,0,fifth,0,0,0
DVKRQ2P5YAQ8FOD47,Convertible,2016-06-03T06:10:04.7675605Z,93,371,80,32,47,45,127836,Redmond,2,0,0,0,seventh,0,0,0
DWHUS8ODM1CQSZHRY,Sedan,2016-06-03T06:10:06.3689750Z,97,432,94,32,49,47,96779,Bellevue,56,1,1,1,eight,1,1,1
OMM9F2ABI0RY7XP76,Sedan,2016-06-03T06:10:05.7846150Z,50,421,60,28,25,19,74232,Seattle,93,1,1,1,fifth,1,1,1
0CGOLNPG386ECQ6SF,Station Wagon,2016-06-03T06:10:07.1226678Z,66,450,73,30,33,28,115444,Seattle,8,1,1,1,sixth,1,1,1
DK6JW0RNF0G9PO2FJ,Coupe,2016-06-03T06:10:07.9208670Z,4,231,9,18,2,0,134877,Seattle,29,0,0,0,first,0,0,0
28URWHC72ODIPLTDQ,Compact Car,2016-06-03T06:10:09.3233633Z,55,431,64,39,27,21,16829,Seattle,56,1,1,1,fifth,1,1,1
U2XIALE6O8DQFQ3TM,Hybrid,2016-06-03T06:10:08.7135120Z,98,457,94,13,49,49,156794,Redmond,49,1,1,1,eight,1,1,1
5G0O4IKZJK5QWG08Y,Sports Car,2016-06-03T06:10:09.9295097Z,93,362,79,2,47,44,105131,Redmond,62,1,1,1,seventh,1,1,1
8PYEA22UJHDB8UT86,Sedan,2016-06-03T06:10:10.5131613Z,68,454,75,29,34,29,179185,Seattle,83,1,1,1,sixth,1,1,1
PZASQJB03HW3C7PG5,Family Saloon,2016-06-03T06:10:11.1773352Z,99,476,97,24,50,49,46073,Redmond,46,0,0,0,eight,0,0,0
4LAHE785VINCBISND,Sedan,2016-06-03T06:10:11.7691903Z,92,358,78,16,46,44,167227,Redmond,40,0,0,0,seventh,0,0,0
UANTCLYLBWI873C8B,Station Wagon,2016-06-03T06:10:12.3751221Z,78,185,66,3,39,33,198796,Bellevue,7,0,0,0,fourth,0,0,0
HAPAPY13LGVYN6IOI,Family Saloon,2016-06-03T06:10:13.1130488Z,97,439,95,16,49,48,33184,Bellevue,15,0,0,0,eight,0,0,0
EFK5VY250TGRATBE3,Hybrid,2016-06-03T06:10:14.3517841Z,98,457,94,5,49,49,134163,Redmond,7,1,1,1,eight,1,1,1
7B4PZSBEHHGQ9TL4G,Station Wagon,2016-06-03T06:10:13.7501169Z,93,366,79,32,47,44,63730,Redmond,8,0,0,0,seventh,0,0,0
IMB1AQWYPP7M8HN4S,Family Saloon,2016-06-03T06:10:14.9454567Z,66,94,50,32,33,25,65985,Bellevue,40,1,1,1,second,1,1,1
U4NZVZC87U1KJK997,Station Wagon,2016-06-03T06:10:15.5359195Z,63,77,46,34,31,23,163330,Bellevue,73,0,0,0,second,0,0,0
JXGEO31C6UNAC0KIH,Sports Car,2016-06-03T06:10:16.7740376Z,65,91,49,8,33,25,147316,Bellevue,55,1,1,1,second,1,1,1
EBSOIJWSTCZ0WU9ZX,Family Saloon,2016-06-03T06:10:16.1172727Z,47,414,57,29,23,17,77001,Seattle,40,0,0,0,fifth,0,0,0
DZ551NJVUUFNMLEHQ,Station Wagon,2016-06-03T06:10:17.4081269Z,92,359,78,15,46,44,152697,Redmond,27,0,0,0,seventh,0,0,0
H76XKV3YOO5QVQWZ5,Hybrid,2016-06-03T06:10:18.0019297Z,4,233,10,0,2,0,90190,Seattle,18,0,0,0,first,0,0,0
PKVEZ70B7RDZ1M613,Medium SUV,2016-06-03T06:10:19.1540786Z,0,78,0,32,0,0,162578,Seattle,55,1,1,1,first,1,1,1
FF05DGWIM1BSB2EYY,Hybrid,2016-06-03T06:10:18.5818821Z,2,191,5,14,1,0,92903,Seattle,93,1,1,1,first,1,1,1
OTQHML6CLVKYFO916,Family Saloon,2016-06-03T06:10:19.7354043Z,99,479,97,6,50,50,167994,Redmond,74,1,1,1,eight,1,1,1
QH9CF10U8A2Y6M89K,Sedan,2016-06-03T06:10:20.3224317Z,69,110,32,17,34,27,24156,Sammamish,87,1,1,1,third,1,1,1
44W8XX7F29K8WBRDD,Station Wagon,2016-06-03T06:10:20.9615249Z,58,437,67,10,29,23,42111,Seattle,36,0,0,0,sixth,0,0,0
M3T7ZNZQJDDLJ7XQ9,Family Saloon,2016-06-03T06:10:21.6100950Z,45,409,55,30,22,16,187463,Seattle,94,0,0,0,fifth,0,0,0
40TD7R10U4Y5LGV0S,Large SUV,2016-06-03T06:10:22.3131660Z,93,369,80,30,47,44,114547,Redmond,64,0,0,0,seventh,0,0,0
4PIVIQ89H7ZT9EUUR,Convertible,2016-06-03T06:10:22.9002576Z,50,30,12,15,25,15,18581,Redmond,61,0,0,0,first,0,0,0
1OZRBF0C6S85WZUE9,Family Saloon,2016-06-03T06:10:24.0428128Z,60,65,43,35,30,21,64166,Bellevue,4,1,1,1,second,1,1,1
B1DHS063HOYEM0DAX,Sports Car,2016-06-03T06:10:23.4803156Z,3,214,7,5,1,0,100368,Seattle,91,0,0,0,first,0,0,0
MFCNMGT948WVMLZ7K,Convertible,2016-06-03T06:10:24.8143019Z,95,406,92,33,48,46,90647,Bellevue,6,0,0,0,seventh,0,0,0
8N5J9A554MFS70VB5,Large SUV,2016-06-03T06:10:25.4017455Z,58,55,19,39,29,20,94645,Redmond,7,1,1,1,second,1,1,1
CEPQKW56XF8KAL407,Medium SUV,2016-06-03T06:10:26.5633212Z,48,25,10,3,24,14,30337,Redmond,14,1,1,1,first,1,1,1
CPU65U2F13CQY1VAF,Large SUV,2016-06-03T06:10:25.9720817Z,93,362,79,35,47,44,2831,Redmond,71,1,1,1,seventh,1,1,1
ND3CCK5GXCCPSIVML,Large SUV,2016-06-03T06:10:27.1665101Z,93,362,79,20,47,44,172099,Redmond,64,1,1,1,seventh,1,1,1
SHCFMZY6U55X1GU6F,Family Saloon,2016-06-03T06:10:27.7505845Z,68,454,75,6,34,29,34420,Seattle,55,1,1,1,sixth,1,1,1
D0EXFEA70H65RTHEO,Family Saloon,2016-06-03T06:10:28.9250946Z,0,116,1,8,0,0,96040,Seattle,37,1,1,1,first,1,1,1
N9V6H5GEVWXEJIEFD,Small SUV,2016-06-03T06:10:28.3233756Z,64,447,72,9,32,26,78265,Seattle,94,1,1,1,sixth,1,1,1
ZYJU1O576YAIMPPIX,Large SUV,2016-06-03T06:10:29.5041771Z,100,482,98,6,50,50,87511,Redmond,20,1,1,1,eight,1,1,1
NX769PF4C6TQ2VP2C,Sports Car,2016-06-03T06:10:30.0900494Z,93,364,79,34,47,44,114852,Redmond,8,1,1,1,seventh,1,1,1
DUPADLCEK94T5G015,Small SUV,2016-06-03T06:10:30.6553591Z,97,437,95,19,49,48,77590,Bellevue,49,0,0,0,eight,0,0,0
0Y9CDQ4876ES7ISIA,Family Saloon,2016-06-03T06:10:31.2430460Z,63,78,46,14,32,23,162140,Bellevue,27,0,0,0,second,0,0,0
TJ8G1X5W9GAZTGN39,Family Saloon,2016-06-03T06:10:31.8370810Z,0,133,1,14,0,0,97287,Seattle,87,0,0,0,first,0,0,0
KFMFVCNXDSN30IXN0,Family Saloon,2016-06-03T06:10:32.4059079Z,55,46,16,26,28,18,161519,Redmond,76,0,0,0,second,0,0,0
9604BYYX6V5GSSV2K,Sedan,2016-06-03T06:10:33.5767323Z,77,176,65,21,39,33,29512,Bellevue,5,0,0,0,fourth,0,0,0
2YH3ZQG30MLZ78E02,Hybrid,2016-06-03T06:10:32.9704491Z,70,457,77,35,35,30,574,Seattle,14,1,1,1,sixth,1,1,1
O8Z97NEK4IAMWQYYV,Sedan,2016-06-03T06:10:34.1689231Z,70,457,77,25,35,30,155407,Seattle,63,1,1,1,sixth,1,1,1
U60P3KDQ2YUY2FW9P,Station Wagon,2016-06-03T06:10:34.7506762Z,66,450,73,37,33,27,167758,Seattle,55,1,1,1,sixth,1,1,1
LOOWB4O6BZUL7GIOU,Large SUV,2016-06-03T06:10:35.9560801Z,60,64,42,27,30,21,35740,Bellevue,68,1,1,1,second,1,1,1
NVFR0Z8FL60Z1MVGW,Small SUV,2016-06-03T06:10:35.3447593Z,44,407,54,30,22,15,72069,Seattle,74,1,1,1,fifth,1,1,1
460ATLL1J6PT06CCJ,Station Wagon,2016-06-03T06:10:36.6371010Z,48,26,11,4,24,14,189614,Redmond,57,1,1,1,first,1,1,1
HG2WPGAFOM95HA4RV,Sedan,2016-06-03T06:10:37.7827760Z,59,61,42,24,30,21,71582,Bellevue,27,0,0,0,second,0,0,0
9O5BPXQ8CXWHMH9M5,Sedan,2016-06-03T06:10:38.7051331Z,96,412,93,27,48,47,109317,Bellevue,41,1,1,1,seventh,1,1,1
2C6QPSN5ZZ888S4IU,Compact Car,2016-06-03T06:10:39.7057951Z,68,106,31,17,34,26,98364,Sammamish,75,0,0,0,third,0,0,0
C6PCOT6XIZ30G8OXW,Hybrid,2016-06-03T06:10:40.5442926Z,62,73,45,13,31,22,16225,Bellevue,74,1,1,1,second,1,1,1
WV6U4G02QIBH2SV60,Large SUV,2016-06-03T06:10:41.3150473Z,96,416,93,6,48,47,125917,Bellevue,4,0,0,0,seventh,0,0,0
5W3M3HTD18I9UWRJ9,Hybrid,2016-06-03T06:10:42.2736990Z,48,26,11,37,24,15,186875,Redmond,24,1,1,1,first,1,1,1
SENVUMGISDVAN7F4R,Family Saloon,2016-06-03T06:10:42.8785937Z,77,170,64,2,38,32,196155,Bellevue,97,1,1,1,fourth,1,1,1
3IULQNR9142HNRXP0,Hybrid,2016-06-03T06:10:43.5019449Z,98,455,94,12,49,49,145071,Redmond,47,1,1,1,eight,1,1,1
WWUWW15FEM3N51ZZA,Large SUV,2016-06-03T06:10:44.1400091Z,68,106,31,23,34,26,67279,Sammamish,80,0,0,0,third,0,0,0
2U5XZ25GVJTYM4NRA,Station Wagon,2016-06-03T06:10:45.3184350Z,50,420,59,17,25,18,137842,Seattle,51,0,0,0,fifth,0,0,0
VHMM3365SQIMO8L9A,Station Wagon,2016-06-03T06:10:44.7190106Z,65,89,49,20,33,24,56875,Bellevue,96,0,0,0,second,0,0,0
KLD0MSRCTVIEHKP46,Family Saloon,2016-06-03T06:10:45.8876001Z,46,411,56,24,23,16,79651,Seattle,44,1,1,1,fifth,1,1,1
I4GMHMKI9MXLPZJ4D,Hybrid,2016-06-03T06:10:46.4729250Z,81,208,70,17,40,35,18397,Bellevue,24,1,1,1,fourth,1,1,1
NZDXXW1TY23151Y9B,Hybrid,2016-06-03T06:10:47.6426374Z,93,363,79,4,47,44,191625,Redmond,29,1,1,1,seventh,1,1,1
PC1I37SCBEQ44FZED,Sedan,2016-06-03T06:10:47.0585729Z,94,384,82,36,47,45,10622,Redmond,78,1,1,1,seventh,1,1,1
L6Z8O7X8FPI5LQD31,Large SUV,2016-06-03T06:10:48.5980662Z,58,437,67,22,29,23,139244,Seattle,55,0,0,0,sixth,0,0,0
TXYPKW8UT3GO9SQ50,Medium SUV,2016-06-03T06:10:49.1851643Z,99,475,97,0,50,49,34039,Redmond,77,0,0,0,eight,0,0,0
I0KH9ZRMJOT472NE2,Family Saloon,2016-06-03T06:10:49.7610386Z,98,452,93,10,49,48,93902,Redmond,8,0,0,0,eight,0,0,0
M3Y1RCY4329MB7LFM,Hybrid,2016-06-03T06:10:50.3522978Z,65,89,49,26,33,24,128850,Bellevue,9,0,0,0,second,0,0,0
QZ39PWMWU9F813DUL,Convertible,2016-06-03T06:10:51.1580108Z,56,432,64,16,28,22,193397,Seattle,70,0,0,0,fifth,0,0,0
ZO1DRU0Z3LG141CWD,Sedan,2016-06-03T06:10:51.7222545Z,63,79,46,21,32,23,75727,Bellevue,28,0,0,0,second,0,0,0
ZFTX25NC6R0ZPS4WW,Large SUV,2016-06-03T06:10:52.8741437Z,61,442,69,21,31,25,27432,Seattle,16,1,1,1,sixth,1,1,1
SKFXJJNBII3AF3T78,Sedan,2016-06-03T06:10:52.3048521Z,47,415,57,19,24,17,198577,Seattle,68,0,0,0,fifth,0,0,0
7VRMJT760DYL9LM90,Large SUV,2016-06-03T06:10:53.4863965Z,95,393,84,39,48,46,54864,Redmond,83,0,0,0,seventh,0,0,0
DPJP8PBXVR11WFATY,Medium SUV,2016-06-03T06:10:54.1276615Z,65,448,72,5,32,27,161495,Seattle,26,0,0,0,sixth,0,0,0
USBTI5RFENT5QUZ6F,Large SUV,2016-06-03T06:10:54.7546511Z,63,76,46,25,31,23,89487,Bellevue,32,1,1,1,second,1,1,1
RPMFD6YT62PA0UESF,Station Wagon,2016-06-03T06:10:55.5236084Z,64,82,47,0,32,24,71662,Bellevue,82,1,1,1,second,1,1,1
Z868UQC8H7U3P9U21,Family Saloon,2016-06-03T06:10:56.1099372Z,60,66,43,38,30,21,110116,Bellevue,24,1,1,1,second,1,1,1
T3KLZ617OKEGL3TGJ,Coupe,2016-06-03T06:10:57.9772438Z,69,456,76,10,35,30,125822,Seattle,16,0,0,0,sixth,0,0,0
KL6L0A8IGL5OMNCLY,Family Saloon,2016-06-03T06:10:59.8597858Z,68,108,32,16,34,26,66554,Sammamish,22,0,0,0,third,0,0,0
TSH5CTQ742NK69LT0,Family Saloon,2016-06-03T06:11:01.2352823Z,56,432,65,19,28,22,49985,Seattle,45,0,0,0,fifth,0,0,0
YEL4K5RNX940QFNL3,Sedan,2016-06-03T06:11:02.7333714Z,66,96,29,12,33,25,108132,Sammamish,89,0,0,0,third,0,0,0
XMGM2J86170557T64,Coupe,2016-06-03T06:11:04.8787391Z,93,363,79,32,47,44,72082,Redmond,10,1,1,1,seventh,1,1,1
7GB1UB3UFWDYHNBQF,Compact Car,2016-06-03T06:11:06.8067683Z,66,450,73,27,33,28,54352,Seattle,3,1,1,1,sixth,1,1,1
MTP34WQYET4MBXKP3,Sedan,2016-06-03T06:11:07.9214571Z,54,428,63,2,27,21,63907,Seattle,21,0,0,0,fifth,0,0,0
HSW81YZHGFAK8T17G,Family Saloon,2016-06-03T06:11:10.0803115Z,99,467,95,6,50,49,84572,Redmond,56,1,1,1,eight,1,1,1
QRK397JFV5KKCY78D,Station Wagon,2016-06-03T06:11:12.4865535Z,97,441,95,35,49,48,4930,Bellevue,29,0,0,0,eight,0,0,0
QFVTEU3PBZW4JWX6E,Sedan,2016-06-03T06:11:14.5149299Z,99,468,95,4,50,49,128297,Redmond,31,1,1,1,eight,1,1,1
2N9OS9UGCQ46GWWUG,Small SUV,2016-06-03T06:11:16.1212259Z,2,203,6,23,1,0,49878,Seattle,94,1,1,1,first,1,1,1
QFRHPLBULSM9P8YNE,Large SUV,2016-06-03T06:11:17.6218731Z,64,447,72,39,32,26,37509,Seattle,66,1,1,1,sixth,1,1,1
PJ2ZC760FOSYJ5CBF,Sedan,2016-06-03T06:11:19.1843852Z,67,453,74,18,34,28,88167,Seattle,44,0,0,0,sixth,0,0,0
1IHKKS8G5EYPZT624,Sedan,2016-06-03T06:11:20.7858527Z,80,198,68,17,40,34,126458,Bellevue,44,1,1,1,fourth,1,1,1
NTETRCES5ST1SP204,Station Wagon,2016-06-03T06:11:21.9016818Z,61,68,44,23,31,22,14584,Bellevue,13,0,0,0,second,0,0,0
396IUGLTRPN4VKBKX,Convertible,2016-06-03T06:11:22.6601143Z,0,123,1,4,0,0,21015,Seattle,85,1,1,1,first,1,1,1
G5J8FO00MKO0YHNNH,Convertible,2016-06-03T06:11:23.5122922Z,93,367,80,27,47,44,90865,Redmond,24,0,0,0,seventh,0,0,0
F46X7C772FWSIAA6X,Sedan,2016-06-03T06:11:24.5270277Z,50,420,59,9,25,18,106631,Seattle,27,0,0,0,fifth,0,0,0
SSBRUGC4FBHQEJ3RK,Sedan,2016-06-03T06:11:25.4222658Z,1,187,5,1,1,0,60630,Seattle,3,0,0,0,first,0,0,0
LBAWQYRGMOKZZJI2J,Hybrid,2016-06-03T06:11:26.0396791Z,49,419,59,13,25,18,132263,Seattle,9,0,0,0,fifth,0,0,0
1M1123NT137XLBF8G,Large SUV,2016-06-03T06:11:27.4564548Z,47,25,10,26,24,14,151624,Redmond,65,1,1,1,first,1,1,1
PBVFD05649Q2MMQ5V,Station Wagon,2016-06-03T06:11:28.0725540Z,54,429,63,39,27,21,191942,Seattle,55,0,0,0,fifth,0,0,0
LWANIHIPASOXV7IY1,Compact Car,2016-06-03T06:11:28.6747225Z,98,453,93,23,49,48,63570,Redmond,77,1,1,1,eight,1,1,1
G2XP09WBQD4AH7E0X,Compact Car,2016-06-03T06:11:29.7892096Z,60,439,68,20,30,24,44692,Seattle,68,1,1,1,sixth,1,1,1
G89HXSBEJZPE7TRCC,Large SUV,2016-06-03T06:11:30.4465103Z,74,146,60,15,37,30,176206,Bellevue,68,0,0,0,third,0,0,0
NOZR1SDG9Y4Y47GZB,Hybrid,2016-06-03T06:11:39.5434933Z,70,116,33,37,35,27,76592,Sammamish,21,0,0,0,third,0,0,0
TXBSIMDQT4OYT2B9C,Large SUV,2016-06-03T06:11:45.2457084Z,64,447,72,6,32,26,55078,Seattle,55,1,1,1,sixth,1,1,1
OCKYJ5M7K30G0UUJO,Hybrid,2016-06-03T06:11:48.3595528Z,98,445,96,23,49,48,199172,Bellevue,65,1,1,1,eight,1,1,1
5850AKSXJ10JQJ7VG,Sports Car,2016-06-03T06:11:50.2449350Z,94,391,83,39,47,46,53994,Redmond,43,0,0,0,seventh,0,0,0
0CD0HYHEK8QV05NJ9,Small SUV,2016-06-03T06:11:51.3266314Z,100,493,99,17,50,50,25525,Redmond,8,1,1,1,eight,1,1,1
UANTCLYLBWI873C8B,Station Wagon,2016-06-03T06:11:52.9714140Z,93,363,79,36,47,44,197917,Redmond,69,1,1,1,seventh,1,1,1
F8FXY7MNBPK52X9QJ,Coupe,2016-06-03T06:11:54.6916796Z,94,391,83,30,47,46,46142,Redmond,66,0,0,0,seventh,0,0,0
RPSKNSJV2ZJMGLX3C,Hybrid,2016-06-03T06:11:55.5642984Z,99,463,95,24,50,49,111263,Redmond,5,0,0,0,eight,0,0,0
9M4ZEW0SL3Z9NJ298,Medium SUV,2016-06-03T06:11:56.9379806Z,68,104,31,38,34,26,109819,Sammamish,92,0,0,0,third,0,0,0
AM7QXJ7IWU3ZY6TDA,Sedan,2016-06-03T06:11:57.9966238Z,55,431,64,21,28,21,145863,Seattle,55,1,1,1,fifth,1,1,1
UMQITPU8445JE770O,Large SUV,2016-06-03T06:11:58.9041166Z,98,457,94,16,49,49,81517,Redmond,65,1,1,1,eight,1,1,1
OEJCLT7DLDY2V1D3Y,Convertible,2016-06-03T06:12:00.2429289Z,3,222,8,26,1,0,168127,Seattle,5,1,1,1,first,1,1,1
TOPX706T4XBB7RO75,Medium SUV,2016-06-03T06:12:02.9207601Z,100,493,99,31,50,50,66741,Redmond,3,1,1,1,eight,1,1,1
FNJ3OLEAJETORSVKG,Sedan,2016-06-03T06:12:04.8372404Z,51,422,60,31,25,19,191509,Seattle,63,1,1,1,fifth,1,1,1
UI8BVUOIKIJ6Y4PRB,Sedan,2016-06-03T06:12:06.5189209Z,3,216,8,27,1,0,58656,Seattle,16,1,1,1,first,1,1,1
ZVVW36RHS63R5EENY,Large SUV,2016-06-03T06:12:07.7850949Z,79,193,67,24,40,34,147769,Bellevue,52,0,0,0,fourth,0,0,0
JNZIYNLRASQ08GN5T,Station Wagon,2016-06-03T06:12:08.4119950Z,100,481,98,37,50,50,42057,Redmond,95,1,1,1,eight,1,1,1
1K778BNQB22TJUQKU,Sports Car,2016-06-03T06:12:10.2520466Z,71,127,36,13,36,28,31868,Sammamish,81,0,0,0,third,0,0,0
BYB1QU30XBIVBOZFW,Station Wagon,2016-06-03T06:12:11.2451508Z,70,458,77,22,35,30,77610,Seattle,32,1,1,1,sixth,1,1,1
BW1QH9DDVH5TYFG4E,Hybrid,2016-06-03T06:12:12.1282906Z,96,422,94,13,48,47,22647,Bellevue,26,1,1,1,seventh,1,1,1
PRJ30YBIXO80L9X6U,Large SUV,2016-06-03T06:12:12.7712359Z,64,81,47,6,32,23,86141,Bellevue,3,0,0,0,second,0,0,0
D5K1LM9JK2TH79JII,Large SUV,2016-06-03T06:12:13.3919933Z,69,456,76,21,35,30,156767,Seattle,65,0,0,0,sixth,0,0,0
5HTLJ84O2J32MFFYS,Large SUV,2016-06-03T06:12:13.9922404Z,77,174,65,36,39,32,195065,Bellevue,59,0,0,0,fourth,0,0,0
ROEKFVU4RPFJUEWL5,Compact Car,2016-06-03T06:12:14.6095152Z,51,423,61,22,26,19,123606,Seattle,9,0,0,0,fifth,0,0,0
NVRBIT3CPIR2PDC7H,Sports Car,2016-06-03T06:12:15.2416180Z,48,26,11,35,24,15,123108,Redmond,64,1,1,1,first,1,1,1
1YMQ0BFVRT18IAYQJ,Family Saloon,2016-06-03T06:12:15.8240648Z,77,171,64,35,38,32,125300,Bellevue,89,1,1,1,fourth,1,1,1
NBJKKR892WSC6VQTN,Coupe,2016-06-03T06:12:16.6089362Z,77,178,65,20,39,33,62528,Bellevue,69,1,1,1,fourth,1,1,1
OWREX5Q7BS36K5MYY,Station Wagon,2016-06-03T06:12:17.2094733Z,70,458,77,25,35,30,28430,Seattle,61,1,1,1,sixth,1,1,1
KUFX2YZQER5BVT9SJ,Hybrid,2016-06-03T06:12:18.8256875Z,64,447,71,28,32,26,49454,Seattle,51,1,1,1,sixth,1,1,1
HLXIFU9RCZIZUBLFR,Family Saloon,2016-06-03T06:12:18.1942705Z,94,388,83,1,47,45,49127,Redmond,76,1,1,1,seventh,1,1,1
XNJG3ESF0KIBQYXYC,Sedan,2016-06-03T06:12:19.4429332Z,95,407,92,22,48,46,187843,Bellevue,52,1,1,1,seventh,1,1,1
Q1YCC785B85NMU4GQ,Coupe,2016-06-03T06:12:20.0349768Z,58,56,19,22,29,20,113797,Redmond,15,1,1,1,second,1,1,1
P1SBK10VDDFPXEIHU,Compact Car,2016-06-03T06:12:21.2479381Z,100,500,100,18,50,50,161756,Redmond,3,0,0,0,eight,0,0,0
G2N5JD4KMZS053ARE,Compact Car,2016-06-03T06:12:20.6372382Z,71,127,36,11,36,28,133061,Sammamish,61,0,0,0,third,0,0,0
O0U8G0LCFQLPMY0PN,Station Wagon,2016-06-03T06:12:21.8178963Z,54,430,63,21,27,21,80455,Seattle,76,1,1,1,fifth,1,1,1
LLIL1MVZTJ8E92EKG,Family Saloon,2016-06-03T06:12:22.7029749Z,5,236,10,3,2,0,49667,Seattle,38,1,1,1,first,1,1,1
ZJDWDVGZOJJ3GDNKZ,Small SUV,2016-06-03T06:12:24.2532219Z,68,106,31,34,34,26,182544,Sammamish,95,0,0,0,third,0,0,0
I65HDRM03XTGOQ8G1,Convertible,2016-06-03T06:12:23.2783257Z,2,196,6,14,1,0,3659,Seattle,21,1,1,1,first,1,1,1
TC1DUBK4OWHTMDBP6,Compact Car,2016-06-03T06:12:25.0915452Z,63,446,71,3,32,26,96248,Seattle,89,0,0,0,sixth,0,0,0
HLOMJRCK0UN725GI8,Convertible,2016-06-03T06:12:25.6897503Z,100,500,100,4,50,50,104530,Redmond,6,0,0,0,eight,0,0,0
H6B0IYJM4V2BHNXPW,Sports Car,2016-06-03T06:12:26.3180117Z,45,410,55,6,23,16,148846,Seattle,10,0,0,0,fifth,0,0,0
BJRH9ON7Y1H0MC5EH,Convertible,2016-06-03T06:12:26.9034801Z,95,404,92,21,48,46,180791,Bellevue,9,0,0,0,seventh,0,0,0
5N97WWETF2TXG2B0D,Family Saloon,2016-06-03T06:12:28.6677885Z,78,186,66,8,39,33,44380,Bellevue,63,0,0,0,fourth,0,0,0
NX769PF4C6TQ2VP2C,Sports Car,2016-06-03T06:12:29.3057035Z,94,378,81,19,47,45,60597,Redmond,7,0,0,0,seventh,0,0,0
SJM7SJCINQMYNAU8R,Medium SUV,2016-06-03T06:12:30.4681639Z,67,453,74,14,34,28,167688,Seattle,10,0,0,0,sixth,0,0,0
YLYD0AXIJEUAY9GJE,Sedan,2016-06-03T06:12:29.8756103Z,98,451,93,22,49,48,150650,Redmond,1,0,0,0,eight,0,0,0
GXT4XC1VIX12U1HTX,Coupe,2016-06-03T06:12:31.1533126Z,56,48,17,28,28,19,196963,Redmond,61,1,1,1,second,1,1,1
XZ4T85KNCT59WOHEX,Compact Car,2016-06-03T06:12:32.3948255Z,95,392,84,36,47,46,18299,Redmond,44,0,0,0,seventh,0,0,0
5HTLJ84O2J32MFFYS,Large SUV,2016-06-03T06:12:33.0191613Z,72,133,37,13,36,29,162602,Sammamish,5,0,0,0,third,0,0,0
TGS7YL4P3UKTXIE07,Hybrid,2016-06-03T06:12:33.6421020Z,96,411,93,5,48,46,84580,Bellevue,24,1,1,1,seventh,1,1,1
8I83IRZ0F7QFNIQSM,Medium SUV,2016-06-03T06:12:34.4094916Z,1,167,3,36,0,0,198454,Seattle,10,1,1,1,first,1,1,1
2NZ1XNVG44QMJDJEV,Family Saloon,2016-06-03T06:12:35.8620714Z,52,35,13,10,26,16,129907,Redmond,14,1,1,1,first,1,1,1
7KB9S8Q82VR4XUBKF,Large SUV,2016-06-03T06:12:36.4595405Z,78,182,66,16,39,33,117065,Bellevue,39,0,0,0,fourth,0,0,0
TI9674Y9HIFLQEG47,Large SUV,2016-06-03T06:12:37.0488465Z,92,355,78,20,46,44,101890,Redmond,59,0,0,0,seventh,0,0,0
M3RDLGDNYC62804VS,Large SUV,2016-06-03T06:12:37.6556586Z,98,446,96,25,49,48,144711,Bellevue,25,1,1,1,eight,1,1,1
Z2JUP67FM996G1PXB,Family Saloon,2016-06-03T06:12:38.5904578Z,77,177,65,11,39,33,21731,Bellevue,30,1,1,1,fourth,1,1,1
ATBT6XKIT9RCU98DO,Convertible,2016-06-03T06:12:40.4869320Z,72,130,36,9,36,29,146190,Sammamish,16,1,1,1,third,1,1,1
QKCHRE6RZGZ9RN71P,Sports Car,2016-06-03T06:12:39.2291520Z,70,115,33,31,35,27,124509,Sammamish,96,0,0,0,third,0,0,0
GL9S17PZGKASHINZZ,Large SUV,2016-06-03T06:12:41.0771034Z,59,439,68,20,30,24,112208,Seattle,63,1,1,1,sixth,1,1,1
ONKWYCUCYR62CF74J,Family Saloon,2016-06-03T06:12:42.3221527Z,63,446,71,29,32,26,94560,Seattle,11,0,0,0,sixth,0,0,0
0I2L5C2P0RY3P97FR,Sedan,2016-06-03T06:12:44.6044936Z,72,133,37,33,36,29,164150,Sammamish,58,0,0,0,third,0,0,0
WKTSC4PASGY2YP861,Station Wagon,2016-06-03T06:12:45.9954551Z,1,165,3,27,0,0,17811,Seattle,50,1,1,1,first,1,1,1
8GC6LS6WPZM7FNQ23,Family Saloon,2016-06-03T06:12:46.8388155Z,78,181,66,8,39,33,147400,Bellevue,70,1,1,1,fourth,1,1,1
3I4KH7FQJO8BY9R1M,Small SUV,2016-06-03T06:12:47.4474448Z,51,35,13,6,26,16,140569,Redmond,16,1,1,1,first,1,1,1
ICYGL41QG29AP4AEN,Sedan,2016-06-03T06:12:48.0345733Z,4,226,9,27,2,0,198109,Seattle,84,0,0,0,first,0,0,0
5WYSL1CRML008PM21,Convertible,2016-06-03T06:12:48.6438637Z,64,84,48,27,32,24,95104,Bellevue,54,1,1,1,second,1,1,1
VVGG3H0U40ITXCCQA,Sedan,2016-06-03T06:12:49.5789674Z,67,100,30,16,34,26,52853,Sammamish,84,1,1,1,third,1,1,1
L77SNNI7JXLQ5A5JZ,Family Saloon,2016-06-03T06:12:50.1901440Z,77,176,65,35,39,33,46703,Bellevue,58,0,0,0,fourth,0,0,0
G6RY4WQF149EB309W,Family Saloon,2016-06-03T06:12:51.0447648Z,66,451,73,24,33,28,38622,Seattle,70,1,1,1,sixth,1,1,1
5HR8TB8J2O4QNBEKS,Convertible,2016-06-03T06:12:51.6829280Z,3,212,7,21,1,0,196095,Seattle,41,0,0,0,first,0,0,0
F5ZVU6216C4EXOLYO,Hybrid,2016-06-03T06:12:52.4356358Z,97,427,94,4,49,47,26071,Bellevue,45,0,0,0,eight,0,0,0
XX3CV9DIHLGE00WN8,Sedan,2016-06-03T06:12:53.0144709Z,95,405,92,1,48,46,150266,Bellevue,96,0,0,0,seventh,0,0,0
4QWZO3A6SHJX834C0,Family Saloon,2016-06-03T06:12:54.3704297Z,72,135,58,25,36,29,91921,Bellevue,37,0,0,0,third,0,0,0
35Q7XCDDD29A9799J,Sports Car,2016-06-03T06:12:53.7987670Z,75,154,61,15,38,31,164447,Bellevue,67,0,0,0,fourth,0,0,0
WKYJOHNWT2SMSUJ1N,Convertible,2016-06-03T06:12:54.9875027Z,81,214,70,10,41,35,181190,Bellevue,91,0,0,0,fourth,0,0,0
FFNXD2JLQPOBJEXU3,Sedan,2016-06-03T06:12:55.8266364Z,77,177,65,9,39,33,111646,Bellevue,95,1,1,1,fourth,1,1,1
YGKF4S854P53KFPC7,Large SUV,2016-06-03T06:12:56.4419227Z,52,425,61,5,26,20,106123,Seattle,80,0,0,0,fifth,0,0,0
78TSJTMDJAM7SP9JP,Station Wagon,2016-06-03T06:12:57.1452202Z,95,408,92,39,48,46,139603,Bellevue,28,1,1,1,seventh,1,1,1
A1IP7VAEV1HSZC6CX,Large SUV,2016-06-03T06:12:57.8407638Z,51,34,13,22,26,16,31058,Redmond,53,1,1,1,first,1,1,1
TGIWFE3ATK2JVG527,Compact Car,2016-06-03T06:12:58.5889156Z,98,457,94,0,49,49,7832,Redmond,64,1,1,1,eight,1,1,1
K1RQ6TZOABLZ68O03,Sedan,2016-06-03T06:13:00.2206967Z,96,422,94,22,48,47,169695,Bellevue,54,1,1,1,seventh,1,1,1
7FX20MED1J89VI33N,Hybrid,2016-06-03T06:12:59.6025984Z,67,452,74,12,33,28,6874,Seattle,55,0,0,0,sixth,0,0,0
PX7ARXQM5ZL77U63V,Station Wagon,2016-06-03T06:13:00.8367017Z,75,158,62,32,38,31,68183,Bellevue,19,1,1,1,fourth,1,1,1
QXO6920WW4H442K24,Hybrid,2016-06-03T06:13:01.4566780Z,3,218,8,2,1,0,197056,Seattle,44,1,1,1,first,1,1,1
7LFKU3U7K8JY6A74P,Family Saloon,2016-06-03T06:13:02.6055957Z,100,493,99,37,50,50,196857,Redmond,80,1,1,1,eight,1,1,1
7FUAD80VBRB9214H3,Family Saloon,2016-06-03T06:13:02.0495587Z,75,158,62,6,38,31,93997,Bellevue,36,1,1,1,fourth,1,1,1
UMAHY00SCNHMTYHS6,Compact Car,2016-06-03T06:13:03.2056809Z,70,121,34,21,35,28,195106,Sammamish,16,1,1,1,third,1,1,1
9G5TSZRE6REL0VDQT,Hybrid,2016-06-03T06:13:03.8012084Z,57,435,66,36,29,23,163682,Seattle,34,1,1,1,sixth,1,1,1
SWGF4JG31KV2Q6IW0,Hybrid,2016-06-03T06:13:04.4158881Z,56,48,17,10,28,19,49313,Redmond,12,1,1,1,second,1,1,1
Y8TWTEKBBH8CNEKI8,Hybrid,2016-06-03T06:13:05.0239963Z,70,118,34,0,35,27,180056,Sammamish,42,1,1,1,third,1,1,1
W1DEH0EOE4CPZ1ENU,Large SUV,2016-06-03T06:13:06.0448124Z,48,26,11,39,24,14,130155,Redmond,15,1,1,1,first,1,1,1
5EO3GEF3XH5KEPDQ6,Station Wagon,2016-06-03T06:13:06.6654055Z,54,430,63,20,27,21,132921,Seattle,63,1,1,1,fifth,1,1,1
OV09CSY0ZIAIO059U,Sedan,2016-06-03T06:13:09.3784038Z,67,453,74,27,34,28,29171,Seattle,71,0,0,0,sixth,0,0,0
KLM901IVL5E8QAQBJ,Family Saloon,2016-06-03T06:13:08.7389889Z,95,407,92,28,48,46,195590,Bellevue,38,1,1,1,seventh,1,1,1
90548P2UUV2S70673,Sedan,2016-06-03T06:13:09.9930388Z,65,86,48,9,32,24,170751,Bellevue,51,0,0,0,second,0,0,0
9WJB2HOS50GYS248J,Coupe,2016-06-03T06:13:10.6300354Z,71,459,77,27,36,31,14908,Seattle,22,1,1,1,sixth,1,1,1
DNXDISU17ISLF28C1,Small SUV,2016-06-03T06:13:12.3155223Z,4,234,10,34,2,0,46315,Seattle,55,0,0,0,first,0,0,0
WORG68Z2PLTNZDBI7,Family Saloon,2016-06-03T06:13:11.6503346Z,74,151,61,0,37,30,192454,Bellevue,35,1,1,1,third,1,1,1
MYLIIPP8POMC7D1CX,Station Wagon,2016-06-03T06:13:13.1172974Z,94,389,83,1,47,45,12276,Redmond,51,0,0,0,seventh,0,0,0
XATXYKF5KJHL8XW16,Large SUV,2016-06-03T06:13:13.9164819Z,60,65,43,33,30,21,29635,Bellevue,19,1,1,1,second,1,1,1
855BU9HK395AYKM7Z,Compact Car,2016-06-03T06:13:15.0368765Z,49,419,59,13,25,18,116509,Seattle,75,0,0,0,fifth,0,0,0
HPSBI9GVVH0MZA435,Sedan,2016-06-03T06:13:16.8918688Z,70,458,77,17,35,30,157837,Seattle,55,1,1,1,sixth,1,1,1
I7CWJZ6R3ST4W523R,Coupe,2016-06-03T06:13:19.3006347Z,64,81,47,21,32,23,161977,Bellevue,98,1,1,1,second,1,1,1
U3Q20OC4V7OVZQD64,Family Saloon,2016-06-03T06:13:23.0635443Z,57,52,18,15,28,19,169907,Redmond,62,0,0,0,second,0,0,0
XS3KKW886PTR4B5JX,Station Wagon,2016-06-03T06:13:25.5654888Z,63,79,46,16,32,23,31383,Bellevue,65,0,0,0,second,0,0,0
G1N3WYPVHMTBSNTRN,Small SUV,2016-06-03T06:13:28.5184150Z,99,463,95,12,50,49,162433,Redmond,73,0,0,0,eight,0,0,0
J3UEBFUAWOLW1NA9M,Sedan,2016-06-03T06:13:30.5430425Z,44,408,54,17,22,15,21288,Seattle,51,1,1,1,fifth,1,1,1
Z2C4DWVUN9WNR0XKP,Hybrid,2016-06-03T06:13:32.9727331Z,70,116,33,25,35,27,84390,Sammamish,49,0,0,0,third,0,0,0
A6VKEWT7Y751GW02O,Sedan,2016-06-03T06:13:34.2609256Z,97,431,94,12,49,47,56558,Bellevue,56,1,1,1,eight,1,1,1
N7JV75WZ0OCOQEDGZ,Compact Car,2016-06-03T06:13:33.6752370Z,48,25,10,26,24,14,128752,Redmond,23,1,1,1,first,1,1,1
KIT8NT6ZT6RY0P84I,Hybrid,2016-06-03T06:13:34.8320179Z,0,118,1,16,0,0,49190,Seattle,29,1,1,1,first,1,1,1
LFQW1OKHGC3OSPYIA,Sedan,2016-06-03T06:13:35.4351008Z,58,57,19,9,29,20,79823,Redmond,89,1,1,1,second,1,1,1
E73WPS71QUWYR1K45,Sports Car,2016-06-03T06:13:36.0314592Z,81,210,70,17,41,35,120457,Bellevue,87,1,1,1,fourth,1,1,1
DQNY47FOQQRNWOUZY,Sports Car,2016-06-03T06:13:36.6600087Z,0,72,0,19,0,0,130872,Seattle,56,1,1,1,first,1,1,1
WMEUTSJC2XHZS1I0V,Family Saloon,2016-06-03T06:13:37.2602472Z,58,54,19,34,29,20,56085,Redmond,51,0,0,0,second,0,0,0
UFVDUOCUKY86W2AVP,Family Saloon,2016-06-03T06:13:37.9823332Z,93,373,80,11,47,45,187677,Redmond,48,1,1,1,seventh,1,1,1
NWQTNR2FPARTI474Q,Hybrid,2016-06-03T06:13:40.0035586Z,100,496,100,24,50,50,104581,Redmond,59,0,0,0,eight,0,0,0
C76BYOK0OXDFAIE87,Coupe,2016-06-03T06:13:38.5760732Z,51,32,13,12,25,16,181401,Redmond,49,1,1,1,first,1,1,1
VDRKMX1QOU4MITQAL,Sedan,2016-06-03T06:13:40.5988827Z,94,377,81,23,47,45,89514,Redmond,13,0,0,0,seventh,0,0,0
14BZZQO5WQN3AWNQU,Large SUV,2016-06-03T06:13:41.1892379Z,52,35,13,20,26,16,136980,Redmond,23,0,0,0,first,0,0,0
G535XU2EP4EZYQ9V5,Family Saloon,2016-06-03T06:13:41.7922825Z,94,377,81,8,47,45,63822,Redmond,17,0,0,0,seventh,0,0,0
B0RTKSTPYD2DGODTV,Station Wagon,2016-06-03T06:13:42.7647674Z,81,216,71,21,41,35,164507,Bellevue,58,0,0,0,fourth,0,0,0
OOYDCQ5731N18LOMC,Sedan,2016-06-03T06:13:44.8617377Z,79,195,68,3,40,34,141829,Bellevue,24,0,0,0,fourth,0,0,0
AAYW7K4YP7I4RNOPV,Sedan,2016-06-03T06:13:45.7248931Z,64,81,47,30,32,23,46413,Bellevue,93,0,0,0,second,0,0,0
2CMJ5UEGMD5B9EQWE,Large SUV,2016-06-03T06:13:46.5620185Z,56,50,17,30,28,19,37466,Redmond,72,1,1,1,second,1,1,1
KN5KHO91L35M89DC8,Sedan,2016-06-03T06:13:47.3474225Z,58,55,19,36,29,20,30430,Redmond,58,1,1,1,second,1,1,1
QMZC3BCMRV0L41F2D,Hybrid,2016-06-03T06:13:48.3896481Z,56,47,17,0,28,19,147170,Redmond,7,1,1,1,second,1,1,1
4LP8Z49AGG6AP1IWS,Hybrid,2016-06-03T06:13:48.9607293Z,50,32,12,20,25,16,101972,Redmond,1,1,1,1,first,1,1,1
6NV8M1G8FNB334F2N,Large SUV,2016-06-03T06:13:49.8421449Z,64,83,47,1,32,24,98457,Bellevue,11,1,1,1,second,1,1,1
E2OWKGVAA3TB2FQSE,Coupe,2016-06-03T06:13:50.4283546Z,66,451,74,30,33,28,90512,Seattle,55,1,1,1,sixth,1,1,1
MZTUCTG6S4JHHGT1C,Family Saloon,2016-06-03T06:13:51.0734256Z,77,176,65,12,39,33,97931,Bellevue,66,0,0,0,fourth,0,0,0
2PBFWBBZTHA034ITE,Medium SUV,2016-06-03T06:13:51.6736397Z,70,457,77,11,35,30,112342,Seattle,37,1,1,1,sixth,1,1,1
RY9PXJYF8Q1YD5I0I,Hybrid,2016-06-03T06:13:52.8155437Z,70,120,34,38,35,28,178963,Sammamish,12,1,1,1,third,1,1,1
ONKWYCUCYR62CF74J,Family Saloon,2016-06-03T06:13:52.2454450Z,66,450,73,20,33,27,132863,Seattle,29,1,1,1,sixth,1,1,1
PZQAYREQWH527DV50,Sedan,2016-06-03T06:13:53.3804848Z,78,182,66,29,39,33,51380,Bellevue,2,0,0,0,fourth,0,0,0
QJRYUKBVNN6EUN28R,Sedan,2016-06-03T06:13:53.9756766Z,64,85,48,29,32,24,109523,Bellevue,48,1,1,1,second,1,1,1
JMOFPGJS6EJZQCV91,Convertible,2016-06-03T06:13:55.1613899Z,96,423,94,4,48,47,194569,Bellevue,70,1,1,1,seventh,1,1,1
E03FU2XNNFD2CLU7K,Family Saloon,2016-06-03T06:13:54.5473499Z,67,452,74,27,33,28,15641,Seattle,98,0,0,0,sixth,0,0,0
LMBRFO0CLEWVKRA04,Station Wagon,2016-06-03T06:13:55.7172942Z,80,203,69,25,40,35,46776,Bellevue,2,0,0,0,fourth,0,0,0
V2XCUCHXDBW83G0CN,Medium SUV,2016-06-03T06:13:56.2791570Z,54,429,63,19,27,21,135591,Seattle,64,0,0,0,fifth,0,0,0
K1Q3XR1XOZTWPVNG9,Station Wagon,2016-06-03T06:13:57.5158763Z,68,104,31,8,34,26,135916,Sammamish,21,0,0,0,third,0,0,0
6KLXKPHA41IHKV4UM,Sports Car,2016-06-03T06:13:56.9316946Z,71,122,35,14,35,28,142860,Sammamish,52,1,1,1,third,1,1,1
U3Q20OC4V7OVZQD64,Family Saloon,2016-06-03T06:13:58.1153619Z,53,428,62,14,27,20,10637,Seattle,22,0,0,0,fifth,0,0,0
S8K5IF7TLT6PBRTGV,Family Saloon,2016-06-03T06:13:58.6817186Z,49,419,59,17,25,18,149533,Seattle,74,0,0,0,fifth,0,0,0
O4PIQFIU1ULCNH3RE,Large SUV,2016-06-03T06:13:59.8817899Z,61,70,44,22,31,22,21012,Bellevue,24,0,0,0,second,0,0,0
S3NXDZH29G09BY77M,Family Saloon,2016-06-03T06:13:59.2809770Z,97,426,94,0,48,47,19800,Bellevue,20,0,0,0,seventh,0,0,0
7BSX20W2T4T0T50YZ,Hybrid,2016-06-03T06:14:00.4556938Z,57,54,19,38,29,20,196726,Redmond,70,0,0,0,second,0,0,0
SCPVXHP84NXOK6ZQS,Hybrid,2016-06-03T06:14:01.0043427Z,98,455,94,34,49,49,141284,Redmond,57,1,1,1,eight,1,1,1
KBSM14UZ8CCMU2VE8,Family Saloon,2016-06-03T06:14:01.5833434Z,97,432,95,24,49,47,115940,Bellevue,45,1,1,1,eight,1,1,1
RIBJLHHKCFVPCYPIP,Large SUV,2016-06-03T06:14:02.1683042Z,62,75,45,0,31,23,125311,Bellevue,35,1,1,1,second,1,1,1
6PQGV44MP0RW7K19T,Large SUV,2016-06-03T06:14:03.0069307Z,93,368,80,34,47,44,167093,Redmond,90,0,0,0,seventh,0,0,0
GEFAEBS0H3FIVOR2J,Family Saloon,2016-06-03T06:14:03.5918065Z,51,423,61,30,26,19,39926,Seattle,88,0,0,0,fifth,0,0,0
0X1PDFZLQWB2Z2OJJ,Small SUV,2016-06-03T06:14:05.0897140Z,63,77,46,18,31,23,88253,Bellevue,87,0,0,0,second,0,0,0
9DMCVNZI6MQVB7OH0,Hybrid,2016-06-03T06:14:04.4567219Z,96,416,93,19,48,47,50244,Bellevue,40,0,0,0,seventh,0,0,0
5MCU5IBEH0XWPF86W,Sedan,2016-06-03T06:14:05.6908167Z,47,414,57,18,23,17,196894,Seattle,89,0,0,0,fifth,0,0,0
ILVKP2FAG3WG5IM8C,Sports Car,2016-06-03T06:14:06.3593436Z,54,429,63,39,27,21,97632,Seattle,27,1,1,1,fifth,1,1,1
I9OTCT66KYR638IZC,Family Saloon,2016-06-03T06:14:06.9919470Z,80,205,69,19,40,35,31902,Bellevue,89,0,0,0,fourth,0,0,0
X3ZJY21FYDZZ90GCH,Large SUV,2016-06-03T06:14:07.8450999Z,97,429,94,11,49,47,143254,Bellevue,74,0,0,0,eight,0,0,0
W6DHO3BNBLHZNEJZY,Large SUV,2016-06-03T06:14:08.5339412Z,70,122,35,29,35,28,36957,Sammamish,33,1,1,1,third,1,1,1
T06DJS30Y10O8FZXD,Small SUV,2016-06-03T06:14:09.2017671Z,75,156,62,8,38,31,36574,Bellevue,79,0,0,0,fourth,0,0,0
KLNDEKDBH1OSE2WLU,Family Saloon,2016-06-03T06:14:09.8328123Z,97,438,95,4,49,48,164461,Bellevue,23,0,0,0,eight,0,0,0
JJUO5ARH38DUFJYSP,Compact Car,2016-06-03T06:14:10.4019991Z,96,415,93,11,48,47,37194,Bellevue,58,0,0,0,seventh,0,0,0
KUSBIPA04LYM2EIIP,Hybrid,2016-06-03T06:14:11.0342494Z,75,152,61,28,37,31,39275,Bellevue,56,0,0,0,third,0,0,0
S2X3N4BACU2TN96FJ,Family Saloon,2016-06-03T06:14:11.7031512Z,79,187,67,29,39,33,23803,Bellevue,4,1,1,1,fourth,1,1,1
8O3IRGRAU9T45IR9R,Small SUV,2016-06-03T06:14:12.5287652Z,0,124,1,22,0,0,47367,Seattle,58,1,1,1,first,1,1,1
CMPZWL64UWTCGKYZM,Coupe,2016-06-03T06:14:13.3040573Z,61,67,43,12,30,22,6680,Bellevue,58,1,1,1,second,1,1,1
SQXGQSDKFH34LR8S6,Large SUV,2016-06-03T06:14:14.0195689Z,69,112,33,20,35,27,5859,Sammamish,64,1,1,1,third,1,1,1
0673X7YIBANR1BRXL,Sedan,2016-06-03T06:14:14.7782127Z,80,200,69,4,40,34,26312,Bellevue,5,1,1,1,fourth,1,1,1
RZQA1XJOCGE5GLJ71,Family Saloon,2016-06-03T06:14:15.9575372Z,71,459,77,7,36,31,27889,Seattle,13,1,1,1,sixth,1,1,1
4FYGDM5C6HS2K3RY5,Hybrid,2016-06-03T06:14:16.7820347Z,71,126,35,10,36,28,131197,Sammamish,36,0,0,0,third,0,0,0
9Y3AWOPM7RRYD1CKM,Large SUV,2016-06-03T06:14:17.4076227Z,95,402,85,22,48,46,143019,Redmond,13,0,0,0,seventh,0,0,0
B2C46I8SHH5Q08LUL,Station Wagon,2016-06-03T06:14:17.9826386Z,94,380,82,6,47,45,142526,Redmond,65,0,0,0,seventh,0,0,0
HCL56VE93N34SXY07,Hybrid,2016-06-03T06:14:19.1320194Z,97,431,94,23,49,47,39450,Bellevue,44,1,1,1,eight,1,1,1
14S1DUMGBCN3JIA2B,Hybrid,2016-06-03T06:14:18.5605519Z,92,358,78,5,46,44,190505,Redmond,18,0,0,0,seventh,0,0,0
OKQBG2ICF2KRYHDUY,Small SUV,2016-06-03T06:14:19.6992017Z,95,408,92,9,48,46,93523,Bellevue,12,1,1,1,seventh,1,1,1
76JLDWTFH8TDRIC0Y,Coupe,2016-06-03T06:14:20.2840886Z,94,386,83,21,47,45,59455,Redmond,6,1,1,1,seventh,1,1,1
DXTBFF7Q1SN7UGBZY,Large SUV,2016-06-03T06:14:21.4564433Z,48,27,11,39,24,15,177551,Redmond,12,1,1,1,first,1,1,1
XAOBEOWOSPH0V1SD3,Hybrid,2016-06-03T06:14:20.8629705Z,93,364,79,5,47,44,55579,Redmond,84,1,1,1,seventh,1,1,1
CLJEN8EKX0S0BG3I9,Family Saloon,2016-06-03T06:14:22.0643395Z,66,92,50,34,33,25,58452,Bellevue,2,1,1,1,second,1,1,1
XTZVYB2R1IHB66SNE,Large SUV,2016-06-03T06:14:23.0029513Z,68,108,32,35,34,27,96872,Sammamish,61,1,1,1,third,1,1,1
QBFAR061A64KVBKX6,Station Wagon,2016-06-03T06:14:23.7038308Z,48,417,58,15,24,18,2108,Seattle,14,1,1,1,fifth,1,1,1
3RU2E6A5BY89CDQ5Y,Station Wagon,2016-06-03T06:14:24.2891837Z,96,421,93,38,48,47,16569,Bellevue,68,1,1,1,seventh,1,1,1
TMK8FNP006FC6A7FZ,Station Wagon,2016-06-03T06:14:24.8528369Z,80,201,69,27,40,34,12487,Bellevue,91,1,1,1,fourth,1,1,1
24VQU95A10FONY1M0,Hybrid,2016-06-03T06:14:25.4383221Z,78,182,66,21,39,33,19726,Bellevue,74,0,0,0,fourth,0,0,0
QTIQ3Y6LI9F00O185,Hybrid,2016-06-03T06:14:26.6052735Z,67,452,74,34,34,28,12537,Seattle,64,0,0,0,sixth,0,0,0
9YX6EBNTWEXJMBJ2R,Coupe,2016-06-03T06:14:26.0216565Z,76,163,63,25,38,31,112281,Bellevue,95,0,0,0,fourth,0,0,0
568JL5QJXB2G9ZCTO,Family Saloon,2016-06-03T06:14:27.1925056Z,63,445,70,32,31,26,56118,Seattle,9,0,0,0,sixth,0,0,0
SVFLCU1RIAIYG504I,Sedan,2016-06-03T06:14:27.8405941Z,75,159,62,7,38,31,170943,Bellevue,17,1,1,1,fourth,1,1,1
F0MDDKCMUZFOV36WQ,Small SUV,2016-06-03T06:14:28.9933240Z,95,401,85,6,48,46,181744,Redmond,62,0,0,0,seventh,0,0,0
JV5XJWEJUKXPVQW3Z,Small SUV,2016-06-03T06:14:28.4238503Z,96,424,94,34,48,47,66142,Bellevue,89,0,0,0,seventh,0,0,0
JVITFBM1K8F6P8O0H,Sedan,2016-06-03T06:14:29.5562375Z,78,184,66,23,39,33,168942,Bellevue,89,0,0,0,fourth,0,0,0
1WWBF8QDRJ71D1MNH,Station Wagon,2016-06-03T06:14:30.1240005Z,50,421,60,38,25,19,68902,Seattle,36,1,1,1,fifth,1,1,1
5Q5HMFLUE6UXAMZC2,Coupe,2016-06-03T06:14:31.3270769Z,2,188,5,21,1,0,148341,Seattle,91,0,0,0,first,0,0,0
90M5KYZXK3PYNNRN0,Hybrid,2016-06-03T06:14:30.7416710Z,67,453,74,21,34,29,148914,Seattle,94,0,0,0,sixth,0,0,0
NVLTOCP9FAQ8QMIKT,Station Wagon,2016-06-03T06:14:31.9119966Z,0,40,0,14,0,0,178400,Seattle,33,1,1,1,first,1,1,1
LMFH1NSHIG7063M7B,Family Saloon,2016-06-03T06:14:32.4975969Z,71,128,36,39,36,28,76270,Sammamish,81,1,1,1,third,1,1,1
BGOW4YM5N76HAM013,Large SUV,2016-06-03T06:14:33.6774700Z,55,430,64,8,27,21,42275,Seattle,12,1,1,1,fifth,1,1,1
P9YT8D1O2C1IZ0BRO,Sports Car,2016-06-03T06:14:33.0784447Z,69,110,32,35,34,27,32538,Sammamish,93,1,1,1,third,1,1,1
3M2QKF85O1JDSVFJD,Large SUV,2016-06-03T06:14:34.3004979Z,53,39,14,37,26,17,178202,Redmond,28,0,0,0,first,0,0,0
BTHD3UQJMH9C06D6N,Sports Car,2016-06-03T06:14:34.9008875Z,68,106,31,6,34,26,142882,Sammamish,28,0,0,0,third,0,0,0
4NMVAOEW7W073URKB,Station Wagon,2016-06-03T06:14:35.4720045Z,97,429,94,36,49,47,65135,Bellevue,76,0,0,0,eight,0,0,0
1K778BNQB22TJUQKU,Sports Car,2016-06-03T06:14:36.3497936Z,0,68,0,36,0,0,168254,Seattle,22,1,1,1,first,1,1,1
HW3SMAH36QFY1MYXR,Station Wagon,2016-06-03T06:14:36.9508033Z,63,446,71,16,32,26,115029,Seattle,16,1,1,1,sixth,1,1,1
2YJV4K5VNTZ2GNUJH,Coupe,2016-06-03T06:14:37.5047405Z,79,190,67,23,40,34,191729,Bellevue,7,1,1,1,fourth,1,1,1
LJPD49HW65YVVBW5G,Compact Car,2016-06-03T06:14:38.6689075Z,69,455,76,16,34,29,32061,Seattle,56,1,1,1,sixth,1,1,1
FB2I1HSQSLVKXD05B,Hybrid,2016-06-03T06:14:38.0843230Z,77,171,64,0,39,32,12619,Bellevue,3,1,1,1,fourth,1,1,1
PKS1DVUL32AMOQGXR,Large SUV,2016-06-03T06:14:39.4075458Z,61,68,44,24,30,22,40831,Bellevue,39,0,0,0,second,0,0,0
COQQF2IB0JS6GV8O7,Family Saloon,2016-06-03T06:14:40.2082184Z,50,421,60,18,25,19,178573,Seattle,15,1,1,1,fifth,1,1,1
REP7N9GDYZ4ONPOZV,Large SUV,2016-06-03T06:14:40.9097081Z,95,399,85,24,48,46,170514,Redmond,75,1,1,1,seventh,1,1,1
PHHPPWZCSKQKLYG26,Hybrid,2016-06-03T06:14:41.4730639Z,78,182,66,24,39,33,77466,Bellevue,92,0,0,0,fourth,0,0,0
0ZGVI20GIS84M1B4D,Large SUV,2016-06-03T06:14:42.0416035Z,98,450,96,37,49,48,164641,Bellevue,79,0,0,0,eight,0,0,0
CEG8VPLRAK9SN93PF,Family Saloon,2016-06-03T06:14:42.6269008Z,97,428,94,1,49,47,173329,Bellevue,16,0,0,0,eight,0,0,0
H0BRZNH49CP43HKN1,Family Saloon,2016-06-03T06:14:43.7604308Z,79,188,67,27,39,33,94956,Bellevue,6,1,1,1,fourth,1,1,1
AH1QXUUJDAGPCTOTQ,Coupe,2016-06-03T06:14:43.1904365Z,81,207,69,32,40,35,15025,Bellevue,0,1,1,1,fourth,1,1,1
K7VNMOUV34U1PN7Y4,Sedan,2016-06-03T06:14:44.3300463Z,51,422,60,30,25,19,85208,Seattle,81,1,1,1,fifth,1,1,1
R56E0428EES2TLBUI,Sedan,2016-06-03T06:14:44.8930716Z,59,59,41,17,29,21,116807,Bellevue,65,0,0,0,second,0,0,0
23504HO7BYAE206VS,Large SUV,2016-06-03T06:14:46.0478825Z,56,433,65,8,28,22,83541,Seattle,58,0,0,0,fifth,0,0,0
PTZEIJ4VTTGMGQW7X,Family Saloon,2016-06-03T06:14:45.4781421Z,81,213,70,16,41,35,102037,Bellevue,64,0,0,0,fourth,0,0,0
NP2KP42SDQZMWZGI4,Family Saloon,2016-06-03T06:14:46.7643988Z,67,453,74,5,34,29,198078,Seattle,86,0,0,0,sixth,0,0,0
JEB8DEZEGAQGUH3GX,Station Wagon,2016-06-03T06:14:47.3338548Z,95,408,92,14,48,46,185984,Bellevue,28,1,1,1,seventh,1,1,1
74I0YGY10HHETBLSG,Sedan,2016-06-03T06:14:47.9818155Z,49,419,59,1,25,18,84894,Seattle,82,0,0,0,fifth,0,0,0
RBA10XRPW5VIMDPLT,Sedan,2016-06-03T06:14:48.7996090Z,69,111,32,35,35,27,10007,Sammamish,97,1,1,1,third,1,1,1
LIY5IZ7YLRSMSGGWI,Hybrid,2016-06-03T06:14:49.3679501Z,66,94,50,31,33,25,199817,Bellevue,89,1,1,1,second,1,1,1
GDKTORY3WRN2ZAJMB,Compact Car,2016-06-03T06:14:49.9502843Z,63,76,46,22,31,23,44035,Bellevue,60,1,1,1,second,1,1,1
YQ90ZW9AJ7QTYGQ7P,Large SUV,2016-06-03T06:14:51.0944993Z,93,368,80,8,47,44,88169,Redmond,77,0,0,0,seventh,0,0,0
1XDDA53JM6IRMR11O,Coupe,2016-06-03T06:14:50.5201956Z,94,390,83,6,47,45,54831,Redmond,20,0,0,0,seventh,0,0,0
KJEHOB6UBM48HA9C0,Family Saloon,2016-06-03T06:14:51.8733079Z,71,123,35,19,35,28,72774,Sammamish,96,0,0,0,third,0,0,0
AROUVUOJDU45LRHOZ,Family Saloon,2016-06-03T06:14:52.4588658Z,68,105,31,24,34,26,95836,Sammamish,38,0,0,0,third,0,0,0
EQI8L88TKTQAXZJKF,Family Saloon,2016-06-03T06:14:53.0284849Z,65,88,48,5,33,24,12050,Bellevue,66,0,0,0,second,0,0,0
HM2PUCY2VW99H5LJP,Family Saloon,2016-06-03T06:14:53.5976660Z,95,405,92,30,48,46,53938,Bellevue,62,0,0,0,seventh,0,0,0
VAW42RB9WIIWHY7C1,Large SUV,2016-06-03T06:14:54.3670510Z,75,154,61,21,37,31,103226,Bellevue,93,0,0,0,third,0,0,0
5L2GJRKV27YOM6Z3R,Family Saloon,2016-06-03T06:14:54.9670413Z,59,60,41,20,30,21,78638,Bellevue,6,0,0,0,second,0,0,0
7HQWE72SAZL9944LE,Coupe,2016-06-03T06:14:56.2004830Z,74,150,61,28,37,30,150543,Bellevue,53,1,1,1,third,1,1,1
IPUVOGCFK63T671XN,Small SUV,2016-06-03T06:14:55.5827599Z,96,413,93,15,48,47,102811,Bellevue,41,0,0,0,seventh,0,0,0
DXKRY1IPLALYHKOI6,Family Saloon,2016-06-03T06:14:56.7787830Z,72,132,37,26,36,29,86010,Sammamish,89,1,1,1,third,1,1,1
KC23C42PAWZW83274,Sports Car,2016-06-03T06:14:57.5006550Z,99,473,96,3,50,49,58480,Redmond,52,0,0,0,eight,0,0,0
42H7SLL4TTSFT3F8C,Family Saloon,2016-06-03T06:14:58.6819516Z,4,228,9,22,2,0,117531,Seattle,59,0,0,0,first,0,0,0
EU43HLVVCTNQ2CRAY,Medium SUV,2016-06-03T06:14:58.0810627Z,98,450,96,24,49,48,12967,Bellevue,5,0,0,0,eight,0,0,0
5Y0U2NTK97GLSUCY7,Family Saloon,2016-06-03T06:14:59.2826914Z,76,163,63,25,38,31,167004,Bellevue,0,0,0,0,fourth,0,0,0
59L8L1GFFY5HNC09P,Sports Car,2016-06-03T06:14:59.8835199Z,49,418,58,20,24,18,112934,Seattle,87,0,0,0,fifth,0,0,0
TPB12DJ11P523SHDN,Hybrid,2016-06-03T06:15:01.1372962Z,52,425,62,2,26,20,58962,Seattle,11,1,1,1,fifth,1,1,1
L5I8UFY8X6GL2D69M,Sedan,2016-06-03T06:15:00.5194732Z,3,221,8,12,1,0,9297,Seattle,30,1,1,1,first,1,1,1
8FUF375IE9W0URZNL,Station Wagon,2016-06-03T06:15:01.7689601Z,50,30,12,20,25,15,13441,Redmond,36,0,0,0,first,0,0,0
45GA52ZX5J1FZOAOQ,Sports Car,2016-06-03T06:15:02.3894242Z,56,432,65,14,28,22,19931,Seattle,28,0,0,0,fifth,0,0,0
Q8G63B9ZWLE5RRHCP,Large SUV,2016-06-03T06:15:03.0077695Z,54,43,16,39,27,18,126716,Redmond,59,1,1,1,second,1,1,1
VC7NV3NNDX9W092UC,Sports Car,2016-06-03T06:15:03.5704196Z,67,97,29,13,33,25,109850,Sammamish,36,0,0,0,third,0,0,0
VAXX4GWLKASWB8TSP,Small SUV,2016-06-03T06:15:04.3714459Z,57,435,66,36,29,23,103185,Seattle,44,1,1,1,sixth,1,1,1
4HD8ENA08SNVJYBY5,Family Saloon,2016-06-03T06:15:05.0096634Z,100,488,99,29,50,50,167093,Redmond,9,0,0,0,eight,0,0,0
MD3MRWCB5BJZLT7KR,Sedan,2016-06-03T06:15:06.1734585Z,78,179,65,39,39,33,87392,Bellevue,24,1,1,1,fourth,1,1,1
QAUJ75K404OKCWAYB,Sedan,2016-06-03T06:15:05.5882914Z,99,466,95,22,50,49,160306,Redmond,22,1,1,1,eight,1,1,1
GOAHWVWWQWWLDPJ9W,Station Wagon,2016-06-03T06:15:06.7588545Z,64,83,47,38,32,24,134488,Bellevue,98,1,1,1,second,1,1,1
UNR0DA418LPRKVSBQ,Family Saloon,2016-06-03T06:15:07.3287728Z,73,141,59,8,37,30,53787,Bellevue,52,1,1,1,third,1,1,1
D12CHK6GECQOHZZ4T,Large SUV,2016-06-03T06:15:07.9607856Z,66,450,73,21,33,27,153007,Seattle,71,1,1,1,sixth,1,1,1
UEGCYN5Q7O9LINXXA,Large SUV,2016-06-03T06:15:08.5347154Z,95,399,85,38,48,46,83987,Redmond,75,1,1,1,seventh,1,1,1
8REH1HNPANUIXLPGR,Family Saloon,2016-06-03T06:15:09.1616040Z,73,138,59,27,37,29,100736,Bellevue,17,1,1,1,third,1,1,1
XQ5OOEBTVZQHK9EAF,Hybrid,2016-06-03T06:15:09.7612593Z,43,406,54,33,22,15,45199,Seattle,63,1,1,1,fifth,1,1,1
HUYIS5CDLGZ4FDA9V,Convertible,2016-06-03T06:15:10.9639420Z,100,487,98,34,50,50,49559,Redmond,24,0,0,0,eight,0,0,0
X812WDF25IVZBKCZ0,Family Saloon,2016-06-03T06:15:10.3826216Z,0,144,2,38,0,0,54726,Seattle,77,0,0,0,first,0,0,0
WPUXF83FKGT4YYQMB,Large SUV,2016-06-03T06:15:11.5447179Z,80,198,68,15,40,34,55555,Bellevue,50,1,1,1,fourth,1,1,1
8801RXJEXCKMQLXBP,Family Saloon,2016-06-03T06:15:12.1692818Z,100,487,98,22,50,50,175190,Redmond,57,0,0,0,eight,0,0,0
1WOYZWAQCYD0T7HZL,Compact Car,2016-06-03T06:15:13.3702937Z,79,195,68,4,40,34,45749,Bellevue,11,0,0,0,fourth,0,0,0
P3LLP1OXJMEA1EK9V,Sedan,2016-06-03T06:15:12.7847518Z,55,45,16,39,27,18,179822,Redmond,33,0,0,0,second,0,0,0
H2SIWYECXGY668PKR,Large SUV,2016-06-03T06:15:13.9554209Z,77,175,65,1,39,32,95124,Bellevue,35,0,0,0,fourth,0,0,0
P2GBQ5IWK59UURNF5,Compact Car,2016-06-03T06:15:14.5243226Z,75,156,62,10,38,31,139599,Bellevue,46,0,0,0,fourth,0,0,0
UI8BVUOIKIJ6Y4PRB,Sedan,2016-06-03T06:15:15.8195988Z,55,431,64,19,27,21,190862,Seattle,67,1,1,1,fifth,1,1,1
UA6MFWJWYN02T4PV4,Small SUV,2016-06-03T06:15:15.1722775Z,66,96,29,1,33,25,60223,Sammamish,51,0,0,0,third,0,0,0
ZSQCV22NMTL4997GY,Compact Car,2016-06-03T06:15:16.3894402Z,51,422,60,20,25,19,32396,Seattle,47,1,1,1,fifth,1,1,1
768MYRH23KYVL006F,Station Wagon,2016-06-03T06:15:16.9848259Z,97,434,95,36,49,48,18907,Bellevue,19,1,1,1,eight,1,1,1
4AB24059HCFF1IJAE,Small SUV,2016-06-03T06:15:19.5049468Z,71,123,35,35,35,28,130567,Sammamish,56,0,0,0,third,0,0,0
RYFCZU8IOYNJ8YUY5,Sedan,2016-06-03T06:15:18.9195828Z,73,141,59,37,37,30,105273,Bellevue,55,1,1,1,third,1,1,1
IC4RUTT6ELQMNW7WI,Hybrid,2016-06-03T06:15:20.0852937Z,68,105,31,6,34,26,127771,Sammamish,52,0,0,0,third,0,0,0
8UJRF7C1NQXOHONPF,Large SUV,2016-06-03T06:15:20.6750303Z,53,428,63,35,27,20,152055,Seattle,28,0,0,0,fifth,0,0,0
XIE1KJOG674IFLO84,Hybrid,2016-06-03T06:15:21.2603125Z,76,162,63,32,38,31,155064,Bellevue,62,0,0,0,fourth,0,0,0
2YJV4K5VNTZ2GNUJH,Coupe,2016-06-03T06:15:21.8759991Z,4,226,9,14,2,0,124471,Seattle,15,0,0,0,first,0,0,0
M3T7ZNZQJDDLJ7XQ9,Family Saloon,2016-06-03T06:15:22.8088328Z,52,426,62,8,26,20,7788,Seattle,46,1,1,1,fifth,1,1,1
48YATLLHAKDR9CPSC,Station Wagon,2016-06-03T06:15:23.3936559Z,48,417,58,30,24,18,85303,Seattle,21,1,1,1,fifth,1,1,1
LCO6K3VYTJ01LSD0I,Family Saloon,2016-06-03T06:15:24.0089661Z,3,216,8,11,1,0,109755,Seattle,55,1,1,1,first,1,1,1
B180WJEGVY23PCHCI,Family Saloon,2016-06-03T06:15:24.5810216Z,61,66,43,5,30,22,103678,Bellevue,83,1,1,1,second,1,1,1
89LJR2J2WPV7WW21Q,Sports Car,2016-06-03T06:15:25.1808972Z,73,138,59,29,37,29,155051,Bellevue,79,1,1,1,third,1,1,1
SPX3KFMTLWNMXPT42,Medium SUV,2016-06-03T06:15:25.7975104Z,1,161,3,17,0,0,55506,Seattle,40,1,1,1,first,1,1,1
G1G0IUTLXIYUUV6CS,Station Wagon,2016-06-03T06:15:27.0157271Z,72,135,58,18,36,29,186726,Bellevue,44,0,0,0,third,0,0,0
2TZW3FEPWX4WBTOP3,Sedan,2016-06-03T06:15:26.3830132Z,95,395,84,34,48,46,157317,Redmond,88,1,1,1,seventh,1,1,1
LUCBP2GIQC7PZ31F6,Hybrid,2016-06-03T06:15:27.5854502Z,80,198,68,14,40,34,104514,Bellevue,72,1,1,1,fourth,1,1,1
2DWZ0U4VF5TOGCDG3,Compact Car,2016-06-03T06:15:28.1531614Z,78,179,65,7,39,33,121076,Bellevue,99,1,1,1,fourth,1,1,1
Z222LYZOYPIJRM9SW,Sedan,2016-06-03T06:15:29.3195610Z,73,141,59,8,37,30,110416,Bellevue,55,1,1,1,third,1,1,1
C9K5G0FZRCYZ51ISQ,Hybrid,2016-06-03T06:15:28.7345233Z,75,159,62,16,38,31,116039,Bellevue,11,1,1,1,fourth,1,1,1
ODK1GZSF9X991J0ML,Hybrid,2016-06-03T06:15:30.0514564Z,72,132,37,37,36,29,48809,Sammamish,52,0,0,0,third,0,0,0
NWFZ2AC0TDQFGY1OS,Family Saloon,2016-06-03T06:15:30.6050841Z,98,461,94,33,49,49,59216,Redmond,60,0,0,0,eight,0,0,0
RPX6TAN690GNOWWS2,Sedan,2016-06-03T06:15:31.8067473Z,77,172,64,21,39,32,14990,Bellevue,48,0,0,0,fourth,0,0,0
4UV055EMVTJ3HN31B,Hybrid,2016-06-03T06:15:31.2372309Z,79,191,67,25,40,34,141888,Bellevue,8,1,1,1,fourth,1,1,1
Z4IQ7SE5OZM3MR8JM,Sedan,2016-06-03T06:15:32.4078285Z,69,456,76,4,35,29,49751,Seattle,36,0,0,0,sixth,0,0,0
QB9CXXMIW1PB3R1OY,Family Saloon,2016-06-03T06:15:33.0084076Z,97,434,95,31,49,48,198189,Bellevue,19,1,1,1,eight,1,1,1
C9FG2PIFTHCDAYMY7,Hybrid,2016-06-03T06:15:33.6043420Z,63,76,46,31,31,23,13676,Bellevue,43,1,1,1,second,1,1,1
UNUMU5XWQDNF51QXK,Compact Car,2016-06-03T06:15:34.4782864Z,72,133,37,6,36,29,13085,Sammamish,55,0,0,0,third,0,0,0
JUW5TZ4ZCLXSI8VLB,Hybrid,2016-06-03T06:15:35.2585558Z,73,140,59,9,37,29,118248,Bellevue,20,1,1,1,third,1,1,1
9LQXO66DD8Z3QHXMH,Family Saloon,2016-06-03T06:15:35.9586837Z,93,368,80,16,47,44,172891,Redmond,48,0,0,0,seventh,0,0,0
M6BF95I45RMMFC4J3,Hybrid,2016-06-03T06:15:37.1985619Z,94,386,83,20,47,45,5479,Redmond,18,1,1,1,seventh,1,1,1
W345EOIZ1P4D71V97,Large SUV,2016-06-03T06:15:36.6133319Z,81,210,70,36,41,35,155562,Bellevue,21,1,1,1,fourth,1,1,1
RBPHEP4A73GBQ0ZZX,Convertible,2016-06-03T06:15:37.8001001Z,54,41,15,3,27,18,152661,Redmond,24,1,1,1,second,1,1,1
ML3U7VOH8504IY0KR,Sedan,2016-06-03T06:15:38.4164799Z,59,438,67,7,29,24,186483,Seattle,49,1,1,1,sixth,1,1,1
S1OM1F8QONCX9C5CD,Sports Car,2016-06-03T06:15:39.6342697Z,99,474,97,34,50,49,152905,Redmond,78,0,0,0,eight,0,0,0
KRXIFVIP6E060UK2E,Hybrid,2016-06-03T06:15:39.0332858Z,94,382,82,1,47,45,78711,Redmond,79,0,0,0,seventh,0,0,0
88PHE0RTL8FQRR7JH,Station Wagon,2016-06-03T06:15:40.3509014Z,64,82,47,6,32,23,153066,Bellevue,72,1,1,1,second,1,1,1
ZHSVEM6NKANETFQ72,Family Saloon,2016-06-03T06:15:40.9252393Z,66,451,73,34,33,28,51728,Seattle,93,1,1,1,sixth,1,1,1
4ESZLV9P45UX28XB6,Family Saloon,2016-06-03T06:15:42.0665462Z,68,104,31,30,34,26,143940,Sammamish,61,0,0,0,third,0,0,0
Q018K8DFH4QTX5P2B,Family Saloon,2016-06-03T06:15:41.4897140Z,70,122,35,30,35,28,56960,Sammamish,70,1,1,1,third,1,1,1
NKT6V8LRX1HFW4OWY,Hybrid,2016-06-03T06:15:42.6546157Z,53,427,62,35,27,20,17618,Seattle,74,0,0,0,fifth,0,0,0
VF5PSDB3GOR5JL31S,Coupe,2016-06-03T06:15:43.2541559Z,98,448,96,32,49,48,119816,Bellevue,13,0,0,0,eight,0,0,0
5HTLJ84O2J32MFFYS,Large SUV,2016-06-03T06:15:44.4091797Z,95,403,92,2,48,46,144900,Bellevue,21,0,0,0,seventh,0,0,0
I62N3GSUQPR4PWPSO,Small SUV,2016-06-03T06:15:43.8400294Z,66,452,74,3,33,28,52319,Seattle,17,0,0,0,sixth,0,0,0
X12NN58IPJX71DVV7,Hybrid,2016-06-03T06:15:45.0616881Z,48,417,58,39,24,18,130459,Seattle,32,1,1,1,fifth,1,1,1
3L03IGWUD2T45PZAW,Sedan,2016-06-03T06:15:45.7159903Z,67,98,29,11,33,25,46328,Sammamish,47,0,0,0,third,0,0,0
O9JDJPSZF37DO78OL,Large SUV,2016-06-03T06:15:46.2996415Z,70,458,77,32,35,30,1270,Seattle,18,1,1,1,sixth,1,1,1
E04V2CY0JU0B5ABDW,Sedan,2016-06-03T06:15:46.8641979Z,73,139,59,9,37,29,96458,Bellevue,17,1,1,1,third,1,1,1
LJGIWJ2APCOYX6I1D,Hybrid,2016-06-03T06:15:47.4879227Z,96,418,93,31,48,47,8626,Bellevue,87,1,1,1,seventh,1,1,1
DCBFNC7DD78GONAD6,Large SUV,2016-06-03T06:15:48.0805334Z,60,64,43,0,30,21,76393,Bellevue,74,1,1,1,second,1,1,1
I19HDSZX1X2TUV6VV,Hybrid,2016-06-03T06:15:49.2987814Z,0,149,2,3,0,0,184564,Seattle,17,0,0,0,first,0,0,0
8C993LXV7YHNBIDOF,Coupe,2016-06-03T06:15:48.6971392Z,65,449,72,25,33,27,84932,Seattle,85,0,0,0,sixth,0,0,0
XDP9D86SP6V7QLVQX,Family Saloon,2016-06-03T06:15:49.8832631Z,95,392,84,2,47,46,111312,Redmond,2,0,0,0,seventh,0,0,0
C7K8EWK29HKF71V1E,Small SUV,2016-06-03T06:15:50.4765358Z,55,45,16,15,28,18,171633,Redmond,45,0,0,0,second,0,0,0
DNT4F2A2OPVWLJJG2,Family Saloon,2016-06-03T06:15:51.1247052Z,0,130,1,24,0,0,181352,Seattle,57,0,0,0,first,0,0,0
Q8WZR6ENK3ROK40FK,Large SUV,2016-06-03T06:15:51.7253575Z,94,388,83,16,47,45,45437,Redmond,7,1,1,1,seventh,1,1,1
Q5H1EQJ0YVB4FAX8D,Convertible,2016-06-03T06:15:52.3414024Z,72,130,36,3,36,29,169663,Sammamish,23,1,1,1,third,1,1,1
LP9A6PXHGPDYCT154,Family Saloon,2016-06-03T06:15:52.9258245Z,94,388,83,34,47,45,88654,Redmond,13,1,1,1,seventh,1,1,1
KDMXY7H2TDOXLCM3C,Sedan,2016-06-03T06:15:54.2478942Z,53,427,62,14,27,20,174257,Seattle,75,0,0,0,fifth,0,0,0
DX49SPETO8R4LKIVW,Compact Car,2016-06-03T06:15:53.5477383Z,72,130,36,36,36,29,152894,Sammamish,11,1,1,1,third,1,1,1
KD06VKHM58VUQRVXL,Hybrid,2016-06-03T06:15:55.0470208Z,99,479,97,33,50,50,29173,Redmond,83,1,1,1,eight,1,1,1
ZNV6IODNZP46GMOYZ,Large SUV,2016-06-03T06:15:56.0102433Z,62,444,70,18,31,25,10138,Seattle,92,0,0,0,sixth,0,0,0
8TYOKHIBOCWVA8JV5,Sedan,2016-06-03T06:15:56.6113956Z,100,495,100,23,50,50,44173,Redmond,16,0,0,0,eight,0,0,0
LXSDE7OWIOVOI0FUC,Station Wagon,2016-06-03T06:15:57.1958210Z,71,123,35,32,35,28,185096,Sammamish,14,0,0,0,third,0,0,0
RVWGKZMELCOU49YKU,Medium SUV,2016-06-03T06:15:57.7816686Z,68,105,31,13,34,26,49664,Sammamish,51,0,0,0,third,0,0,0
JKKU5T3KPDSAG2FQN,Sedan,2016-06-03T06:15:58.3825920Z,78,182,66,27,39,33,29963,Bellevue,19,0,0,0,fourth,0,0,0
F3MR2MOSIL3PNMP38,Small SUV,2016-06-03T06:15:59.5534633Z,97,428,94,29,49,47,116514,Bellevue,28,0,0,0,eight,0,0,0
MBPZSG0LUSB6BN6K8,Coupe,2016-06-03T06:15:58.9678808Z,76,163,63,17,38,31,81556,Bellevue,21,0,0,0,fourth,0,0,0
4JGW9T7BS026NKHJD,Sports Car,2016-06-03T06:16:00.1544402Z,1,181,4,5,0,0,135277,Seattle,98,0,0,0,first,0,0,0
HWBWZ4AXZ2JS1PR5E,Compact Car,2016-06-03T06:16:00.8173095Z,70,458,77,15,35,30,81103,Seattle,14,1,1,1,sixth,1,1,1
C8IR133QT4UP6GHDN,Small SUV,2016-06-03T06:16:01.4177780Z,78,179,65,36,39,33,62080,Bellevue,43,1,1,1,fourth,1,1,1
JN2FH1SBY9J9VPDW8,Small SUV,2016-06-03T06:16:02.0339601Z,52,425,62,11,26,20,3868,Seattle,80,1,1,1,fifth,1,1,1
WL3IAJ55PUNIAR95C,Family Saloon,2016-06-03T06:16:02.7736078Z,76,167,63,24,38,32,142725,Bellevue,52,1,1,1,fourth,1,1,1
2VKCGDT7EGS41DOKL,Family Saloon,2016-06-03T06:16:03.3365751Z,0,93,0,14,0,0,104513,Seattle,21,1,1,1,first,1,1,1
XV1W2KOSDNKHQKHVL,Family Saloon,2016-06-03T06:16:04.5227565Z,69,111,32,33,35,27,59018,Sammamish,18,1,1,1,third,1,1,1
I2PJJ50B4HMGERAVF,Compact Car,2016-06-03T06:16:03.9222362Z,81,211,70,38,41,35,42263,Bellevue,24,1,1,1,fourth,1,1,1
AVHD2GCOA2NN5ES9J,Sports Car,2016-06-03T06:16:05.1169415Z,99,480,97,37,50,50,84937,Redmond,96,1,1,1,eight,1,1,1
EQQ1NZWQZALHWSQFN,Station Wagon,2016-06-03T06:16:05.7079578Z,98,457,94,37,49,49,176069,Redmond,1,1,1,1,eight,1,1,1
DEGSYKKW3A647RELE,Large SUV,2016-06-03T06:16:07.0442277Z,3,222,8,28,1,0,112167,Seattle,34,1,1,1,first,1,1,1
RHNNEIUOVSUOCZIS1,Family Saloon,2016-06-03T06:16:06.3245123Z,79,188,67,3,39,33,95530,Bellevue,31,1,1,1,fourth,1,1,1
FNOVYVHKQDJYG9HDC,Coupe,2016-06-03T06:16:07.6625417Z,64,83,47,23,32,24,45276,Bellevue,1,1,1,1,second,1,1,1
GGMI6EAOC7T5DPOBB,Sedan,2016-06-03T06:16:08.2637060Z,75,157,62,2,38,31,31232,Bellevue,38,1,1,1,fourth,1,1,1
ORZSALKL8GVZ0D7BS,Family Saloon,2016-06-03T06:16:09.4427696Z,61,442,69,6,31,25,19133,Seattle,19,1,1,1,sixth,1,1,1
0B9G6DYLB16D4YPWK,Hybrid,2016-06-03T06:16:08.8431020Z,73,138,59,18,36,29,59303,Bellevue,31,1,1,1,third,1,1,1
PJKHRAKQOHC9UH17B,Family Saloon,2016-06-03T06:16:10.0439741Z,73,138,59,4,36,29,86482,Bellevue,68,1,1,1,third,1,1,1
5W181QM7Z2O9N8DRE,Family Saloon,2016-06-03T06:16:10.6437950Z,56,47,17,2,28,19,135975,Redmond,4,1,1,1,second,1,1,1
BXKCVI4V9AUM7LMT3,Sedan,2016-06-03T06:16:12.0291264Z,95,403,92,8,48,46,166930,Bellevue,97,0,0,0,seventh,0,0,0
T06DJS30Y10O8FZXD,Small SUV,2016-06-03T06:16:11.2446137Z,95,395,84,27,48,46,116644,Redmond,2,1,1,1,seventh,1,1,1
5L2OYTY2NZL05REIJ,Sedan,2016-06-03T06:16:12.7145200Z,70,457,77,34,35,30,167616,Seattle,45,1,1,1,sixth,1,1,1
GY04NZSVUYV7IIPRM,Station Wagon,2016-06-03T06:16:13.2833407Z,96,421,94,11,48,47,32190,Bellevue,94,1,1,1,seventh,1,1,1
3NFDR60JE0ANPRTBW,Large SUV,2016-06-03T06:16:13.8831867Z,1,162,3,1,0,0,66859,Seattle,66,1,1,1,first,1,1,1
IKPWQQAJRBY9DXRX5,Compact Car,2016-06-03T06:16:14.4832299Z,73,139,59,22,37,29,167188,Bellevue,78,1,1,1,third,1,1,1
AVHD2GCOA2NN5ES9J,Sports Car,2016-06-03T06:16:15.2846544Z,67,453,74,11,34,28,138216,Seattle,25,0,0,0,sixth,0,0,0
SBHYEW4K5CBJYBML0,Family Saloon,2016-06-03T06:16:15.8691990Z,1,187,5,34,0,0,97961,Seattle,34,0,0,0,first,0,0,0
R21P8TPLPTQS8VKP2,Coupe,2016-06-03T06:16:17.0380353Z,99,477,97,5,50,50,101512,Redmond,41,1,1,1,eight,1,1,1
ZHQZGU4RDY4J2EXWC,Coupe,2016-06-03T06:16:16.4527310Z,100,500,100,7,50,50,55327,Redmond,32,0,0,0,eight,0,0,0
2NZ1XNVG44QMJDJEV,Family Saloon,2016-06-03T06:16:17.6228466Z,69,109,32,13,34,27,183281,Sammamish,31,1,1,1,third,1,1,1
4311SHJGNZ9F40YJZ,Large SUV,2016-06-03T06:16:18.2549675Z,94,382,82,25,47,45,117222,Redmond,34,0,0,0,seventh,0,0,0
DL0EFRAPI125LUC3A,Medium SUV,2016-06-03T06:16:19.4569286Z,68,106,31,0,34,26,78716,Sammamish,16,0,0,0,third,0,0,0
RPX6TAN690GNOWWS2,Sedan,2016-06-03T06:16:18.8557060Z,99,473,96,19,50,49,181005,Redmond,81,0,0,0,eight,0,0,0
19LJIR6P5F2DEZXRB,Station Wagon,2016-06-03T06:16:20.0573216Z,78,183,66,32,39,33,4380,Bellevue,59,0,0,0,fourth,0,0,0
SIB0INN7PWWOQ4PQR,Sports Car,2016-06-03T06:16:20.6427591Z,76,164,63,23,38,32,137869,Bellevue,52,0,0,0,fourth,0,0,0
XA51Q63PJ7D3Y8WPR,Hybrid,2016-06-03T06:16:21.2079804Z,46,411,56,19,23,16,106908,Seattle,42,0,0,0,fifth,0,0,0
ZVTOCRLBYKEB1Y5L9,Medium SUV,2016-06-03T06:16:21.8278922Z,1,184,5,33,0,0,94756,Seattle,65,0,0,0,first,0,0,0
9RZ4F9EYWSLBGGVF4,Family Saloon,2016-06-03T06:16:22.4654337Z,76,160,62,36,38,31,7064,Bellevue,32,1,1,1,fourth,1,1,1
RH1V7NTKZOWJCGMZ9,Large SUV,2016-06-03T06:16:23.0282412Z,45,410,55,20,22,16,91882,Seattle,36,0,0,0,fifth,0,0,0
ZJFG7TUEHVO2FL5QP,Convertible,2016-06-03T06:16:24.2072050Z,94,380,82,26,47,45,125044,Redmond,90,0,0,0,seventh,0,0,0
02A4VBC72FW0DP0E5,Sedan,2016-06-03T06:16:23.6291778Z,95,402,92,13,48,46,57896,Bellevue,79,0,0,0,seventh,0,0,0
OANXBMVOGGDDMFWR0,Station Wagon,2016-06-03T06:16:24.8764626Z,96,421,93,4,48,47,92844,Bellevue,67,1,1,1,seventh,1,1,1
EE3A5XLT2JB6MLDJ0,Family Saloon,2016-06-03T06:16:25.6178189Z,64,447,71,36,32,26,180711,Seattle,4,1,1,1,sixth,1,1,1
5ZL36SNM8L0J2K8E1,Medium SUV,2016-06-03T06:16:26.2084563Z,59,439,68,15,30,24,187370,Seattle,83,1,1,1,sixth,1,1,1
SY6BM4551V77GBW56,Family Saloon,2016-06-03T06:16:26.9096601Z,98,448,96,6,49,48,68174,Bellevue,12,0,0,0,eight,0,0,0
AESQX3ZKCFM25HNNE,Sedan,2016-06-03T06:16:27.5487611Z,93,375,81,10,47,45,56397,Redmond,80,1,1,1,seventh,1,1,1
67GH1TRNJ2SKSGW3R,Medium SUV,2016-06-03T06:16:28.1334630Z,52,426,62,2,26,20,103011,Seattle,33,1,1,1,fifth,1,1,1
MDO03JK04P6N2HV6U,Small SUV,2016-06-03T06:16:29.2976509Z,1,175,4,35,0,0,111284,Seattle,70,0,0,0,first,0,0,0
2NYGTEYPYXDZB74LD,Station Wagon,2016-06-03T06:16:28.7195588Z,48,417,58,26,24,18,181301,Seattle,16,1,1,1,fifth,1,1,1
I6CX53YMUBRCC4CYO,Medium SUV,2016-06-03T06:16:30.1361451Z,78,184,66,25,39,33,127161,Bellevue,89,0,0,0,fourth,0,0,0
HB6PQDP88ALE5IAKT,Station Wagon,2016-06-03T06:16:30.7147567Z,76,165,63,32,38,32,108872,Bellevue,62,0,0,0,fourth,0,0,0
M3NYC3L36K7N6NG3X,Medium SUV,2016-06-03T06:16:31.3001621Z,97,430,94,39,49,47,137137,Bellevue,25,1,1,1,eight,1,1,1
J46F6RTW7XA4JZTH8,Family Saloon,2016-06-03T06:16:31.8850687Z,63,446,71,25,32,26,50973,Seattle,53,0,0,0,sixth,0,0,0
5OZEYSZSL53OJI90B,Sedan,2016-06-03T06:16:32.4673088Z,59,438,67,6,29,23,156900,Seattle,71,1,1,1,sixth,1,1,1
ST19ONL30H2PIKHO0,Station Wagon,2016-06-03T06:16:33.0556540Z,99,477,97,32,50,50,184851,Redmond,72,1,1,1,eight,1,1,1
4WPYRUZII5YV7YA42,Sedan,2016-06-03T06:16:34.2393899Z,66,92,49,29,33,25,151158,Bellevue,74,1,1,1,second,1,1,1
MOUSJV1JOCD48FAOJ,Hybrid,2016-06-03T06:16:33.6392658Z,98,455,94,4,49,49,66081,Redmond,44,1,1,1,eight,1,1,1
RWLLG3FVHZJ1RFCDT,Compact Car,2016-06-03T06:16:34.9564121Z,96,422,94,9,48,47,193865,Bellevue,47,1,1,1,seventh,1,1,1
SNDF8W0T1CH64OU5A,Coupe,2016-06-03T06:16:35.5732998Z,75,158,62,17,38,31,151819,Bellevue,21,1,1,1,fourth,1,1,1
BU4ODK7G3JWKZG4JF,Sedan,2016-06-03T06:16:36.8216781Z,77,174,65,10,39,32,150750,Bellevue,71,0,0,0,fourth,0,0,0
C2QWWOLWCKVJHSDRN,Sedan,2016-06-03T06:16:36.1579952Z,73,139,59,26,37,29,159634,Bellevue,99,1,1,1,third,1,1,1
I08U53CG8HU6EIIUQ,Family Saloon,2016-06-03T06:16:37.4013950Z,75,155,62,14,38,31,32669,Bellevue,13,0,0,0,fourth,0,0,0
VC5VO4P4XSNE9OEWN,Sedan,2016-06-03T06:16:38.0205502Z,47,415,57,33,24,17,61698,Seattle,4,0,0,0,fifth,0,0,0
9EB1Z37XTOAZ7PC0X,Sedan,2016-06-03T06:16:39.1757585Z,100,489,99,3,50,50,124267,Redmond,27,1,1,1,eight,1,1,1
GX8ZS8GAHQT00X0ZL,Station Wagon,2016-06-03T06:16:38.6053886Z,96,415,93,36,48,47,60448,Bellevue,24,0,0,0,seventh,0,0,0
649PZ6LT55M9ELLL4,Coupe,2016-06-03T06:16:39.7617512Z,93,370,80,37,47,44,84507,Redmond,35,0,0,0,seventh,0,0,0
XXC6CG5NTN4XUWUAB,Station Wagon,2016-06-03T06:16:40.3617373Z,50,31,12,31,25,16,2250,Redmond,56,0,0,0,first,0,0,0
9D7YC1K6H889N676Y,Family Saloon,2016-06-03T06:16:41.6157712Z,54,43,16,37,27,18,66815,Redmond,33,0,0,0,second,0,0,0
WY3QAYTDY2FPWLQM3,Hybrid,2016-06-03T06:16:40.9627750Z,67,97,29,22,33,25,1508,Sammamish,73,0,0,0,third,0,0,0
WXD4OEWBP16TA2SWL,Sedan,2016-06-03T06:16:42.1948179Z,49,28,11,24,24,15,8748,Redmond,62,0,0,0,first,0,0,0
ZL2CXP55RNG371S5Z,Hybrid,2016-06-03T06:16:42.9492040Z,68,104,31,24,34,26,126872,Sammamish,99,0,0,0,third,0,0,0
9FP09KJIY4C9MRUFQ,Station Wagon,2016-06-03T06:16:43.5498582Z,53,427,62,36,27,20,154137,Seattle,60,0,0,0,fifth,0,0,0
ZK6FFOG4BAJW7KKLN,Family Saloon,2016-06-03T06:16:44.1507443Z,71,459,77,20,35,31,147739,Seattle,61,1,1,1,sixth,1,1,1
J5FIRE115YCDREGO2,Sedan,2016-06-03T06:16:44.7298498Z,66,452,74,20,33,28,152136,Seattle,44,1,1,1,sixth,1,1,1
LYUV8ZM5H1SZAWKI1,Hybrid,2016-06-03T06:16:45.3309306Z,1,175,4,16,0,0,11801,Seattle,62,0,0,0,first,0,0,0
NI1ZJ5RDDSXV1CF4J,Coupe,2016-06-03T06:16:46.5527072Z,96,422,94,22,48,47,5998,Bellevue,77,1,1,1,seventh,1,1,1
IBK13DELGWMFVAHTE,Hybrid,2016-06-03T06:16:45.9152274Z,73,142,59,24,37,30,146139,Bellevue,53,0,0,0,third,0,0,0
SK222UMLSKTCK7R55,Sedan,2016-06-03T06:16:47.2012839Z,52,425,61,38,26,20,174943,Seattle,85,0,0,0,fifth,0,0,0
I3RPXKI35GTJ57UPB,Sedan,2016-06-03T06:16:47.7857483Z,48,416,57,39,24,17,141179,Seattle,60,0,0,0,fifth,0,0,0
UOUFX6BWC4G2NU4OA,Coupe,2016-06-03T06:16:49.2344378Z,57,434,66,16,28,22,83404,Seattle,88,1,1,1,fifth,1,1,1
201NL77U9NTET5BNV,Family Saloon,2016-06-03T06:16:48.6363034Z,70,119,34,17,35,28,84705,Sammamish,73,1,1,1,third,1,1,1
0SBU3HAXYDDNU5F48,Large SUV,2016-06-03T06:16:49.8362879Z,93,372,80,15,47,45,139605,Redmond,49,1,1,1,seventh,1,1,1
SSBRUGC4FBHQEJ3RK,Sedan,2016-06-03T06:16:50.4217406Z,67,101,30,35,34,26,101012,Sammamish,96,1,1,1,third,1,1,1
9VHMF5T05SNOJGX08,Family Saloon,2016-06-03T06:16:51.6064788Z,75,158,62,4,38,31,32287,Bellevue,35,1,1,1,fourth,1,1,1
9ZN6X71JXFM8JQHSD,Family Saloon,2016-06-03T06:16:51.0061730Z,64,84,48,16,32,24,53646,Bellevue,96,1,1,1,second,1,1,1
ZBQXIQCJTTXXF1MDF,Hybrid,2016-06-03T06:16:52.2612548Z,49,29,12,39,25,15,5068,Redmond,17,0,0,0,first,0,0,0
D3YY6V22A3DDXEUVF,Sedan,2016-06-03T06:16:52.8614225Z,77,174,65,35,39,32,112039,Bellevue,4,0,0,0,fourth,0,0,0
C6YR9TT3ZTYR07RKP,Compact Car,2016-06-03T06:16:54.0677001Z,97,437,95,12,49,48,123909,Bellevue,95,0,0,0,eight,0,0,0
KEB3UH45SYSONXL1Q,Sedan,2016-06-03T06:16:53.4772237Z,98,460,94,6,49,49,27011,Redmond,40,0,0,0,eight,0,0,0
0MKU5TFQWZO9HS11S,Station Wagon,2016-06-03T06:16:54.7604674Z,58,54,19,33,29,20,139664,Redmond,43,0,0,0,second,0,0,0
FDNLEQHWRHQGSS5GP,Station Wagon,2016-06-03T06:16:55.3615869Z,80,207,69,21,40,35,120616,Bellevue,69,0,0,0,fourth,0,0,0
978JTPMOF1RSYGRTO,Medium SUV,2016-06-03T06:16:55.9622991Z,58,437,67,36,29,23,60166,Seattle,63,0,0,0,sixth,0,0,0
4FVFUHYFILY4T6LCU,Small SUV,2016-06-03T06:16:57.0985466Z,74,149,60,29,37,30,142891,Bellevue,20,1,1,1,third,1,1,1
LDDKRB2YLMTGTIBPH,Sports Car,2016-06-03T06:16:57.8817985Z,97,442,95,2,49,48,168783,Bellevue,1,1,1,1,eight,1,1,1
XM16YCC7CRJDW8PT8,Family Saloon,2016-06-03T06:16:58.4943936Z,77,175,65,9,39,32,49753,Bellevue,95,0,0,0,fourth,0,0,0
P9YT8D1O2C1IZ0BRO,Sports Car,2016-06-03T06:16:59.1515600Z,54,42,15,26,27,18,136196,Redmond,1,1,1,1,second,1,1,1
ZHYE6BWC7W4CVAFOI,Small SUV,2016-06-03T06:16:59.7515601Z,79,191,67,3,40,34,197552,Bellevue,23,1,1,1,fourth,1,1,1
C686GIBO74JFKM173,Convertible,2016-06-03T06:17:00.3757356Z,99,479,97,12,50,50,156396,Redmond,5,1,1,1,eight,1,1,1
5KXGNSHK8R1ONEDSA,Convertible,2016-06-03T06:17:00.9997982Z,81,207,69,28,40,35,95519,Bellevue,35,1,1,1,fourth,1,1,1
9Y7LSTB6IXYWLOUGB,Sedan,2016-06-03T06:17:01.6538189Z,61,68,44,13,31,22,143899,Bellevue,73,0,0,0,second,0,0,0
D2WE4XLRK7UO9CK02,Large SUV,2016-06-03T06:17:02.2549831Z,45,409,55,37,22,16,64370,Seattle,7,0,0,0,fifth,0,0,0
6DZ56OS10NZCKXRPT,Medium SUV,2016-06-03T06:17:03.0709485Z,4,234,10,37,2,0,28047,Seattle,90,0,0,0,first,0,0,0
EWXFMBWGCU2Q31C95,Convertible,2016-06-03T06:17:03.6716825Z,76,167,63,24,38,32,115621,Bellevue,94,1,1,1,fourth,1,1,1
TGG529LZQ5DXPZVTY,Compact Car,2016-06-03T06:17:04.8885908Z,67,452,74,23,34,28,187050,Seattle,36,0,0,0,sixth,0,0,0
39XTYESXELTGBZ7VW,Station Wagon,2016-06-03T06:17:04.3073177Z,92,356,78,29,46,44,120578,Redmond,22,0,0,0,seventh,0,0,0
SE6BIBYGVSS7OFEVN,Large SUV,2016-06-03T06:17:05.5255196Z,53,427,62,2,27,20,167559,Seattle,41,1,1,1,fifth,1,1,1
UCWUVN1NM2SC28IYK,Family Saloon,2016-06-03T06:17:06.1607205Z,51,33,13,26,25,16,161238,Redmond,54,1,1,1,first,1,1,1
70LCM2XEOFKBTT5Q0,Large SUV,2016-06-03T06:17:07.6740774Z,50,32,12,20,25,16,74473,Redmond,91,1,1,1,first,1,1,1
RVVSRMF96FFFA7S3L,Large SUV,2016-06-03T06:17:07.0471888Z,53,426,62,19,26,20,123521,Seattle,4,1,1,1,fifth,1,1,1
8D9CI8P6JSXCPRGCA,Sedan,2016-06-03T06:17:08.4062650Z,50,421,60,24,25,19,115948,Seattle,82,1,1,1,fifth,1,1,1
CIL6PC9EWANY999O7,Sports Car,2016-06-03T06:17:09.1446987Z,1,159,3,3,0,0,150444,Seattle,18,1,1,1,first,1,1,1
FGL26OUWGCU8L20OW,Medium SUV,2016-06-03T06:17:09.7644954Z,47,415,57,33,24,17,91164,Seattle,65,0,0,0,fifth,0,0,0
FM7TA6Q201H1QXYK2,Hybrid,2016-06-03T06:17:10.3600993Z,96,417,93,10,48,47,101085,Bellevue,80,0,0,0,seventh,0,0,0
260VWFFENVJ4TPQW6,Hybrid,2016-06-03T06:17:11.8918150Z,64,448,72,14,32,27,162446,Seattle,51,0,0,0,sixth,0,0,0
MTP34WQYET4MBXKP3,Sedan,2016-06-03T06:17:13.0245198Z,93,371,80,36,47,45,24302,Redmond,77,0,0,0,seventh,0,0,0
0Z42ATJI1R3D1RCQE,Station Wagon,2016-06-03T06:17:13.9069578Z,97,442,95,23,49,48,63364,Bellevue,99,1,1,1,eight,1,1,1
IOC4DZSIPZ1J34Y54,Convertible,2016-06-03T06:17:15.4138162Z,97,440,95,21,49,48,85835,Bellevue,7,0,0,0,eight,0,0,0
C7MF56OUL7EHF17A9,Large SUV,2016-06-03T06:17:18.1291996Z,0,137,2,27,0,0,178370,Seattle,24,0,0,0,first,0,0,0
YNU5C8YZYT7DOYXQ8,Sports Car,2016-06-03T06:17:20.1026050Z,44,408,54,4,22,15,80205,Seattle,84,1,1,1,fifth,1,1,1
HYY0HVD6WBPS62RQL,Sports Car,2016-06-03T06:17:22.1801941Z,51,33,13,5,25,16,84476,Redmond,33,1,1,1,first,1,1,1
6OLOZYYEEIQG35VWM,Compact Car,2016-06-03T06:17:21.4398154Z,69,111,32,25,35,27,135856,Sammamish,12,1,1,1,third,1,1,1
7WZZRSILKG6232XOP,Sedan,2016-06-03T06:17:22.7955424Z,93,374,81,32,47,45,129067,Redmond,15,1,1,1,seventh,1,1,1
OPLEN1L2BS6TJ3WA4,Coupe,2016-06-03T06:17:23.4096432Z,99,466,95,34,50,49,164561,Redmond,42,1,1,1,eight,1,1,1
Y743LQWTF5YTURM98,Sports Car,2016-06-03T06:17:24.9988317Z,64,447,72,30,32,26,39538,Seattle,19,1,1,1,sixth,1,1,1
V4O9TYX1R4XFK0OOF,Compact Car,2016-06-03T06:17:24.3674570Z,59,60,41,32,30,21,141581,Bellevue,36,0,0,0,second,0,0,0
EVZ3FFA7SI05RR64O,Family Saloon,2016-06-03T06:17:25.6070496Z,96,409,92,15,48,46,56993,Bellevue,42,1,1,1,seventh,1,1,1
AUMC0NBECCZ4QXLXN,Coupe,2016-06-03T06:17:26.2534056Z,68,453,75,10,34,29,160674,Seattle,29,0,0,0,sixth,0,0,0
25HYK145SWD2RILCZ,Sedan,2016-06-03T06:17:27.5940596Z,72,135,58,39,36,29,113146,Bellevue,97,0,0,0,third,0,0,0
JAODUBZJ02PPDQV0K,Sedan,2016-06-03T06:17:27.0024738Z,48,416,57,38,24,17,39178,Seattle,43,0,0,0,fifth,0,0,0
HZ0L5C2W3FWWD236E,Family Saloon,2016-06-03T06:17:28.1923161Z,61,441,69,39,30,24,2642,Seattle,18,0,0,0,sixth,0,0,0
J9FYDB7VPWZAKS64U,Family Saloon,2016-06-03T06:17:28.7478284Z,93,373,80,10,47,45,74465,Redmond,51,1,1,1,seventh,1,1,1
U5ASGUJ8R04XYK5U2,Station Wagon,2016-06-03T06:17:30.0186908Z,60,440,68,1,30,24,15941,Seattle,55,0,0,0,sixth,0,0,0
V3WJK9BWRK6FN05XU,Medium SUV,2016-06-03T06:17:29.3703796Z,70,117,34,18,35,27,153422,Sammamish,19,0,0,0,third,0,0,0
15VVZB2F771KQWIDZ,Compact Car,2016-06-03T06:17:30.6137749Z,100,483,98,19,50,50,143365,Redmond,82,0,0,0,eight,0,0,0
IL1SLZMES9CM01G74,Small SUV,2016-06-03T06:17:31.2460084Z,96,409,92,39,48,46,194996,Bellevue,72,1,1,1,seventh,1,1,1
W7ZXWIK8O86SZGH9G,Sedan,2016-06-03T06:17:31.9033819Z,50,420,59,14,25,18,40171,Seattle,73,0,0,0,fifth,0,0,0
Z22WS2IHS2CK7ELQB,Family Saloon,2016-06-03T06:17:32.5284623Z,4,228,9,15,2,0,38215,Seattle,48,0,0,0,first,0,0,0
0Y2F1LU2675YG73T6,Hybrid,2016-06-03T06:17:33.1665462Z,99,469,96,29,50,49,37196,Redmond,78,1,1,1,eight,1,1,1
4398WLJB4SJD1ZIO5,Sedan,2016-06-03T06:17:33.7866392Z,51,33,13,0,25,16,62243,Redmond,13,1,1,1,first,1,1,1
KTCTEL7C65XIXJS4H,Convertible,2016-06-03T06:17:35.2819949Z,70,458,77,24,35,30,178789,Seattle,91,1,1,1,sixth,1,1,1
9GAK9WB9PERDMBYWH,Family Saloon,2016-06-03T06:17:34.3920221Z,67,100,30,30,34,26,111536,Sammamish,89,1,1,1,third,1,1,1
ZBQXIQCJTTXXF1MDF,Hybrid,2016-06-03T06:17:36.4000854Z,80,202,69,25,40,34,197357,Bellevue,75,0,0,0,fourth,0,0,0
2YTXBGDKMZQAIDBBD,Large SUV,2016-06-03T06:17:37.0015932Z,94,378,81,29,47,45,21571,Redmond,18,0,0,0,seventh,0,0,0
22TYPMI6D6BKTOWS4,Hybrid,2016-06-03T06:17:37.6136089Z,99,470,96,11,50,49,35222,Redmond,53,1,1,1,eight,1,1,1
LR3DODLS7329DDTWM,Sedan,2016-06-03T06:17:38.2217750Z,51,33,13,25,25,16,169685,Redmond,48,1,1,1,first,1,1,1
36XCVR52PB11RMKLC,Compact Car,2016-06-03T07:10:16.0107536Z,61,70,44,16,31,22,117639,Bellevue,15,0,0,0,second,0,0,0
97PMUAYJHGRMB0KPM,Sports Car,2016-06-03T07:11:14.3388505Z,64,80,47,36,32,23,49724,Bellevue,75,0,0,0,second,0,0,0
8L023JBD6AGOXKF07,Station Wagon,2016-06-03T07:11:17.3277919Z,61,441,69,31,30,25,32672,Seattle,20,0,0,0,sixth,0,0,0
FDCN8DAXUUFS3MX1T,Sedan,2016-06-03T07:11:20.1520519Z,4,232,10,8,2,0,83260,Seattle,43,0,0,0,first,0,0,0
9WBYANTTNNXO2078O,Station Wagon,2016-06-03T07:11:24.6515333Z,100,495,100,29,50,50,27984,Redmond,90,0,0,0,eight,0,0,0
JFVLSAR3BYBMAEJT5,Sports Car,2016-06-03T07:11:29.3207481Z,93,361,79,36,47,44,123509,Redmond,32,1,1,1,seventh,1,1,1
SIB0INN7PWWOQ4PQR,Sports Car,2016-06-03T07:11:34.5537687Z,70,118,34,0,35,27,94387,Sammamish,82,1,1,1,third,1,1,1
GS7OYBBL6M7ENHIK5,Sedan,2016-06-03T07:11:40.5757892Z,2,200,6,28,1,0,36724,Seattle,39,1,1,1,first,1,1,1
UA6UTAHGXQJV0XLIG,Convertible,2016-06-03T07:11:45.4827010Z,3,221,8,14,1,0,38481,Seattle,23,1,1,1,first,1,1,1
K32DJWCLF4NVFJJ94,Sedan,2016-06-03T07:11:48.9730248Z,61,70,44,36,31,22,8227,Bellevue,1,0,0,0,second,0,0,0
5KKKGPC13Q8K9ACCQ,Large SUV,2016-06-03T07:11:52.4161339Z,60,440,68,29,30,24,37128,Seattle,57,0,0,0,sixth,0,0,0
72OSP4KA4RAG8NCVD,Sports Car,2016-06-03T07:11:57.3139300Z,71,123,35,11,35,28,132698,Sammamish,75,0,0,0,third,0,0,0
O0EICJJ69ACEGGO5P,Large SUV,2016-06-03T07:12:03.2232075Z,92,358,78,16,46,44,97454,Redmond,67,0,0,0,seventh,0,0,0
SZVVERBWRBYG17PTU,Family Saloon,2016-06-03T07:12:08.1089489Z,99,464,95,35,50,49,64815,Redmond,91,0,0,0,eight,0,0,0
I9Z1ZND21RHWLHRO2,Station Wagon,2016-06-03T07:12:12.6569831Z,77,170,64,10,38,32,127004,Bellevue,13,1,1,1,fourth,1,1,1
S9IK5JTOKZ6HZ52DA,Medium SUV,2016-06-03T07:12:16.9457061Z,68,103,30,16,34,26,135944,Sammamish,58,1,1,1,third,1,1,1
56GAK6L734E3GSOXD,Family Saloon,2016-06-03T07:12:21.3980295Z,68,103,30,30,34,26,66620,Sammamish,35,1,1,1,third,1,1,1
9J2KVIVC0M0MX0C7J,Sedan,2016-06-03T07:12:25.5941463Z,1,160,3,7,0,0,106334,Seattle,57,1,1,1,first,1,1,1
P2H4E0IERCRALOEBJ,Hybrid,2016-06-03T07:12:29.8939193Z,97,432,94,4,49,47,5841,Bellevue,32,1,1,1,eight,1,1,1
DPJP8PBXVR11WFATY,Medium SUV,2016-06-03T07:12:35.4444659Z,93,370,80,1,47,44,13154,Redmond,23,0,0,0,seventh,0,0,0
Y6TWEVZAC2AVLJJ4A,Sedan,2016-06-03T07:12:41.0509546Z,52,426,62,28,26,20,108582,Seattle,65,1,1,1,fifth,1,1,1
FQPJDXTUQYOCGKSSJ,Large SUV,2016-06-03T07:12:44.6448540Z,61,441,69,20,30,25,75704,Seattle,97,0,0,0,sixth,0,0,0
M3T7ZNZQJDDLJ7XQ9,Family Saloon,2016-06-03T07:12:50.6874746Z,93,362,79,10,47,44,86841,Redmond,63,1,1,1,seventh,1,1,1
W4WB561NM1670JFOU,Medium SUV,2016-06-03T07:12:55.3927227Z,69,455,76,36,34,29,115535,Seattle,45,1,1,1,sixth,1,1,1
HOCG329DOP8M59A3O,Station Wagon,2016-06-03T07:13:00.8178564Z,71,127,36,23,36,28,194527,Sammamish,49,0,0,0,third,0,0,0
BUFP6NQC22F495RT5,Compact Car,2016-06-03T07:13:05.3856124Z,100,490,99,12,50,50,147572,Redmond,10,1,1,1,eight,1,1,1
CRFXH9YW959DC0NAM,Sedan,2016-06-03T07:13:11.7295391Z,66,94,50,36,33,25,192589,Bellevue,89,1,1,1,second,1,1,1
IL59VDN093DZ1IPPH,Hybrid,2016-06-03T07:13:14.6260683Z,52,425,61,0,26,20,37490,Seattle,76,1,1,1,fifth,1,1,1
O0SP48ZJC7C9D37GX,Compact Car,2016-06-03T07:13:17.2668377Z,93,373,81,16,47,45,158241,Redmond,72,1,1,1,seventh,1,1,1
WTG0MAX0UELB4U15V,Sedan,2016-06-03T07:13:19.7904161Z,50,421,60,0,25,19,73980,Seattle,9,1,1,1,fifth,1,1,1
IC4MBET7YP5FG4XRT,Sports Car,2016-06-03T07:13:21.9585769Z,98,449,96,14,49,48,63590,Bellevue,74,0,0,0,eight,0,0,0
RVWPWW7VK1JR4U6ZU,Station Wagon,2016-06-03T07:13:24.4059629Z,78,178,65,35,39,33,57902,Bellevue,80,1,1,1,fourth,1,1,1
BDX47H8LYC8SHYR6A,Hybrid,2016-06-03T07:13:28.6867065Z,98,456,94,22,49,49,51152,Redmond,13,1,1,1,eight,1,1,1
9616FPPXT9BOD8M1O,Sports Car,2016-06-03T07:13:31.7750653Z,71,122,35,22,35,28,56170,Sammamish,3,1,1,1,third,1,1,1
Q8NAOC6OHI5UY38A8,Hybrid,2016-06-03T07:13:34.6624645Z,69,109,32,17,34,27,153467,Sammamish,30,1,1,1,third,1,1,1
EAKLHOAYSIADGSB1R,Small SUV,2016-06-03T07:13:38.3655709Z,95,396,84,19,48,46,22885,Redmond,3,1,1,1,seventh,1,1,1
64CIW3DOG0CETY0M5,Family Saloon,2016-06-03T07:13:41.8688365Z,62,444,70,26,31,25,86843,Seattle,87,0,0,0,sixth,0,0,0
I71DVIJHW12327918,Hybrid,2016-06-03T07:13:47.1757745Z,99,475,97,34,50,49,115757,Redmond,4,0,0,0,eight,0,0,0
T5SR1DM2L0OJTOK92,Medium SUV,2016-06-03T07:13:50.1612654Z,97,426,94,35,48,47,21414,Bellevue,59,0,0,0,seventh,0,0,0
IBCL45FUEOWZTUS7O,Compact Car,2016-06-03T07:13:54.9780661Z,56,48,17,39,28,19,73084,Redmond,99,1,1,1,second,1,1,1
ODINR7R7IZC4FZWF0,Sedan,2016-06-03T07:14:00.7646125Z,69,110,32,6,34,27,71007,Sammamish,29,1,1,1,third,1,1,1
7S1KTI038TLJ04RS4,Medium SUV,2016-06-03T07:14:06.6319726Z,65,449,72,2,33,27,140165,Seattle,62,0,0,0,sixth,0,0,0
UI06J0D5G0CAAFY19,Family Saloon,2016-06-03T07:14:09.6725109Z,46,413,56,30,23,17,149012,Seattle,44,1,1,1,fifth,1,1,1
KOG95CF0O6FGE4Y7Y,Hybrid,2016-06-03T07:14:10.4195828Z,73,140,59,2,37,29,108508,Bellevue,90,1,1,1,third,1,1,1
XGI7BX1IZLQ2ET0BR,Sedan,2016-06-03T07:14:12.2216768Z,57,434,65,11,28,22,131448,Seattle,7,1,1,1,fifth,1,1,1
TQV57RA4LYSMMAZ7S,Family Saloon,2016-06-03T07:14:14.0134058Z,77,176,65,16,39,33,139083,Bellevue,69,1,1,1,fourth,1,1,1
SFRPHVS87DC3LUOUP,Large SUV,2016-06-03T07:14:15.5527718Z,93,369,80,8,47,44,181205,Redmond,18,0,0,0,seventh,0,0,0
Q1VKV7905JTP6LSTB,Family Saloon,2016-06-03T07:14:17.4594620Z,45,411,55,27,23,16,8850,Seattle,98,0,0,0,fifth,0,0,0
SL0PKLM3YD24Y2VQL,Station Wagon,2016-06-03T07:14:18.4054197Z,76,161,63,30,38,31,135526,Bellevue,39,1,1,1,fourth,1,1,1
X78P7EE6VPA1H57Y7,Hybrid,2016-06-03T07:14:19.5141377Z,92,359,78,32,46,44,56441,Redmond,3,0,0,0,seventh,0,0,0
NCR6S0O8243KWCC0U,Sports Car,2016-06-03T07:14:21.6607180Z,68,104,31,32,34,26,151520,Sammamish,35,0,0,0,third,0,0,0
2CPYH0ER405RCQAYG,Family Saloon,2016-06-03T07:14:23.3436769Z,55,430,64,5,27,21,157220,Seattle,16,1,1,1,fifth,1,1,1
2P9EPSYLX7QQXY2L6,Hybrid,2016-06-03T07:14:25.2656127Z,66,451,73,8,33,28,70797,Seattle,70,1,1,1,sixth,1,1,1
MJL6KGNJT1J9UN06C,Sedan,2016-06-03T07:14:26.7852408Z,66,450,73,11,33,27,106057,Seattle,21,1,1,1,sixth,1,1,1
PJ2ZC760FOSYJ5CBF,Sedan,2016-06-03T07:14:29.2499279Z,51,423,60,26,25,19,59350,Seattle,53,1,1,1,fifth,1,1,1
90GB5N6DRZ7V781D4,Medium SUV,2016-06-03T07:14:31.7511902Z,58,436,66,20,29,23,32146,Seattle,43,0,0,0,sixth,0,0,0
OMFYBJ7EELBWUJLC5,Family Saloon,2016-06-03T07:14:34.1725195Z,99,469,96,30,50,49,74720,Redmond,48,1,1,1,eight,1,1,1
6RBHFSJIU25TWAHQX,Medium SUV,2016-06-03T07:14:37.1595197Z,96,420,93,5,48,47,156332,Bellevue,41,1,1,1,seventh,1,1,1
U30I1WB31T9XBKCMY,Medium SUV,2016-06-03T07:14:40.8339135Z,63,76,46,24,31,23,21696,Bellevue,65,1,1,1,second,1,1,1
P1PVIHR45C3ZGB1GH,Hybrid,2016-06-03T07:14:44.0841048Z,49,28,11,13,24,15,116295,Redmond,85,0,0,0,first,0,0,0
IV9SBNQRW7XPUMMHE,Family Saloon,2016-06-03T07:14:46.8951135Z,57,52,18,29,28,19,169828,Redmond,26,0,0,0,second,0,0,0
KU4G672RLBN4PHAFC,Family Saloon,2016-06-03T07:14:49.7845069Z,81,209,70,13,41,35,129504,Bellevue,77,1,1,1,fourth,1,1,1
F2QF364UFYSWT4Q99,Convertible,2016-06-03T07:14:53.3923101Z,98,451,93,18,49,48,186291,Redmond,45,0,0,0,eight,0,0,0
4DXSC13S0JBQLSW35,Convertible,2016-06-03T07:14:56.3471743Z,58,437,67,29,29,23,176951,Seattle,45,0,0,0,sixth,0,0,0
NK2YTO3C50IR1HOFB,Family Saloon,2016-06-03T07:14:58.7377080Z,92,359,78,12,46,44,129371,Redmond,34,0,0,0,seventh,0,0,0
VXGJN0YI9I2PFMAA4,Hybrid,2016-06-03T07:15:00.9926377Z,51,424,61,12,26,19,154356,Seattle,18,0,0,0,fifth,0,0,0
EPH26O5B6TU0DVT75,Medium SUV,2016-06-03T07:15:02.4595052Z,61,441,69,37,30,24,140068,Seattle,71,0,0,0,sixth,0,0,0
E6BS9CXTX2KQ5STIM,Small SUV,2016-06-03T07:15:03.3949052Z,59,59,41,34,29,21,112712,Bellevue,12,1,1,1,second,1,1,1
NPKFUFF093BM7T96C,Station Wagon,2016-06-03T07:15:04.3119809Z,96,409,92,17,48,46,21180,Bellevue,40,1,1,1,seventh,1,1,1
D2VVZ0X3PXAMJI198,Sedan,2016-06-03T07:15:05.1131527Z,64,80,47,35,32,23,21032,Bellevue,37,0,0,0,second,0,0,0
MLFFX7XURJHTIQ670,Convertible,2016-06-03T07:15:06.0533553Z,66,96,29,23,33,25,47344,Sammamish,92,0,0,0,third,0,0,0
R6BV391OVKDOB81RH,Small SUV,2016-06-03T07:15:06.8613095Z,80,199,68,12,40,34,178020,Bellevue,25,1,1,1,fourth,1,1,1
HAK8S6934ATPFE4DJ,Hybrid,2016-06-03T07:15:08.0627742Z,99,465,95,26,50,49,1841,Redmond,33,1,1,1,eight,1,1,1
C65E1FPKM2J3B89R1,Hybrid,2016-06-03T07:15:08.9836297Z,56,433,65,9,28,22,19166,Seattle,12,0,0,0,fifth,0,0,0
QROGT3LH39HZMDHPL,Hybrid,2016-06-03T07:15:10.7507612Z,64,81,47,26,32,23,169154,Bellevue,39,1,1,1,second,1,1,1
XBNBVTPS8HUBLR29V,Large SUV,2016-06-03T07:15:11.9326155Z,73,136,58,37,36,29,119472,Bellevue,36,0,0,0,third,0,0,0
TSB9J5HHG4DKR2Z4D,Medium SUV,2016-06-03T07:15:12.6857737Z,58,54,19,32,29,20,75253,Redmond,8,0,0,0,second,0,0,0
917NN9WC1C22LPLGB,Sedan,2016-06-03T07:15:14.0024347Z,50,32,12,19,25,16,157328,Redmond,75,1,1,1,first,1,1,1
FJ80LSTGDWVA9R23E,Station Wagon,2016-06-03T07:15:15.0033195Z,46,413,56,11,23,17,47045,Seattle,16,1,1,1,fifth,1,1,1
MIJEIYGK7NCWZM95Y,Sedan,2016-06-03T07:15:15.8782900Z,60,440,68,33,30,24,193990,Seattle,9,1,1,1,sixth,1,1,1
9S702A2K3QHHQWW5R,Convertible,2016-06-03T07:15:16.6824398Z,96,417,93,17,48,47,194476,Bellevue,52,0,0,0,seventh,0,0,0
K96XQ16OSFWNRBLM7,Convertible,2016-06-03T07:15:17.3595026Z,98,458,94,9,49,49,86149,Redmond,85,1,1,1,eight,1,1,1
95YAC8M4Y3VKPD86R,Convertible,2016-06-03T07:15:18.2991056Z,99,479,97,39,50,50,85854,Redmond,0,1,1,1,eight,1,1,1
52914EY5HGMGPU7SG,Family Saloon,2016-06-03T07:15:19.4430199Z,47,413,56,28,23,17,146534,Seattle,17,1,1,1,fifth,1,1,1
KMJ0A0QOI4VFJSTSR,Sports Car,2016-06-03T07:15:20.5003657Z,96,422,94,34,48,47,5780,Bellevue,40,1,1,1,seventh,1,1,1
TWP6QZ78DYFVYRDX6,Sports Car,2016-06-03T07:15:21.9399855Z,53,428,63,10,27,20,23089,Seattle,41,0,0,0,fifth,0,0,0
OPOLRDLASL62TGQR6,Medium SUV,2016-06-03T07:15:21.1858029Z,93,367,80,32,47,44,122963,Redmond,25,0,0,0,seventh,0,0,0
MMLWE72Q48IEHW5PE,Sedan,2016-06-03T07:15:22.5553372Z,51,34,13,37,26,16,10901,Redmond,12,1,1,1,first,1,1,1
YNBJOOISGBG4WOY4P,Large SUV,2016-06-03T07:15:23.3717525Z,95,406,92,29,48,46,69669,Bellevue,19,0,0,0,seventh,0,0,0
MFOT7L6BNDGP2Y84F,Sports Car,2016-06-03T07:15:24.4916893Z,63,76,46,2,31,23,100775,Bellevue,66,1,1,1,second,1,1,1
DEGSYKKW3A647RELE,Large SUV,2016-06-03T07:15:25.3889672Z,46,413,56,21,23,17,149096,Seattle,65,1,1,1,fifth,1,1,1
9SZFR2BHGVEAF6JOX,Station Wagon,2016-06-03T07:15:27.3082008Z,57,435,66,31,29,23,140231,Seattle,50,1,1,1,sixth,1,1,1
J4JNQDTEO0CBN30NW,Large SUV,2016-06-03T07:15:28.1302360Z,74,147,60,2,37,30,34123,Bellevue,20,1,1,1,third,1,1,1
F8AGH3CXFNQP3L7FG,Coupe,2016-06-03T07:15:29.9782736Z,49,418,58,28,24,18,131127,Seattle,60,1,1,1,fifth,1,1,1
0M27TC6P6ZJITAUUK,Hybrid,2016-06-03T07:15:29.3472840Z,62,445,70,22,31,26,30293,Seattle,24,0,0,0,sixth,0,0,0
DFMBPCG5Y5GSB65DH,Convertible,2016-06-03T07:15:30.6196935Z,78,178,65,0,39,33,170410,Bellevue,41,1,1,1,fourth,1,1,1
NCCEY8DOW0MVSQFQL,Compact Car,2016-06-03T07:15:31.4725494Z,95,399,85,12,48,46,62541,Redmond,30,1,1,1,seventh,1,1,1
OCPLWUUJ43T739E88,Hybrid,2016-06-03T07:15:33.3357356Z,75,154,61,14,38,31,6272,Bellevue,41,0,0,0,fourth,0,0,0
WKYJOHNWT2SMSUJ1N,Convertible,2016-06-03T07:15:32.5276643Z,58,58,20,21,29,20,42994,Redmond,92,1,1,1,second,1,1,1
LOCNQO28JR378RMGF,Station Wagon,2016-06-03T07:15:34.3337451Z,99,479,97,38,50,50,40992,Redmond,8,1,1,1,eight,1,1,1
SSIMHNNXP4CU9MXD2,Hybrid,2016-06-03T07:15:35.6214770Z,49,418,58,24,24,18,174596,Seattle,94,1,1,1,fifth,1,1,1
G1304YEY8LUEQIKK3,Small SUV,2016-06-03T07:15:37.8304482Z,79,193,67,34,40,34,62627,Bellevue,13,0,0,0,fourth,0,0,0
G4OCGNSIZFGO4P329,Family Saloon,2016-06-03T07:15:38.7762509Z,72,129,36,4,36,29,73326,Sammamish,24,1,1,1,third,1,1,1
Z8KBHTPRP06RPC4NA,Hybrid,2016-06-03T07:15:40.4368127Z,80,197,68,35,40,34,109821,Bellevue,36,1,1,1,fourth,1,1,1
F19UF4OT18VZ3N03H,Station Wagon,2016-06-03T07:15:42.0114761Z,96,410,92,13,48,46,146179,Bellevue,75,1,1,1,seventh,1,1,1
9G5TSZRE6REL0VDQT,Hybrid,2016-06-03T07:15:43.6083592Z,54,428,63,15,27,21,28709,Seattle,0,0,0,0,fifth,0,0,0
1SYRKBFGZRDDM3YTR,Sedan,2016-06-03T07:15:45.1308528Z,53,427,62,9,27,20,167551,Seattle,45,0,0,0,fifth,0,0,0
KFKLEB8OY223XIREA,Compact Car,2016-06-03T07:15:46.7841194Z,68,455,75,29,34,29,37742,Seattle,87,1,1,1,sixth,1,1,1
4WGJ8MQXZU9XKIVWN,Sedan,2016-06-03T07:15:49.1190430Z,69,114,33,22,35,27,10000,Sammamish,50,0,0,0,third,0,0,0
TNDL0V535P6192TS7,Convertible,2016-06-03T07:15:50.6478226Z,93,363,79,36,47,44,131457,Redmond,7,1,1,1,seventh,1,1,1
2FWU71SW47LC081A8,Compact Car,2016-06-03T07:15:51.9961397Z,67,101,30,7,34,26,140863,Sammamish,25,1,1,1,third,1,1,1
MV9IRF1YD2M42M0L1,Coupe,2016-06-03T07:15:53.3990371Z,94,380,82,38,47,45,101755,Redmond,46,0,0,0,seventh,0,0,0
GWDEMZ6RQJICG899Q,Family Saloon,2016-06-03T07:15:55.0808285Z,69,113,33,26,35,27,149094,Sammamish,72,1,1,1,third,1,1,1
T1FWKED19XQUSKUIP,Sedan,2016-06-03T07:15:56.6166411Z,53,40,15,18,27,17,123474,Redmond,15,1,1,1,first,1,1,1
Q1VKV7905JTP6LSTB,Family Saloon,2016-06-03T07:15:58.0730208Z,50,422,60,34,25,19,19627,Seattle,51,1,1,1,fifth,1,1,1
QK1HIM0WKKNM7TCT5,Sedan,2016-06-03T07:15:59.5577469Z,96,409,92,34,48,46,120260,Bellevue,86,1,1,1,seventh,1,1,1
IJ4NKWMGL0ZZ8SA2G,Hybrid,2016-06-03T07:16:00.6121496Z,95,397,84,19,48,46,147731,Redmond,84,1,1,1,seventh,1,1,1
Z4V6LBT5X8OH4RF13,Station Wagon,2016-06-03T07:16:02.2084633Z,51,423,60,1,25,19,44349,Seattle,76,1,1,1,fifth,1,1,1
IVR8SJNCBCC9P58HV,Hybrid,2016-06-03T07:16:03.3447482Z,55,45,16,26,27,18,153010,Redmond,28,0,0,0,second,0,0,0
36A2CEWITIU9884RG,Sedan,2016-06-03T07:16:04.7267148Z,95,399,85,35,48,46,166923,Redmond,87,1,1,1,seventh,1,1,1
YSZXA1I9HULRLCMMN,Sports Car,2016-06-03T07:16:05.6117128Z,99,471,96,14,50,49,127789,Redmond,86,0,0,0,eight,0,0,0
SE6N6XJSG8O3JWX2A,Hybrid,2016-06-03T07:16:06.6137765Z,75,154,61,18,38,31,129670,Bellevue,5,0,0,0,fourth,0,0,0
