vin,model,timestamp,outsidetemperature,enginetemperature,speed,fuel,engineoil,tirepressure,odometer,city,accelerator_pedal_position,parking_brake_status,headlamp_status,brake_pedal_status,transmission_gear_position,ignition_status,windshield_wiper_status,abs
WX401NYKM13Y49F2Z,Hybrid,2016-08-01T04:51:34.5335997Z,0,113,1,20,0,0,80921,Seattle,74,1,1,1,first,1,1,1
CVL4ON71VFXOWF3OP,Hybrid,2016-08-01T04:51:36.9354982Z,99,478,97,29,50,50,2504,Redmond,3,1,1,1,eight,1,1,1
TJG05OJ4BR8NRQMQX,Station Wagon,2016-08-01T04:51:38.2559414Z,75,159,62,2,38,31,179194,Bellevue,85,1,1,1,fourth,1,1,1
2EEIVXYW67W47AMWE,Family Saloon,2016-08-01T04:51:39.5076565Z,77,174,65,16,39,32,26223,Bellevue,62,0,0,0,fourth,0,0,0
H0RJ44XH5HZH6PASN,Compact Car,2016-08-01T04:51:39.7420280Z,60,66,43,6,30,21,33960,Bellevue,45,1,1,1,second,1,1,1
F3UPFVEDU7XZMH0V9,Sedan,2016-08-01T04:51:40.0076541Z,57,435,66,20,29,23,44153,Seattle,22,1,1,1,sixth,1,1,1
4WEFBHRVGRKIFGN9B,Convertible,2016-08-01T04:51:40.5067008Z,95,407,92,6,48,46,50255,Bellevue,73,1,1,1,seventh,1,1,1
LHAGDK84HB6V9YXIF,Hybrid,2016-08-01T04:51:38.9082144Z,56,433,65,2,28,22,23696,Seattle,37,0,0,0,fifth,0,0,0
IPPKGZWCQOIQ1XEZ2,Sedan,2016-08-01T04:51:40.7566916Z,79,191,67,38,40,34,43536,Bellevue,92,1,1,1,fourth,1,1,1
B9TIR0Q7N9CHFMYT1,Family Saloon,2016-08-01T04:51:40.9915473Z,63,80,47,21,32,23,152774,Bellevue,95,0,0,0,second,0,0,0
RO07SVIY5UT7RB8L2,Family Saloon,2016-08-01T04:51:41.5798412Z,0,144,2,36,0,0,185070,Seattle,24,0,0,0,first,0,0,0
7DJBY2AGDW9FV9E64,Station Wagon,2016-08-01T04:51:40.2410381Z,76,166,63,24,38,32,3259,Bellevue,23,0,0,0,fourth,0,0,0
KRNL1LL8J38FL1L95,Hybrid,2016-08-01T04:51:41.8385441Z,100,489,99,5,50,50,31923,Redmond,94,1,1,1,eight,1,1,1
CJ6ODHPE0O1V09CH5,Compact Car,2016-08-01T04:51:42.0885261Z,53,427,62,38,26,20,99768,Seattle,21,1,1,1,fifth,1,1,1
MD3MRWCB5BJZLT7KR,Sedan,2016-08-01T04:51:42.5472542Z,66,93,50,26,33,25,101145,Bellevue,35,1,1,1,second,1,1,1
JN9XD56FVCMB3PMUE,Compact Car,2016-08-01T04:51:41.2288520Z,95,397,84,13,48,46,188288,Redmond,19,1,1,1,seventh,1,1,1
XTXWJ0Q0QCWSYZPCN,Station Wagon,2016-08-01T04:51:42.7678278Z,61,441,69,15,30,24,128549,Seattle,22,0,0,0,sixth,0,0,0
RN52I89E0Y63KCNI4,Family Saloon,2016-08-01T04:51:43.4530917Z,50,421,60,1,25,19,51927,Seattle,87,1,1,1,fifth,1,1,1
6EAE4IIMXY3RHH6LZ,Family Saloon,2016-08-01T04:51:42.9999546Z,98,444,96,8,49,48,166476,Bellevue,62,1,1,1,eight,1,1,1
JPQHHDIIVDZ0LF80H,Hybrid,2016-08-01T04:51:43.6874602Z,72,134,37,30,36,29,129328,Sammamish,20,0,0,0,third,0,0,0
M7F902ZZXGFMVCGDB,Sedan,2016-08-01T04:51:42.3211866Z,95,403,92,31,48,46,50226,Bellevue,99,0,0,0,seventh,0,0,0
RTILOYOXR634BUZ8A,Family Saloon,2016-08-01T04:51:43.9530830Z,93,369,80,12,47,44,76868,Redmond,77,0,0,0,seventh,0,0,0
ZA47H01F99THLIYO4,Sedan,2016-08-01T04:51:44.4218384Z,94,379,82,30,47,45,183829,Redmond,3,0,0,0,seventh,0,0,0
LYUV8ZM5H1SZAWKI1,Hybrid,2016-08-01T04:51:44.6562230Z,50,421,60,23,25,19,75867,Seattle,57,1,1,1,fifth,1,1,1
C3U0E7YA53G7D5JCV,Station Wagon,2016-08-01T04:51:43.2186808Z,71,125,35,8,36,28,150236,Sammamish,91,0,0,0,third,0,0,0
SNPC3K65SFMJ8HUXI,Coupe,2016-08-01T04:51:44.8905934Z,94,389,83,27,47,45,12427,Redmond,38,0,0,0,seventh,0,0,0
BO0GQC6Y9U6OJZD3I,Hybrid,2016-08-01T04:51:45.3593410Z,95,399,85,23,48,46,129285,Redmond,49,1,1,1,seventh,1,1,1
8LT8XZDYVKS3MY2IG,Hybrid,2016-08-01T04:51:45.5937282Z,4,231,9,14,2,0,59618,Seattle,26,0,0,0,first,0,0,0
W9XD1ZOXPLCHJXDHS,Hybrid,2016-08-01T04:51:44.1874585Z,48,417,58,0,24,18,80678,Seattle,0,1,1,1,fifth,1,1,1
BTQDYNLSULF1I6XSY,Large SUV,2016-08-01T04:51:45.8749728Z,97,428,94,11,49,47,72280,Bellevue,50,0,0,0,eight,0,0,0
CEPQKW56XF8KAL407,Medium SUV,2016-08-01T04:51:46.3437329Z,97,438,95,33,49,48,68257,Bellevue,61,0,0,0,eight,0,0,0
K1OCA777FOX7TH365,Family Saloon,2016-08-01T04:51:46.6222410Z,65,449,72,28,33,27,15618,Seattle,98,0,0,0,sixth,0,0,0
8EOJV46SV1YPR0N25,Family Saloon,2016-08-01T04:51:45.1249675Z,3,213,7,21,1,0,110501,Seattle,14,0,0,0,first,0,0,0
73MNN1B2IBY4621MF,Large SUV,2016-08-01T04:51:46.8492921Z,51,34,13,27,26,16,123757,Redmond,99,1,1,1,first,1,1,1
ZHYE6BWC7W4CVAFOI,Small SUV,2016-08-01T04:51:47.3044280Z,93,364,79,9,47,44,115729,Redmond,87,1,1,1,seventh,1,1,1
0S024H6SIU5RR3LFZ,Station Wagon,2016-08-01T04:51:47.5350310Z,47,415,57,36,24,17,95127,Seattle,90,0,0,0,fifth,0,0,0
5GFCAN7NGDSXD4A0Y,Sports Car,2016-08-01T04:51:46.1093594Z,59,439,68,34,30,24,153342,Seattle,18,1,1,1,sixth,1,1,1
63XD9TH5KNIZPATYZ,Hybrid,2016-08-01T04:51:47.7699529Z,93,373,81,26,47,45,4346,Redmond,53,1,1,1,seventh,1,1,1
4UQKPR48EIO4J93D5,Family Saloon,2016-08-01T04:51:48.3342141Z,75,160,62,35,38,31,116643,Bellevue,48,1,1,1,fourth,1,1,1
VHA71CU9U064O5HEE,Sedan,2016-08-01T04:51:48.5685822Z,57,54,19,37,29,20,169710,Redmond,48,0,0,0,second,0,0,0
8VQ55HY24PEK6FFSP,Family Saloon,2016-08-01T04:51:47.0788632Z,74,144,60,10,37,30,178395,Bellevue,45,0,0,0,third,0,0,0
BOJFBWG2Q3Z4YNQ29,Hybrid,2016-08-01T04:51:48.8033782Z,76,168,64,26,38,32,169227,Bellevue,85,1,1,1,fourth,1,1,1
TGK35IPUALJCBFRCL,Station Wagon,2016-08-01T04:51:49.2750177Z,93,372,80,36,47,45,149736,Redmond,75,1,1,1,seventh,1,1,1
8BXLE6EBA1NGD298T,Hybrid,2016-08-01T04:51:49.5239670Z,1,171,4,35,0,0,165510,Seattle,89,1,1,1,first,1,1,1
36NUFUIMP760EPS2D,Sedan,2016-08-01T04:51:48.0373172Z,71,459,77,35,36,31,116010,Seattle,39,1,1,1,sixth,1,1,1
VEUW4081EQ2E7VF0J,Family Saloon,2016-08-01T04:51:49.7739540Z,58,437,67,17,29,23,29053,Seattle,64,0,0,0,sixth,0,0,0
FBJQ161J0SU3XU4IJ,Large SUV,2016-08-01T04:51:50.2757615Z,62,75,45,8,31,23,13707,Bellevue,82,1,1,1,second,1,1,1
M6DMRKRM54J1KS8BV,Sedan,2016-08-01T04:51:50.4988510Z,49,29,12,16,25,15,51944,Redmond,82,0,0,0,first,0,0,0
1Y9CKX8UF68AJXVTN,Family Saloon,2016-08-01T04:51:49.0493836Z,0,128,1,12,0,0,111935,Seattle,75,0,0,0,first,0,0,0
L52WZB5PKQQA0C676,Hybrid,2016-08-01T04:51:50.7808674Z,77,176,65,3,39,32,72906,Bellevue,69,0,0,0,fourth,0,0,0
48NS2CV6X0R8MWGF8,Medium SUV,2016-08-01T04:51:51.2549389Z,98,449,96,10,49,48,25067,Bellevue,32,0,0,0,eight,0,0,0
I0SXGXIBU2K45UM4F,Convertible,2016-08-01T04:51:51.4927140Z,63,446,71,33,32,26,22117,Seattle,3,1,1,1,sixth,1,1,1
U1J162RQTWXB3I33B,Convertible,2016-08-01T04:51:50.0395790Z,54,429,63,21,27,21,151312,Seattle,77,0,0,0,fifth,0,0,0
VLJDAURTHW5D3TH3Z,Small SUV,2016-08-01T04:51:51.7270883Z,98,459,94,27,49,49,27597,Redmond,76,0,0,0,eight,0,0,0
0CM4JC802Q3TRPIBH,Hybrid,2016-08-01T04:51:52.2758412Z,3,211,7,2,1,0,149944,Seattle,53,0,0,0,first,0,0,0
M3N1WXSP9UKDFAW3O,Large SUV,2016-08-01T04:51:52.5093895Z,70,120,34,29,35,28,14489,Sammamish,0,1,1,1,third,1,1,1
A66BQTFUEM23UF0YQ,Sedan,2016-08-01T04:51:51.0007137Z,70,121,34,25,35,28,31181,Sammamish,17,1,1,1,third,1,1,1
ELQWMXAC36CMG3OKG,Hybrid,2016-08-01T04:51:52.7748778Z,68,103,30,37,34,26,71815,Sammamish,19,1,1,1,third,1,1,1
C027MF5GUMIWHM2Q4,Sedan,2016-08-01T04:51:53.2314535Z,98,457,94,38,49,49,110085,Redmond,42,1,1,1,eight,1,1,1
GGQMBZVQPR75UHWA8,Large SUV,2016-08-01T04:51:53.5118591Z,69,455,76,17,34,29,129654,Seattle,27,1,1,1,sixth,1,1,1
UMQJJ753TNMNKS88S,Large SUV,2016-08-01T04:51:51.9463139Z,60,63,42,8,30,21,159342,Bellevue,96,0,0,0,second,0,0,0
18NL8LMI9B1VD0IXV,Coupe,2016-08-01T04:51:53.7658713Z,72,135,58,1,36,29,155283,Bellevue,98,0,0,0,third,0,0,0
D1PKA8JG9C99J1TAA,Coupe,2016-08-01T04:51:54.2322705Z,73,143,60,15,37,30,156736,Bellevue,98,0,0,0,third,0,0,0
FDNLEQHWRHQGSS5GP,Station Wagon,2016-08-01T04:51:54.4546506Z,65,91,49,25,33,25,188372,Bellevue,36,1,1,1,second,1,1,1
KC23C42PAWZW83274,Sports Car,2016-08-01T04:51:53.0075957Z,58,54,19,5,29,20,166098,Redmond,72,0,0,0,second,0,0,0
HSYWQVTTD0Z6HRF4O,Hybrid,2016-08-01T04:51:54.6834165Z,0,132,1,4,0,0,134798,Seattle,19,0,0,0,first,0,0,0
Y0BGDKIPSPBUPCEIO,Coupe,2016-08-01T04:51:55.2146204Z,77,176,65,16,39,33,97499,Bellevue,81,0,0,0,fourth,0,0,0
E8P38U759KA4DWP5R,Medium SUV,2016-08-01T04:51:55.4386173Z,95,401,85,14,48,46,109032,Redmond,47,0,0,0,seventh,0,0,0
SHFEIHSLDKEIZJNMG,Large SUV,2016-08-01T04:51:53.9872118Z,71,458,77,19,35,31,6737,Seattle,18,1,1,1,sixth,1,1,1
EY99VREPW2JEFXTI7,Medium SUV,2016-08-01T04:51:55.6587501Z,65,91,49,18,33,25,83703,Bellevue,20,1,1,1,second,1,1,1
BU28T4CTTHAK3YX3U,Large SUV,2016-08-01T04:51:56.1468917Z,49,30,12,6,25,15,179970,Redmond,12,0,0,0,first,0,0,0
RK94MXQ4KSE8IRFUQ,Station Wagon,2016-08-01T04:51:56.3743875Z,73,138,59,33,37,29,169845,Bellevue,65,1,1,1,third,1,1,1
UWWHBU4BCXBCT5EF8,Sedan,2016-08-01T04:51:54.9125931Z,78,178,65,36,39,33,101894,Bellevue,91,1,1,1,fourth,1,1,1
VZAICA42D07HW7DTP,Small SUV,2016-08-01T04:51:57.0500795Z,77,173,64,34,39,32,25725,Bellevue,85,0,0,0,fourth,0,0,0
CUEHKXE2HHXAKJWY5,Medium SUV,2016-08-01T04:51:56.5945345Z,92,357,78,7,46,44,45184,Redmond,29,0,0,0,seventh,0,0,0
PUB3U17PS911EB369,Convertible,2016-08-01T04:51:57.4231632Z,71,128,36,8,36,28,106262,Sammamish,91,1,1,1,third,1,1,1
3R9MHA4Q80AAEQ3BU,Sedan,2016-08-01T04:51:55.9258898Z,64,447,71,3,32,26,147630,Seattle,15,1,1,1,sixth,1,1,1
WCTYRIIPJ2AT5KRHS,Small SUV,2016-08-01T04:51:57.6611816Z,49,28,11,12,24,15,113340,Redmond,40,0,0,0,first,0,0,0
89LJR2J2WPV7WW21Q,Sports Car,2016-08-01T04:51:58.1434687Z,99,468,96,20,50,49,61342,Redmond,29,1,1,1,eight,1,1,1
QBPW87EFN1JJ4NPSI,Sedan,2016-08-01T04:51:56.8215602Z,0,77,0,17,0,0,161806,Seattle,19,1,1,1,first,1,1,1
0A4SMSAGR5CA4LAY6,Small SUV,2016-08-01T04:51:58.3616633Z,74,145,60,15,37,30,112544,Bellevue,2,0,0,0,third,0,0,0
D2VVZ0X3PXAMJI198,Sedan,2016-08-01T04:51:59.0658488Z,57,434,65,8,28,22,135670,Seattle,9,1,1,1,fifth,1,1,1
9HYLLHPO8308BPJAA,Medium SUV,2016-08-01T04:51:58.5934102Z,55,430,64,33,27,21,157324,Seattle,46,1,1,1,fifth,1,1,1
VS55YXJWHUG8MJ625,Family Saloon,2016-08-01T04:51:59.3002319Z,96,423,94,35,48,47,28319,Bellevue,67,0,0,0,seventh,0,0,0
YWE53U7FGHYRYOCZ9,Station Wagon,2016-08-01T04:51:57.8934616Z,73,137,58,29,36,29,81144,Bellevue,11,1,1,1,third,1,1,1
D2C6U7D6EJXXBD62D,Station Wagon,2016-08-01T04:51:59.5346088Z,59,438,67,39,29,23,54714,Seattle,4,1,1,1,sixth,1,1,1
WIQOTZGQQ48KFH4O5,Coupe,2016-08-01T04:52:00.0492152Z,64,448,72,4,32,27,183013,Seattle,23,1,1,1,sixth,1,1,1
C2LZBDZPC5I0XE4AG,Small SUV,2016-08-01T04:52:00.2779484Z,79,196,68,20,40,34,35885,Bellevue,14,0,0,0,fourth,0,0,0
X12NN58IPJX71DVV7,Hybrid,2016-08-01T04:51:58.8246025Z,96,413,93,9,48,47,141690,Bellevue,97,0,0,0,seventh,0,0,0
4GJ17VS2K1J38BWZ7,Medium SUV,2016-08-01T04:52:00.5123247Z,66,451,73,4,33,28,57751,Seattle,17,1,1,1,sixth,1,1,1
MGCWZ4J79S5Y8J0SX,Hybrid,2016-08-01T04:52:00.9774853Z,68,454,75,23,34,29,147145,Seattle,98,1,1,1,sixth,1,1,1
20Q8Q0OL6VU1OZTS5,Family Saloon,2016-08-01T04:52:01.2419676Z,72,132,37,12,36,29,31740,Sammamish,49,0,0,0,third,0,0,0
8A9IV3OLVSUTSKGIV,Family Saloon,2016-08-01T04:51:59.7729004Z,97,434,95,17,49,48,88819,Bellevue,28,1,1,1,eight,1,1,1
P6ZDAOCGIRYAXMIFV,Family Saloon,2016-08-01T04:52:01.4763516Z,52,424,61,25,26,20,131189,Seattle,3,0,0,0,fifth,0,0,0
Y0AZF83QMHPWMJPY4,Station Wagon,2016-08-01T04:52:01.9394120Z,54,428,63,19,27,21,136373,Seattle,3,0,0,0,fifth,0,0,0
WBY2ALZDBPXIV6P0U,Compact Car,2016-08-01T04:52:02.2050373Z,1,187,5,18,1,0,166554,Seattle,15,0,0,0,first,0,0,0
I0S7SRGHMQLYYQUF9,Station Wagon,2016-08-01T04:52:00.7418128Z,53,38,14,2,26,17,154237,Redmond,60,0,0,0,first,0,0,0
530W2IAE5A9T8SZ0Y,Medium SUV,2016-08-01T04:52:02.4394175Z,94,387,83,21,47,45,159154,Redmond,84,1,1,1,seventh,1,1,1
RUVB2F10GV9F5KEGZ,Large SUV,2016-08-01T04:52:02.8923368Z,80,200,68,26,40,34,87147,Bellevue,68,1,1,1,fourth,1,1,1
XTQMRO1CU79YPQ34S,Large SUV,2016-08-01T04:52:03.1209699Z,67,452,74,18,34,28,45010,Seattle,47,0,0,0,sixth,0,0,0
2TGONTPCDAAIZV5IZ,Medium SUV,2016-08-01T04:52:01.7121437Z,60,65,43,20,30,21,149276,Bellevue,11,1,1,1,second,1,1,1
WKYJOHNWT2SMSUJ1N,Convertible,2016-08-01T04:52:03.8022001Z,93,374,81,6,47,45,155881,Redmond,93,1,1,1,seventh,1,1,1
0BO3V8YAVN9CE5IF0,Hybrid,2016-08-01T04:52:03.3444053Z,54,41,15,16,27,18,171256,Redmond,51,1,1,1,second,1,1,1
4PIVIQ89H7ZT9EUUR,Convertible,2016-08-01T04:52:04.0364631Z,49,419,59,29,25,18,55173,Seattle,13,0,0,0,fifth,0,0,0
Q8GOTEN8HP5QQZ8BA,Sedan,2016-08-01T04:52:02.6737964Z,3,210,7,38,1,0,49062,Seattle,57,0,0,0,first,0,0,0
067HMF76TUYSF6BIS,Large SUV,2016-08-01T04:52:04.7090982Z,50,32,12,3,25,16,165525,Redmond,44,1,1,1,first,1,1,1
JDM6I54YR676YEGPV,Station Wagon,2016-08-01T04:52:04.2654545Z,94,384,82,23,47,45,188166,Redmond,52,1,1,1,seventh,1,1,1
GDQVJW6S5CSXD9Z5A,Sports Car,2016-08-01T04:52:04.9279350Z,45,409,55,2,22,16,80700,Seattle,93,0,0,0,fifth,0,0,0
KEJ4TS371TAWO56AG,Sedan,2016-08-01T04:52:03.5759306Z,75,153,61,5,37,31,6525,Bellevue,77,0,0,0,third,0,0,0
ESDZ4ES60IHWFSZKW,Station Wagon,2016-08-01T04:52:05.1496028Z,69,109,32,8,34,27,16360,Sammamish,91,1,1,1,third,1,1,1
NNUV8F1IHC4ZBWIXZ,Large SUV,2016-08-01T04:52:05.6047730Z,99,465,95,0,50,49,96801,Redmond,42,1,1,1,eight,1,1,1
KL6L0A8IGL5OMNCLY,Family Saloon,2016-08-01T04:52:05.8414546Z,61,67,43,12,30,22,38369,Bellevue,47,1,1,1,second,1,1,1
SIB0INN7PWWOQ4PQR,Sports Car,2016-08-01T04:52:04.4858202Z,63,78,46,12,32,23,180203,Bellevue,41,0,0,0,second,0,0,0
JZ3QEUH0Z21WWATC1,Family Saloon,2016-08-01T04:52:06.0808057Z,78,185,66,12,39,33,184502,Bellevue,12,0,0,0,fourth,0,0,0
SIB0INN7PWWOQ4PQR,Sports Car,2016-08-01T04:52:06.5358106Z,56,433,65,17,28,22,25086,Seattle,77,0,0,0,fifth,0,0,0
AX2F0SRVRI9GD8FA2,Coupe,2016-08-01T04:52:06.7708911Z,96,420,93,23,48,47,137708,Bellevue,29,1,1,1,seventh,1,1,1
6QWWKMWE0NSUM08WS,Coupe,2016-08-01T04:52:05.3860264Z,47,414,57,12,23,17,58835,Seattle,90,1,1,1,fifth,1,1,1
X5L9HFSJ3HBUSYPW0,Family Saloon,2016-08-01T04:52:07.4754873Z,54,43,16,1,27,18,4027,Redmond,49,1,1,1,second,1,1,1
91N98KAN0DOZXYCT8,Large SUV,2016-08-01T04:52:07.0271792Z,95,400,85,33,48,46,131790,Redmond,17,1,1,1,seventh,1,1,1
HGIR108MV0S0VV83Z,Hybrid,2016-08-01T04:52:07.7320200Z,49,29,12,19,25,15,44463,Redmond,7,0,0,0,first,0,0,0
XBOFY79TYOE2T9APR,Hybrid,2016-08-01T04:52:06.3008228Z,96,410,92,27,48,46,191270,Bellevue,64,1,1,1,seventh,1,1,1
Z5ECGO6IWEO8DROSL,Sedan,2016-08-01T04:52:07.9780565Z,65,450,73,14,33,27,10371,Seattle,78,1,1,1,sixth,1,1,1
KP4TUT7NAQLT3V50W,Hybrid,2016-08-01T04:52:08.4856730Z,98,449,96,17,49,48,79632,Bellevue,16,0,0,0,eight,0,0,0
K7K2KO3M6CV8DZUWQ,Sedan,2016-08-01T04:52:08.7160029Z,58,56,19,20,29,20,116975,Redmond,91,1,1,1,second,1,1,1
RH1V7NTKZOWJCGMZ9,Large SUV,2016-08-01T04:52:07.2537721Z,67,453,75,14,34,29,104166,Seattle,43,0,0,0,sixth,0,0,0
O2C4VP4IVFXFEOQZX,Small SUV,2016-08-01T04:52:08.9490628Z,77,171,64,7,38,32,130877,Bellevue,34,1,1,1,fourth,1,1,1
RS7TUM29GNLFRW03M,Sports Car,2016-08-01T04:52:09.3972519Z,65,86,48,19,32,24,167746,Bellevue,47,0,0,0,second,0,0,0
6FOCYKQMFE104H9JI,Compact Car,2016-08-01T04:52:09.6172510Z,59,438,67,18,29,24,162549,Seattle,3,1,1,1,sixth,1,1,1
2IJ4PQP2Q6PWJG3DG,Medium SUV,2016-08-01T04:52:08.2235659Z,99,470,96,11,50,49,82667,Redmond,57,1,1,1,eight,1,1,1
AA2P3R4QL85D64DIW,Convertible,2016-08-01T04:52:09.8479983Z,97,435,95,2,49,48,177414,Bellevue,96,1,1,1,eight,1,1,1
LY8H7TS2VZJ4MMMVC,Sedan,2016-08-01T04:52:10.3055177Z,49,418,58,3,24,18,184153,Seattle,21,1,1,1,fifth,1,1,1
ADMJUSZG0LTAWRQY0,Large SUV,2016-08-01T04:52:10.5291667Z,71,126,36,14,36,28,48231,Sammamish,77,0,0,0,third,0,0,0
NVAGMGBZRW1DDQSOV,Hybrid,2016-08-01T04:52:09.1680535Z,95,394,84,0,48,46,163999,Redmond,2,1,1,1,seventh,1,1,1
GW0PWKLNAFTWUT3V7,Station Wagon,2016-08-01T04:52:10.7635787Z,51,422,60,4,25,19,32796,Seattle,64,1,1,1,fifth,1,1,1
YNFLKFYMWBZKFKWHW,Hybrid,2016-08-01T04:52:11.2480945Z,77,176,65,0,39,33,1031,Bellevue,65,0,0,0,fourth,0,0,0
V0M2V0TNH2IX4BHCK,Compact Car,2016-08-01T04:52:11.4720130Z,95,401,85,37,48,46,178811,Redmond,79,0,0,0,seventh,0,0,0
FQ5ONQWV9OALVM152,Station Wagon,2016-08-01T04:52:10.0709993Z,70,118,34,36,35,27,31070,Sammamish,49,1,1,1,third,1,1,1
CD3FOP2H1J8FCCELB,Family Saloon,2016-08-01T04:52:11.8027567Z,61,66,43,14,30,22,189711,Bellevue,14,1,1,1,second,1,1,1
WM649Q068P9KUPN57,Family Saloon,2016-08-01T04:52:12.2539564Z,96,409,92,6,48,46,181961,Bellevue,56,1,1,1,seventh,1,1,1
P1H6Z2D0ETZHF7PIA,Family Saloon,2016-08-01T04:52:12.4973938Z,79,192,67,24,40,34,13080,Bellevue,42,0,0,0,fourth,0,0,0
0679CUSO4RRECOSFH,Sedan,2016-08-01T04:52:11.0136472Z,59,60,41,35,30,21,83663,Bellevue,87,0,0,0,second,0,0,0
2JXM1P3WJ0HZQBR6S,Sedan,2016-08-01T04:52:12.7357026Z,64,82,47,2,32,23,4580,Bellevue,57,1,1,1,second,1,1,1
PIHI9SPQ8WCAPP090,Coupe,2016-08-01T04:52:13.1955324Z,97,429,94,0,49,47,85420,Bellevue,51,1,1,1,eight,1,1,1
6NWNJI8HUQY71S6VP,Convertible,2016-08-01T04:52:13.4280798Z,54,42,15,19,27,18,11608,Redmond,49,1,1,1,second,1,1,1
ECLBZUDYPDI4VMC26,Large SUV,2016-08-01T04:52:12.0339066Z,99,474,97,24,50,49,75137,Redmond,42,0,0,0,eight,0,0,0
JVHJQQ3CAYW85TKM6,Small SUV,2016-08-01T04:52:13.6912261Z,49,28,11,5,24,15,117094,Redmond,60,0,0,0,first,0,0,0
TIKXFJOH41ID06K77,Family Saloon,2016-08-01T04:52:14.1690006Z,99,469,96,29,50,49,122172,Redmond,66,1,1,1,eight,1,1,1
12I1BX57W0CP52COZ,Sedan,2016-08-01T04:52:14.3967296Z,74,145,60,33,37,30,154748,Bellevue,92,0,0,0,third,0,0,0
UK9ZDUCO5GBEC67NI,Sedan,2016-08-01T04:52:12.9593166Z,52,35,13,6,26,16,43256,Redmond,34,0,0,0,first,0,0,0
FPHR26VQ5E1VIZPBX,Hybrid,2016-08-01T04:52:14.6257491Z,55,430,64,23,27,21,82640,Seattle,36,1,1,1,fifth,1,1,1
L3CSZU1SEURP4WI9D,Family Saloon,2016-08-01T04:52:15.0862128Z,67,101,30,24,34,26,101746,Sammamish,61,1,1,1,third,1,1,1
JPKMEMQ2RTIU09SXF,Family Saloon,2016-08-01T04:52:15.3349341Z,96,424,94,34,48,47,106218,Bellevue,53,0,0,0,seventh,0,0,0
FMBPHW71KNG9UDN4N,Sports Car,2016-08-01T04:52:13.9197522Z,73,137,58,3,36,29,28261,Bellevue,83,1,1,1,third,1,1,1
RT0EVODU2WMUFGWOA,Small SUV,2016-08-01T04:52:15.6630789Z,71,459,77,16,36,31,75495,Seattle,96,1,1,1,sixth,1,1,1
6ENV0GETQGSRTWHLM,Sedan,2016-08-01T04:52:16.1460071Z,54,430,63,7,27,21,168805,Seattle,56,1,1,1,fifth,1,1,1
ORTZIT8U5HWS4Z0Y4,Compact Car,2016-08-01T04:52:16.3650372Z,0,136,2,22,0,0,74657,Seattle,78,0,0,0,first,0,0,0
3NPT1KE0J82E1TQZF,Large SUV,2016-08-01T04:52:14.8620555Z,75,154,61,12,38,31,99176,Bellevue,45,0,0,0,fourth,0,0,0
MCW2JMAJT2A0SREG8,Family Saloon,2016-08-01T04:52:16.6900288Z,74,151,61,19,37,30,111567,Bellevue,32,1,1,1,third,1,1,1
4LVQG6JEUZUUYJA7Q,Large SUV,2016-08-01T04:52:17.2771195Z,64,448,72,5,32,27,92279,Seattle,79,1,1,1,sixth,1,1,1
LP9A6PXHGPDYCT154,Family Saloon,2016-08-01T04:52:15.9171477Z,61,68,44,18,31,22,5441,Bellevue,14,0,0,0,second,0,0,0
TTGA7CWQPI9Q4L74S,Coupe,2016-08-01T04:52:17.5499808Z,55,44,16,21,27,18,127106,Redmond,86,0,0,0,second,0,0,0
90LR6IH70DMQNV245,Sedan,2016-08-01T04:52:17.7649853Z,48,417,58,3,24,18,112164,Seattle,55,1,1,1,fifth,1,1,1
Z0W813XAGLBHZZW94,Compact Car,2016-08-01T04:52:18.3159753Z,71,122,35,10,35,28,88823,Sammamish,72,1,1,1,third,1,1,1
VK9WWDO4FW1UQ3N4I,Medium SUV,2016-08-01T04:52:16.9470623Z,94,389,83,27,47,45,117395,Redmond,87,0,0,0,seventh,0,0,0
OE96LRRHQNBRGDBFH,Station Wagon,2016-08-01T04:52:18.5756471Z,92,356,78,37,46,44,179438,Redmond,58,0,0,0,seventh,0,0,0
TRFD6LW1SWWCNNFF5,Station Wagon,2016-08-01T04:52:18.8112229Z,46,412,56,28,23,16,74520,Seattle,69,1,1,1,fifth,1,1,1
JWL8VKQWQMVGV0S6O,Small SUV,2016-08-01T04:52:19.2903834Z,75,155,61,20,38,31,67310,Bellevue,89,0,0,0,fourth,0,0,0
WIF9S1YIKA2BK292E,Sedan,2016-08-01T04:52:19.5379045Z,56,49,17,9,28,19,111407,Redmond,39,1,1,1,second,1,1,1
CZ6MGFY1C1ZD1I4MZ,Family Saloon,2016-08-01T04:52:18.0166503Z,57,51,18,32,28,19,181169,Redmond,49,1,1,1,second,1,1,1
QIR0VQVMMBU655M8U,Hybrid,2016-08-01T04:52:19.7532449Z,1,183,4,38,0,0,71487,Seattle,48,0,0,0,first,0,0,0
MQ1LPBXYJX9N4V727,Compact Car,2016-08-01T04:52:20.2142408Z,2,206,7,2,1,0,154755,Seattle,81,0,0,0,first,0,0,0
56H3FPUVHSKUOXFQS,Compact Car,2016-08-01T04:52:20.4372434Z,80,199,68,34,40,34,79018,Bellevue,69,1,1,1,fourth,1,1,1
E87H9GMV4M1HOZNFR,Sedan,2016-08-01T04:52:19.0459975Z,93,366,79,8,47,44,89571,Redmond,41,0,0,0,seventh,0,0,0
ILVKP2FAG3WG5IM8C,Sports Car,2016-08-01T04:52:20.7372229Z,57,434,66,34,28,22,112673,Seattle,86,1,1,1,fifth,1,1,1
QILNS3YYPWTMCFMH5,Compact Car,2016-08-01T04:52:21.2250487Z,80,206,69,5,40,35,146826,Bellevue,96,0,0,0,fourth,0,0,0
P3KU5XOSPT4JG5T35,Sedan,2016-08-01T04:52:21.4553134Z,68,454,75,0,34,29,99354,Seattle,31,1,1,1,sixth,1,1,1
MQSC0KWQPNYQ93G4W,Hybrid,2016-08-01T04:52:19.9822499Z,94,386,83,32,47,45,62611,Redmond,43,1,1,1,seventh,1,1,1
LMNIQ2HAWIGA9G57Q,Sports Car,2016-08-01T04:52:21.7206729Z,64,448,72,1,32,27,33139,Seattle,50,0,0,0,sixth,0,0,0
GGRIYVEZ8QXMGYJI4,Hybrid,2016-08-01T04:52:22.1798016Z,73,141,59,37,37,30,20536,Bellevue,24,1,1,1,third,1,1,1
F2431QV26TEK2M1T2,Coupe,2016-08-01T04:52:22.4141769Z,53,38,14,25,26,17,33826,Redmond,95,0,0,0,first,0,0,0
LECL9ZZ9XECVR48E2,Sedan,2016-08-01T04:52:20.9785994Z,65,86,48,37,32,24,113532,Bellevue,99,0,0,0,second,0,0,0
OYYG0JKCW4RW8QIX6,Convertible,2016-08-01T04:52:22.6485657Z,74,150,61,25,37,30,132324,Bellevue,12,1,1,1,third,1,1,1
EDL2TEZVQD6GE9ZW6,Small SUV,2016-08-01T04:52:21.9454331Z,50,32,12,16,25,16,119328,Redmond,41,1,1,1,first,1,1,1
MP7995L7DJRK9RYFV,Sports Car,2016-08-01T05:24:10.8597337Z,50,420,59,35,46,44,199646,Seattle,71,0,0,0,eight,0,0,0
09KH7JHRGJEMYENUO,Large SUV,2016-08-01T05:24:13.0472471Z,100,491,99,20,50,50,141338,Redmond,25,1,1,1,eight,1,1,1
XV736L41FGYWLOYNT,Medium SUV,2016-08-01T05:24:14.2817620Z,61,441,69,27,30,25,95811,Seattle,9,0,0,0,sixth,0,0,0
EN10AC6O7UJ3TL3E0,Large SUV,2016-08-01T05:24:15.0017691Z,69,109,32,20,34,27,50554,Sammamish,18,1,1,1,third,1,1,1
KI0YTEPAQ7QOWQF6H,Compact Car,2016-08-01T05:24:15.6877726Z,61,67,43,10,30,22,172478,Bellevue,15,1,1,1,second,1,1,1
0NHFZ4XWHJLU2771I,Medium SUV,2016-08-01T05:24:15.2447803Z,47,413,56,11,23,17,139924,Seattle,98,1,1,1,fifth,1,1,1
K9HXYEIKIALDNOZVI,Compact Car,2016-08-01T05:24:13.6918910Z,72,135,58,10,36,29,133710,Bellevue,89,0,0,0,third,0,0,0
ZSVPABA2PMHXRO9QX,Convertible,2016-08-01T05:24:15.9140237Z,54,429,63,4,27,21,116542,Seattle,41,0,0,0,fifth,0,0,0
PMGCQTHK02PD4M942,Medium SUV,2016-08-01T05:24:16.1704724Z,50,421,60,11,25,19,76438,Seattle,90,1,1,1,fifth,1,1,1
89RROQ3WP8LYWSXXH,Sedan,2016-08-01T05:24:16.6154686Z,96,420,93,32,48,47,4119,Bellevue,56,1,1,1,seventh,1,1,1
CBBSBQTJEGPBWEHFX,Large SUV,2016-08-01T05:24:16.8572987Z,80,202,69,17,40,34,2896,Bellevue,95,0,0,0,fourth,0,0,0
4WPYRUZII5YV7YA42,Sedan,2016-08-01T05:24:15.4677847Z,93,369,80,6,47,44,147321,Redmond,70,0,0,0,seventh,0,0,0
M3CW0MS6MFSL5UAAD,Compact Car,2016-08-01T05:24:17.0784361Z,97,430,94,21,49,47,170431,Bellevue,72,1,1,1,eight,1,1,1
1R94XYN7NCSU9QF1U,Station Wagon,2016-08-01T05:24:17.5406082Z,48,416,58,39,24,17,133988,Seattle,82,1,1,1,fifth,1,1,1
BLNES419FQPRJBJQ3,Large SUV,2016-08-01T05:24:17.7598353Z,99,471,96,20,50,49,120473,Redmond,14,0,0,0,eight,0,0,0
Z94NK6NXBFW3LBDUP,Family Saloon,2016-08-01T05:24:16.3906670Z,79,193,67,25,40,34,43234,Bellevue,5,0,0,0,fourth,0,0,0
QNTENDARF69XO1DA1,Convertible,2016-08-01T05:24:17.9783256Z,95,406,92,2,48,46,135713,Bellevue,40,0,0,0,seventh,0,0,0
0IESVCF1KGKEOXYYS,Station Wagon,2016-08-01T05:24:19.0083176Z,100,490,99,25,50,50,43450,Redmond,18,1,1,1,eight,1,1,1
DXBHUHLUGYJDY1PNK,Compact Car,2016-08-01T05:24:17.3036991Z,69,114,33,0,35,27,142384,Sammamish,54,0,0,0,third,0,0,0
ODHWMT1905X771A4G,Large SUV,2016-08-01T05:24:19.2323443Z,65,86,48,6,32,24,74157,Bellevue,15,0,0,0,second,0,0,0
OYM8VOGTOYNEDHEDU,Convertible,2016-08-01T05:24:19.4603240Z,59,438,67,36,29,23,19867,Seattle,74,1,1,1,sixth,1,1,1
VKI455VELM552CQFE,Sedan,2016-08-01T05:24:19.9129333Z,70,118,34,33,35,27,25907,Sammamish,58,1,1,1,third,1,1,1
L0V125BPX6W1ZWVYK,Family Saloon,2016-08-01T05:24:20.1443240Z,49,418,58,15,24,18,132102,Seattle,26,1,1,1,fifth,1,1,1
UW092M9QVF7OLA7J1,Sports Car,2016-08-01T05:24:18.6343128Z,4,228,9,13,2,0,119919,Seattle,74,0,0,0,first,0,0,0
H6B0IYJM4V2BHNXPW,Sports Car,2016-08-01T05:24:20.8271511Z,100,486,98,4,50,50,133027,Redmond,53,0,0,0,eight,0,0,0
KIT8NT6ZT6RY0P84I,Hybrid,2016-08-01T05:24:20.3794502Z,71,126,35,34,36,28,92507,Sammamish,27,0,0,0,third,0,0,0
8M7O8LZT397NDR9K7,Compact Car,2016-08-01T05:24:21.0517063Z,75,160,62,20,38,31,82596,Bellevue,60,1,1,1,fourth,1,1,1
ET0ZN8BI22ILADHAY,Compact Car,2016-08-01T05:24:19.6823506Z,2,207,7,34,1,0,46705,Seattle,40,0,0,0,first,0,0,0
AOFNFHGJGOSSE3VRS,Coupe,2016-08-01T05:24:21.2913630Z,58,437,67,20,29,23,117922,Seattle,48,0,0,0,sixth,0,0,0
F8AGH3CXFNQP3L7FG,Coupe,2016-08-01T05:24:21.7844526Z,96,410,92,10,48,46,168386,Bellevue,30,1,1,1,seventh,1,1,1
GLNH74V0WADP6LDVN,Family Saloon,2016-08-01T05:24:22.0542221Z,94,390,83,0,47,45,154737,Redmond,67,0,0,0,seventh,0,0,0
HMXX18YPNGUPXY9DS,Family Saloon,2016-08-01T05:24:20.6026969Z,62,75,45,24,31,23,162003,Bellevue,71,1,1,1,second,1,1,1
XI68L5L66VFNR3PHG,Small SUV,2016-08-01T05:24:22.3191954Z,67,97,29,38,33,25,195625,Sammamish,26,0,0,0,third,0,0,0
C8IF4CG8XRI0INDGM,Station Wagon,2016-08-01T05:24:22.7832255Z,68,105,31,15,34,26,158969,Sammamish,15,0,0,0,third,0,0,0
AX0J6KW0FDI04F222,Family Saloon,2016-08-01T05:24:23.0032408Z,64,447,71,27,32,26,123412,Seattle,4,1,1,1,sixth,1,1,1
TWSYNJXQ4PP3WXXM9,Sports Car,2016-08-01T05:24:21.5255754Z,97,431,94,34,49,47,177312,Bellevue,25,1,1,1,eight,1,1,1
O4OT66B8MN4O3P5KI,Large SUV,2016-08-01T05:24:23.6976494Z,53,427,62,8,27,20,89551,Seattle,48,0,0,0,fifth,0,0,0
ZAK4A0OZM33WSQ58F,Large SUV,2016-08-01T05:24:23.2202047Z,51,423,61,20,26,19,192565,Seattle,45,0,0,0,fifth,0,0,0
97HQPEWM1AJT8QLXE,Large SUV,2016-08-01T05:24:23.9296680Z,74,147,60,20,37,30,98584,Bellevue,93,1,1,1,third,1,1,1
3V9XAD200QH5PYV9I,Compact Car,2016-08-01T05:24:22.5561959Z,1,166,3,3,0,0,79987,Seattle,62,1,1,1,first,1,1,1
5J0AP38IFFE3H3P34,Compact Car,2016-08-01T05:24:24.6736943Z,60,63,42,38,30,21,76069,Bellevue,2,0,0,0,second,0,0,0
SQLH9X4Y5R59YZWS0,Hybrid,2016-08-01T05:24:24.2337147Z,74,145,60,39,37,30,109654,Bellevue,83,0,0,0,third,0,0,0
NNLRTNV7UVZF1YJ5U,Hybrid,2016-08-01T05:24:24.9068710Z,78,180,65,29,39,33,12981,Bellevue,13,1,1,1,fourth,1,1,1
7NBLEOTEYCHGBI6PG,Hybrid,2016-08-01T05:24:23.4772862Z,60,63,42,7,30,21,170610,Bellevue,35,0,0,0,second,0,0,0
KH69C01UU2UHF4ONV,Family Saloon,2016-08-01T05:24:25.6064834Z,64,448,72,25,32,27,54857,Seattle,49,0,0,0,sixth,0,0,0
QIZINLXSSKNC6SE8L,Station Wagon,2016-08-01T05:24:25.1262649Z,95,405,92,31,48,46,176401,Bellevue,69,0,0,0,seventh,0,0,0
PD0Y2KDVTDRZ2Q9J5,Family Saloon,2016-08-01T05:24:25.8347987Z,51,32,13,36,25,16,172671,Redmond,59,1,1,1,first,1,1,1
BSVAL3320IE36M0N5,Compact Car,2016-08-01T05:24:24.4540754Z,93,365,79,6,47,44,180793,Redmond,53,1,1,1,seventh,1,1,1
VRAUAVF6U93UD4OCD,Large SUV,2016-08-01T05:24:26.5133328Z,0,122,1,17,0,0,66398,Seattle,83,1,1,1,first,1,1,1
K1NYT1YTHLML7JGMR,Large SUV,2016-08-01T05:24:26.0565309Z,45,410,55,34,22,16,163614,Seattle,19,0,0,0,fifth,0,0,0
F1S7VAV2CJXE81R6Y,Sports Car,2016-08-01T05:24:26.7413498Z,77,177,65,33,39,33,57988,Bellevue,25,1,1,1,fourth,1,1,1
8XBCZZPJDEFJV8IHD,Small SUV,2016-08-01T05:24:25.3802990Z,79,189,67,12,39,33,174672,Bellevue,80,1,1,1,fourth,1,1,1
LKNJC1MDRJRVG8J1J,Station Wagon,2016-08-01T05:24:26.9807548Z,62,443,70,12,31,25,165678,Seattle,96,1,1,1,sixth,1,1,1
ELUHSYBVDCFNNFPKC,Hybrid,2016-08-01T05:24:27.4557624Z,2,196,6,29,1,0,147198,Seattle,91,1,1,1,first,1,1,1
XDMDU6G9NN7JZQ65M,Family Saloon,2016-08-01T05:24:27.6807631Z,79,194,68,16,40,34,177107,Bellevue,20,0,0,0,fourth,0,0,0
IR31Z4JMBQ7BR3DT6,Sports Car,2016-08-01T05:24:26.2818205Z,93,361,79,31,46,44,99521,Redmond,27,1,1,1,seventh,1,1,1
A6VKEWT7Y751GW02O,Sedan,2016-08-01T05:24:27.9077597Z,66,450,73,31,33,27,25501,Seattle,20,1,1,1,sixth,1,1,1
Y2QXT5DUTSK1VBB6G,Coupe,2016-08-01T05:24:28.3698173Z,74,147,60,24,37,30,16004,Bellevue,61,1,1,1,third,1,1,1
0WPAHX9TW8KCT5YCV,Hybrid,2016-08-01T05:24:28.5979522Z,55,431,64,1,28,21,1651,Seattle,27,1,1,1,fifth,1,1,1
JJUO5ARH38DUFJYSP,Compact Car,2016-08-01T05:24:27.2027571Z,78,185,66,31,39,33,178590,Bellevue,1,0,0,0,fourth,0,0,0
Y0LBRIWM754TDYNBW,Family Saloon,2016-08-01T05:24:29.3606555Z,93,375,81,32,47,45,15854,Redmond,40,1,1,1,seventh,1,1,1
4FWAJLR6WGCD91V72,Sedan,2016-08-01T05:24:28.9119392Z,54,42,15,0,27,18,70226,Redmond,32,1,1,1,second,1,1,1
C7JW8JCYBIV9ORFZ5,Sedan,2016-08-01T05:24:29.5757722Z,62,71,44,23,31,22,78453,Bellevue,20,0,0,0,second,0,0,0
WT0RAER6NW0E5URS2,Station Wagon,2016-08-01T05:24:28.1338850Z,52,36,14,34,26,17,196195,Redmond,87,0,0,0,first,0,0,0
183UFH1KP8ZKZZ3J1,Medium SUV,2016-08-01T05:24:29.7960099Z,55,431,64,5,28,21,148502,Seattle,1,1,1,1,fifth,1,1,1
KVHVES0OO6RXH12XR,Coupe,2016-08-01T05:24:30.2515542Z,68,103,30,38,34,26,132765,Sammamish,1,1,1,1,third,1,1,1
87IF1XV8T6MN3MSS7,Station Wagon,2016-08-01T05:24:30.4717560Z,57,54,19,11,29,20,4290,Redmond,8,0,0,0,second,0,0,0
Y87WBSKE13RBKGABE,Station Wagon,2016-08-01T05:24:29.1363396Z,48,416,57,35,24,17,194669,Seattle,9,0,0,0,fifth,0,0,0
QD3MSWPGMIJX5M5EY,Hybrid,2016-08-01T05:24:30.6947614Z,51,422,60,18,25,19,116888,Seattle,85,1,1,1,fifth,1,1,1
U0SMGE7F5GDSCAHXL,Large SUV,2016-08-01T05:24:31.1533849Z,64,84,48,1,32,24,49212,Bellevue,10,1,1,1,second,1,1,1
UMQJJ753TNMNKS88S,Large SUV,2016-08-01T05:24:31.3750991Z,100,498,100,22,50,50,165847,Redmond,72,0,0,0,eight,0,0,0
NR1AHM2BN87J23AV6,Family Saloon,2016-08-01T05:24:30.0146356Z,81,216,71,3,41,35,67362,Bellevue,27,0,0,0,fourth,0,0,0
HBNOSQYQ5IPQ8XY2A,Hybrid,2016-08-01T05:24:31.6024079Z,97,432,95,34,49,47,14319,Bellevue,85,1,1,1,eight,1,1,1
ASLWI20JB2URM3WRH,Station Wagon,2016-08-01T05:24:32.0707788Z,97,442,95,2,49,48,198686,Bellevue,13,1,1,1,eight,1,1,1
9SGS5BWFW4DN0L6TH,Large SUV,2016-08-01T05:24:32.2901023Z,71,124,35,38,36,28,76745,Sammamish,68,0,0,0,third,0,0,0
E3EBBLYQZ88UC2Z7W,Sedan,2016-08-01T05:24:30.9257642Z,72,136,58,22,36,29,21980,Bellevue,19,0,0,0,third,0,0,0
CAECANBUGA9LQL5XY,Station Wagon,2016-08-01T05:24:32.5086466Z,68,454,75,39,34,29,135321,Seattle,57,1,1,1,sixth,1,1,1
W7R9NH0J222XFJ5QB,Convertible,2016-08-01T05:24:32.9601930Z,75,158,62,21,38,31,40759,Bellevue,67,1,1,1,fourth,1,1,1
RERYLIRZBBPGVZM0O,Station Wagon,2016-08-01T05:24:33.1798952Z,94,380,82,9,47,45,97618,Redmond,76,0,0,0,seventh,0,0,0
4YFE2NZOF04CXS0EO,Sedan,2016-08-01T05:24:31.8377718Z,60,441,68,39,30,24,113427,Seattle,25,0,0,0,sixth,0,0,0
7Q3YDXZB1ZRY2BNX6,Hybrid,2016-08-01T05:24:33.4169673Z,2,193,5,37,1,0,158447,Seattle,84,1,1,1,first,1,1,1
ZS969VGGJXF6FYM3V,Station Wagon,2016-08-01T05:24:33.9369516Z,79,192,67,13,40,34,34276,Bellevue,98,1,1,1,fourth,1,1,1
HI4CH4LZO488JZ75J,Coupe,2016-08-01T05:24:34.1592450Z,96,418,93,38,48,47,193245,Bellevue,84,1,1,1,seventh,1,1,1
5WOPDXRN5978S6OHM,Large SUV,2016-08-01T05:24:32.7270614Z,56,432,65,21,28,22,30206,Seattle,98,0,0,0,fifth,0,0,0
YVG9HH1ETSXS8MQ6B,Hybrid,2016-08-01T05:24:34.8118721Z,51,423,61,3,26,19,167426,Seattle,74,0,0,0,fifth,0,0,0
50TRDR9BQCXS39X0O,Hybrid,2016-08-01T05:24:34.3742493Z,68,105,31,22,34,26,65035,Sammamish,79,0,0,0,third,0,0,0
RSRG9MCUFR4VSFA4P,Convertible,2016-08-01T05:24:35.0288705Z,100,490,99,35,50,50,83505,Redmond,45,1,1,1,eight,1,1,1
2G7EYW7BNN13BRKHD,Station Wagon,2016-08-01T05:24:33.6424958Z,69,113,33,6,35,27,158672,Sammamish,73,1,1,1,third,1,1,1
H8OCNH291LR15WSML,Sports Car,2016-08-01T05:24:35.2488804Z,76,163,63,9,38,32,1773,Bellevue,29,0,0,0,fourth,0,0,0
IHLWRGHA841Q3T77I,Sedan,2016-08-01T05:24:35.8436259Z,61,69,44,37,31,22,135974,Bellevue,66,0,0,0,second,0,0,0
B0EI1SJPWAC8RFSMH,Sports Car,2016-08-01T05:24:36.0872369Z,99,478,97,6,50,50,85314,Redmond,4,1,1,1,eight,1,1,1
L57CILZKUQULJU7OI,Hybrid,2016-08-01T05:24:34.5992444Z,58,55,19,10,29,20,146090,Redmond,68,1,1,1,second,1,1,1
DJYEEHVIR7LW60N3I,Sedan,2016-08-01T05:24:36.7515945Z,1,178,4,4,0,0,24752,Seattle,12,0,0,0,first,0,0,0
4ENI28TZX0LTG86LS,Sedan,2016-08-01T05:24:36.3210708Z,63,76,46,14,31,23,6092,Bellevue,27,1,1,1,second,1,1,1
7IXNF69XQTT2UDEIT,Hybrid,2016-08-01T05:24:37.0951696Z,64,83,47,1,32,24,189898,Bellevue,0,1,1,1,second,1,1,1
PY4SD6PWXNVEWH3QU,Hybrid,2016-08-01T05:24:35.6162695Z,99,468,95,21,50,49,96137,Redmond,62,1,1,1,eight,1,1,1
IJS4NQHF1H5RDJVWA,Coupe,2016-08-01T05:24:37.7594930Z,79,196,68,28,40,34,118404,Bellevue,95,0,0,0,fourth,0,0,0
GHP7YHAHAXU0UWHEM,Station Wagon,2016-08-01T05:24:37.3134143Z,58,437,67,28,29,23,79266,Seattle,33,0,0,0,sixth,0,0,0
97IMH6N0WNB9XHU0B,Station Wagon,2016-08-01T05:24:37.9776211Z,73,140,59,2,37,30,63776,Bellevue,55,1,1,1,third,1,1,1
XRFCXEO42E477EESA,Sports Car,2016-08-01T05:24:36.5392984Z,57,434,65,27,28,22,173762,Seattle,87,1,1,1,fifth,1,1,1
CYXCY3QJ3OAGBY77A,Small SUV,2016-08-01T05:24:38.6384632Z,77,174,65,5,39,32,16901,Bellevue,6,0,0,0,fourth,0,0,0
9QZA2YASSETPDTV7Z,Hybrid,2016-08-01T05:24:38.1955248Z,92,358,78,31,46,44,34387,Redmond,43,0,0,0,seventh,0,0,0
Q64ADEMNUK098WGUZ,Large SUV,2016-08-01T05:24:38.8824492Z,60,66,43,14,30,21,59327,Bellevue,15,1,1,1,second,1,1,1
D7Q7NXCZ2IGWY30XC,Hybrid,2016-08-01T05:24:37.5374821Z,2,199,6,26,1,0,135833,Seattle,10,1,1,1,first,1,1,1
MAWKGKB515BD8OKMO,Station Wagon,2016-08-01T05:24:39.5524596Z,67,97,29,37,33,25,39093,Sammamish,19,0,0,0,third,0,0,0
0GX8QBJO8K7OTE4S4,Coupe,2016-08-01T05:24:39.1144545Z,78,183,66,26,39,33,149765,Bellevue,65,0,0,0,fourth,0,0,0
AVI2ZLRQCTFNGFE9O,Coupe,2016-08-01T05:24:39.7654623Z,56,49,17,36,28,19,60808,Redmond,14,1,1,1,second,1,1,1
ABGMQZUYG0HUHPKRR,Family Saloon,2016-08-01T05:24:38.4196677Z,46,413,56,5,23,17,111188,Seattle,89,1,1,1,fifth,1,1,1
G4LOB7MNF5MYT8JIT,Station Wagon,2016-08-01T05:24:39.9884659Z,49,420,59,22,25,18,93255,Seattle,53,0,0,0,fifth,0,0,0
0AHXFLV9JHV1C3FLF,Large SUV,2016-08-01T05:24:40.5016105Z,54,42,15,20,27,18,194565,Redmond,83,1,1,1,second,1,1,1
U9RZ9AHT1VF79RRRV,Hybrid,2016-08-01T05:24:40.7226508Z,0,144,2,24,0,0,137818,Seattle,72,0,0,0,first,0,0,0
5BZ6Z01M50VNPT37H,Family Saloon,2016-08-01T05:24:39.3354537Z,96,409,92,3,48,46,16175,Bellevue,90,1,1,1,seventh,1,1,1
1I7UJA388JOJP7LEG,Family Saloon,2016-08-01T05:24:41.4072319Z,79,189,67,10,39,34,151834,Bellevue,93,1,1,1,fourth,1,1,1
FNOVYVHKQDJYG9HDC,Coupe,2016-08-01T05:24:40.9412154Z,78,180,65,17,39,33,193947,Bellevue,89,1,1,1,fourth,1,1,1
XUSF05JQWPJDAVE0Z,Hybrid,2016-08-01T05:24:41.6805085Z,77,171,64,14,39,32,157890,Bellevue,44,1,1,1,fourth,1,1,1
VXQDSX1C0MH2N8EOY,Family Saloon,2016-08-01T05:24:40.2124766Z,99,481,97,20,50,50,28928,Redmond,77,1,1,1,eight,1,1,1
DFQHA7FI9COBEF4DG,Compact Car,2016-08-01T05:24:41.9232319Z,0,144,2,37,0,0,54157,Seattle,84,0,0,0,first,0,0,0
EVIG76S21Y0C5JOFH,Sedan,2016-08-01T05:24:42.4223388Z,64,85,48,39,32,24,98690,Bellevue,26,1,1,1,second,1,1,1
HSW81YZHGFAK8T17G,Family Saloon,2016-08-01T05:24:42.6393750Z,53,38,14,9,26,17,63234,Redmond,5,0,0,0,first,0,0,0
C3HQP1N2WPQ89RD8D,Coupe,2016-08-01T05:24:41.1732236Z,62,71,44,26,31,22,156093,Bellevue,56,0,0,0,second,0,0,0
DDHBE53XPJEP6Y7OI,Hybrid,2016-08-01T05:24:42.8653882Z,46,413,56,18,23,17,158447,Seattle,66,1,1,1,fifth,1,1,1
O7J0GTHWOGGUSIHV0,Family Saloon,2016-08-01T05:24:43.3329540Z,48,417,58,36,24,18,165161,Seattle,60,1,1,1,fifth,1,1,1
M36RG2WAWMVAFR483,Compact Car,2016-08-01T05:24:43.5522741Z,99,475,97,8,50,49,164914,Redmond,80,0,0,0,eight,0,0,0
5YT5FXTONSE31VMJZ,Convertible,2016-08-01T05:24:42.1423206Z,98,444,96,30,49,48,56695,Bellevue,47,1,1,1,eight,1,1,1
27SEXSHYVQ6VY54IT,Sedan,2016-08-01T05:24:44.2258026Z,44,408,54,19,22,15,73714,Seattle,34,1,1,1,fifth,1,1,1
CAJOZ3OOL33927MEQ,Sedan,2016-08-01T05:24:43.7718934Z,96,409,92,20,48,46,531,Bellevue,64,1,1,1,seventh,1,1,1
4QJFB96VQMZKHAPV8,Station Wagon,2016-08-01T05:24:44.4521566Z,68,106,31,20,34,26,88431,Sammamish,46,0,0,0,third,0,0,0
IBIEUFH6SVJ43LYX5,Sedan,2016-08-01T05:24:43.0935629Z,93,369,80,16,47,44,164428,Redmond,12,0,0,0,seventh,0,0,0
GV8YYM5J4YO1K3JXL,Large SUV,2016-08-01T05:24:44.6739507Z,64,447,71,28,32,26,139941,Seattle,47,1,1,1,sixth,1,1,1
R8T22E4QX2VMD4NAX,Sports Car,2016-08-01T05:24:45.1199445Z,100,492,99,5,50,50,10654,Redmond,98,1,1,1,eight,1,1,1
ZBT0KRA0CP4BBXVFB,Family Saloon,2016-08-01T05:24:45.3739456Z,99,471,96,27,50,49,143563,Redmond,32,0,0,0,eight,0,0,0
LWY60ZJOSMI2D2X6V,Large SUV,2016-08-01T05:24:44.0024025Z,56,433,65,33,28,22,165859,Seattle,64,0,0,0,fifth,0,0,0
U8DNJABNVRSI6QNGO,Family Saloon,2016-08-01T05:24:45.5989587Z,95,405,92,27,48,46,110516,Bellevue,59,0,0,0,seventh,0,0,0
2V539CX61ZYD7KNV6,Family Saloon,2016-08-01T05:24:46.1359592Z,93,365,79,5,47,44,103006,Redmond,44,1,1,1,seventh,1,1,1
4H61HJFAK7VWXX1OV,Coupe,2016-08-01T05:24:46.3611496Z,0,147,2,19,0,0,189532,Seattle,27,0,0,0,first,0,0,0
G3OPMPMI5W3SJ2G41,Family Saloon,2016-08-01T05:24:44.8929362Z,51,424,61,4,26,19,101633,Seattle,42,0,0,0,fifth,0,0,0
L371EN8HMB35PMDD5,Large SUV,2016-08-01T05:24:46.5808165Z,78,181,66,14,39,33,130691,Bellevue,5,1,1,1,fourth,1,1,1
BRHC5R4SNHS73D7QE,Sedan,2016-08-01T05:24:47.1243176Z,61,70,44,23,31,22,104730,Bellevue,19,0,0,0,second,0,0,0
EAJDO7EFX23J9UQ0G,Station Wagon,2016-08-01T05:24:47.3530062Z,47,25,10,33,24,14,141873,Redmond,47,1,1,1,first,1,1,1
GJVUKI2XMRT53TTTO,Hybrid,2016-08-01T05:24:45.8929513Z,100,500,100,26,50,50,141962,Redmond,39,0,0,0,eight,0,0,0
JS7HE235I0V3N3XWY,Sports Car,2016-08-01T05:24:47.5815180Z,96,414,93,1,48,47,37764,Bellevue,48,0,0,0,seventh,0,0,0
0YXGRGQ6ATC6AFYOF,Hybrid,2016-08-01T05:24:48.0549805Z,96,424,94,12,48,47,165594,Bellevue,41,0,0,0,seventh,0,0,0
28QUWYJILHJOE1383,Small SUV,2016-08-01T05:24:48.2799289Z,53,38,14,2,26,17,77037,Redmond,64,0,0,0,first,0,0,0
Q7LXGTSIGKHDTKWRG,Medium SUV,2016-08-01T05:24:46.8078593Z,95,406,92,14,48,46,47088,Bellevue,59,0,0,0,seventh,0,0,0
M7SFAP1ED7VNVNWXF,Medium SUV,2016-08-01T05:24:48.5026213Z,47,414,57,31,23,17,105412,Seattle,57,1,1,1,fifth,1,1,1
IFT8X87ZWSDAT5JFW,Large SUV,2016-08-01T05:24:49.0241402Z,52,425,61,38,26,20,116372,Seattle,66,0,0,0,fifth,0,0,0
CRU1AL0J93AONKXRO,Station Wagon,2016-08-01T05:24:49.2518684Z,73,141,59,20,37,30,120033,Bellevue,80,1,1,1,third,1,1,1
E1C8S0TK1N5XSO05X,Family Saloon,2016-08-01T05:24:47.8057372Z,67,101,30,33,34,26,42977,Sammamish,28,1,1,1,third,1,1,1
H3BHJN5SN431R2B97,Hybrid,2016-08-01T05:24:49.4780014Z,65,89,49,1,33,24,133265,Bellevue,98,0,0,0,second,0,0,0
CB3RI2UW96J2XY7O6,Sedan,2016-08-01T05:24:49.9459008Z,67,97,29,14,33,25,12328,Sammamish,20,0,0,0,third,0,0,0
6TJNA3DZ87NBG1NMG,Sports Car,2016-08-01T05:24:50.1809253Z,1,165,3,32,0,0,197020,Seattle,95,1,1,1,first,1,1,1
90YJI5CIBBUPG91RQ,Hybrid,2016-08-01T05:24:48.7259204Z,77,176,65,26,39,32,162324,Bellevue,80,0,0,0,fourth,0,0,0
WWD462YBU0W5PVLLE,Family Saloon,2016-08-01T05:24:50.4169260Z,68,105,31,35,34,26,199577,Sammamish,1,0,0,0,third,0,0,0
QZ2UC2O6OC2RKAIN2,Family Saloon,2016-08-01T05:24:50.8681712Z,98,459,94,15,49,49,4743,Redmond,0,0,0,0,eight,0,0,0
MORU7ECVG4WB7KCCX,Convertible,2016-08-01T05:24:51.1036315Z,60,63,42,21,30,21,26482,Bellevue,48,0,0,0,second,0,0,0
K1OCA777FOX7TH365,Family Saloon,2016-08-01T05:24:49.6963865Z,60,439,68,18,30,24,63521,Seattle,61,1,1,1,sixth,1,1,1
GAT1R8M5FH0KXLV36,Station Wagon,2016-08-01T05:24:51.7645569Z,66,94,50,36,33,25,84106,Bellevue,65,1,1,1,second,1,1,1
61H9TPXZS8DWH4D02,Station Wagon,2016-08-01T05:24:51.3256765Z,99,470,96,0,50,49,195984,Redmond,56,1,1,1,eight,1,1,1
PHL3US3HUWWVNGMFK,Hybrid,2016-08-01T05:24:51.9917317Z,61,442,69,24,30,25,55436,Seattle,63,0,0,0,sixth,0,0,0
3W72PV4BP8VSRB5EU,Hybrid,2016-08-01T05:24:50.6469346Z,46,411,56,5,23,16,89769,Seattle,11,0,0,0,fifth,0,0,0
GZ8OJVFEVXSZMYG6H,Station Wagon,2016-08-01T05:24:52.6647991Z,69,455,76,22,34,29,150659,Seattle,90,1,1,1,sixth,1,1,1
46AW2QAOLGED7QYZB,Family Saloon,2016-08-01T05:24:52.2136420Z,4,226,9,25,2,0,94409,Seattle,26,0,0,0,first,0,0,0
0ZOOIB2E2MK5MJJ9X,Large SUV,2016-08-01T05:24:52.8917476Z,100,487,98,12,50,50,70642,Redmond,60,0,0,0,eight,0,0,0
8UJRF7C1NQXOHONPF,Large SUV,2016-08-01T05:24:51.5448478Z,74,146,60,15,37,30,69803,Bellevue,73,0,0,0,third,0,0,0
W62DHSV2PU42V3K54,Sedan,2016-08-01T05:24:53.5577777Z,63,77,46,10,31,23,111726,Bellevue,40,0,0,0,second,0,0,0
JV74YJF2S4X5BZH2U,Sports Car,2016-08-01T05:24:53.1177553Z,76,160,62,23,38,31,98576,Bellevue,49,1,1,1,fourth,1,1,1
Q8S9TWZOZBSG1NRBT,Large SUV,2016-08-01T05:24:53.7717640Z,50,31,12,31,25,16,102389,Redmond,62,0,0,0,first,0,0,0
8Z6OXUTHNCYBKS6CX,Sedan,2016-08-01T05:24:52.4350263Z,71,126,36,23,36,28,98052,Sammamish,29,0,0,0,third,0,0,0
2N1JUAYU3QCRH6RGQ,Sedan,2016-08-01T05:24:53.9978227Z,96,423,94,15,48,47,5061,Bellevue,63,1,1,1,seventh,1,1,1
HAXNE10UFN2RVKP3X,Large SUV,2016-08-01T05:24:54.4546062Z,46,413,56,27,23,17,194714,Seattle,84,1,1,1,fifth,1,1,1
IW0HDCBL832G5QTI7,Large SUV,2016-08-01T05:24:54.6746217Z,99,464,95,17,50,49,58427,Redmond,14,0,0,0,eight,0,0,0
ELQSBKR14KBME18O3,Large SUV,2016-08-01T05:24:53.3387351Z,94,382,82,16,47,45,110997,Redmond,79,0,0,0,seventh,0,0,0
R3L4HK7T3NX7QVKEN,Family Saloon,2016-08-01T05:24:55.3297818Z,60,440,68,26,30,24,146153,Seattle,24,1,1,1,sixth,1,1,1
2O4AWT7H74ATIRJKZ,Sedan,2016-08-01T05:24:54.8937745Z,95,399,85,32,48,46,82164,Redmond,2,1,1,1,seventh,1,1,1
SC9G0RES3EUPLX7C2,Family Saloon,2016-08-01T05:24:55.5647783Z,97,439,95,3,49,48,116187,Bellevue,79,0,0,0,eight,0,0,0
MS1X7K1TATLZN91VO,Hybrid,2016-08-01T05:24:54.2267494Z,92,359,78,34,46,44,193609,Redmond,12,0,0,0,seventh,0,0,0
E0SI8MJDIVP127JPT,Sedan,2016-08-01T05:24:56.2257683Z,55,431,64,14,28,21,193227,Seattle,15,1,1,1,fifth,1,1,1
MD3MRWCB5BJZLT7KR,Sedan,2016-08-01T05:24:55.7807846Z,70,122,35,5,35,28,158646,Sammamish,5,1,1,1,third,1,1,1
NG96M3UGOXMCQ1WH2,Family Saloon,2016-08-01T05:24:56.4477948Z,0,153,2,28,0,0,31377,Seattle,8,0,0,0,first,0,0,0
ELUHSYBVDCFNNFPKC,Hybrid,2016-08-01T05:24:55.1107784Z,65,89,49,31,33,24,160430,Bellevue,55,0,0,0,second,0,0,0
1UR1O9FZ8KKEK2M0P,Hybrid,2016-08-01T05:24:57.1259984Z,79,191,67,18,40,34,111668,Bellevue,40,1,1,1,fourth,1,1,1
5LRZLNTFLFREHYG7W,Sedan,2016-08-01T05:24:56.6667748Z,78,182,66,16,39,33,169120,Bellevue,89,0,0,0,fourth,0,0,0
A6FL49UICGI1WB4YI,Sedan,2016-08-01T05:24:57.3600026Z,65,449,72,28,32,27,19738,Seattle,44,0,0,0,sixth,0,0,0
MDO03JK04P6N2HV6U,Small SUV,2016-08-01T05:24:56.0018113Z,68,453,75,28,34,29,105032,Seattle,37,0,0,0,sixth,0,0,0
B2C46I8SHH5Q08LUL,Station Wagon,2016-08-01T05:24:57.5864117Z,51,34,13,7,26,16,161022,Redmond,51,1,1,1,first,1,1,1
TVIT4CS293BFFUFU6,Compact Car,2016-08-01T05:24:58.0415387Z,93,363,79,1,47,44,81890,Redmond,74,1,1,1,seventh,1,1,1
U0SMGE7F5GDSCAHXL,Large SUV,2016-08-01T05:24:58.2681079Z,0,135,2,25,0,0,22091,Seattle,36,0,0,0,first,0,0,0
LRCDOPDHBGU2FXTUG,Sedan,2016-08-01T05:24:56.8929715Z,63,445,71,19,31,26,101535,Seattle,33,0,0,0,sixth,0,0,0
IGVYJSX4K756CCBDA,Small SUV,2016-08-01T05:24:58.6066013Z,74,151,61,25,37,30,55762,Bellevue,60,1,1,1,third,1,1,1
NC51EFRBF70A4ARXG,Hybrid,2016-08-01T05:24:59.2408332Z,66,91,49,18,33,25,95434,Bellevue,82,1,1,1,second,1,1,1
830ERSBYCTYZL6SXE,Hybrid,2016-08-01T05:24:57.8190610Z,73,144,60,9,37,30,169672,Bellevue,83,0,0,0,third,0,0,0
H89THI6GKS5JY6E83,Sedan,2016-08-01T05:24:59.4568435Z,60,441,68,4,30,24,47266,Seattle,89,0,0,0,sixth,0,0,0
G99OHEMLCHSOLB79Q,Sedan,2016-08-01T05:24:59.7238422Z,50,30,12,20,25,15,11419,Redmond,26,0,0,0,first,0,0,0
DZ5E95PBPUV3LKZBT,Large SUV,2016-08-01T05:25:00.1876392Z,52,37,14,0,26,17,121103,Redmond,34,0,0,0,first,0,0,0
SHCFMZY6U55X1GU6F,Family Saloon,2016-08-01T05:24:58.8318041Z,55,46,17,27,28,18,81774,Redmond,54,0,0,0,second,0,0,0
KE4EG963LBEM0WD7J,Hybrid,2016-08-01T05:25:00.4118518Z,46,413,56,30,23,17,104423,Seattle,93,1,1,1,fifth,1,1,1
91N98KAN0DOZXYCT8,Large SUV,2016-08-01T05:25:01.0781366Z,54,428,63,10,27,21,178894,Seattle,19,0,0,0,fifth,0,0,0
EQZF3B003KXDNZ2Y1,Large SUV,2016-08-01T05:25:00.6388293Z,93,367,80,7,47,44,177436,Redmond,49,0,0,0,seventh,0,0,0
GFWFJEQYWJKW6VY9P,Coupe,2016-08-01T05:25:01.2981261Z,0,110,1,1,0,0,135180,Seattle,17,1,1,1,first,1,1,1
E04V2CY0JU0B5ABDW,Sedan,2016-08-01T05:24:59.9544039Z,96,422,94,25,48,47,87375,Bellevue,73,1,1,1,seventh,1,1,1
W5GB31H6I89P0SYRJ,Sports Car,2016-08-01T05:25:01.5181307Z,97,438,95,20,49,48,95771,Bellevue,29,0,0,0,eight,0,0,0
W8XLBATF96LUDDCE4,Large SUV,2016-08-01T05:25:01.9800189Z,49,419,59,21,25,18,7411,Seattle,23,0,0,0,fifth,0,0,0
VXE1D06K67MWOWEJ3,Hybrid,2016-08-01T05:25:02.2013456Z,72,129,36,2,36,29,93880,Sammamish,86,1,1,1,third,1,1,1
GYF0Y1D9IZ57NGI3J,Hybrid,2016-08-01T05:25:00.8588334Z,60,65,43,19,30,21,40983,Bellevue,41,1,1,1,second,1,1,1
39VA7S0FJ73AGK2A1,Station Wagon,2016-08-01T05:25:02.4759609Z,93,364,79,21,47,44,92743,Redmond,96,1,1,1,seventh,1,1,1
WIEHFP0IJNZW2ZS6O,Compact Car,2016-08-01T05:25:02.9360543Z,93,374,81,25,47,45,99549,Redmond,64,1,1,1,seventh,1,1,1
FIZ97QW0P544JUV2F,Small SUV,2016-08-01T05:25:03.1601636Z,61,70,44,9,31,22,196303,Bellevue,54,0,0,0,second,0,0,0
QUWWU9RI02KD1716S,Convertible,2016-08-01T05:25:01.7374326Z,70,121,34,33,35,28,92040,Sammamish,87,1,1,1,third,1,1,1
XAFP868OT8GQJF4LQ,Station Wagon,2016-08-01T05:25:03.8527128Z,50,32,12,0,25,16,57971,Redmond,89,1,1,1,first,1,1,1
AWS3CXCKEMN5RMQ5C,Station Wagon,2016-08-01T05:25:03.3983744Z,79,188,67,17,39,33,109491,Bellevue,56,1,1,1,fourth,1,1,1
5FBD0RO26U2V5V9CS,Family Saloon,2016-08-01T05:25:04.0790898Z,96,424,94,38,48,47,68410,Bellevue,70,0,0,0,seventh,0,0,0
TK0KO40ZA5A4S28MS,Family Saloon,2016-08-01T05:25:02.7109864Z,47,415,57,29,24,17,90986,Seattle,77,0,0,0,fifth,0,0,0
OY6L12S0BL8ZW09CB,Convertible,2016-08-01T05:25:04.3061948Z,69,109,32,1,34,27,50834,Sammamish,21,1,1,1,third,1,1,1
FVX12C6OGRUE5ZY8I,Sports Car,2016-08-01T05:25:04.7576006Z,99,465,95,28,50,49,195372,Redmond,94,1,1,1,eight,1,1,1
459CYQ50HZ2SDQ1FC,Station Wagon,2016-08-01T05:25:04.9834109Z,61,67,43,32,30,22,25152,Bellevue,96,1,1,1,second,1,1,1
C93QAOVKQ84RTIZ81,Hybrid,2016-08-01T05:25:03.6187870Z,96,414,93,9,48,47,69672,Bellevue,51,0,0,0,seventh,0,0,0
A8ZSC3XUK67YD663H,Convertible,2016-08-01T05:25:05.2263954Z,78,185,66,19,39,33,180264,Bellevue,64,0,0,0,fourth,0,0,0
9JYNZBLTIYDQ73N6M,Hybrid,2016-08-01T05:25:05.6814292Z,56,433,65,37,28,22,47027,Seattle,22,0,0,0,fifth,0,0,0
1OYIZWR2KTAKSQDNQ,Small SUV,2016-08-01T05:25:05.9254055Z,64,82,47,22,32,24,64772,Bellevue,34,1,1,1,second,1,1,1
NBXDIFNDTZLONRZ0Q,Medium SUV,2016-08-01T05:25:04.5312154Z,47,414,57,28,23,17,187472,Seattle,5,1,1,1,fifth,1,1,1
3PE3080UGOBY8GK6W,Family Saloon,2016-08-01T05:25:06.5784391Z,98,461,95,19,49,49,101036,Redmond,57,0,0,0,eight,0,0,0
Y0B0KCRDIO1R6R28R,Hybrid,2016-08-01T05:25:06.1404305Z,52,36,14,31,26,17,172775,Redmond,71,0,0,0,first,0,0,0
0ETNSP3H1E9VAFALG,Convertible,2016-08-01T05:25:06.8054411Z,73,140,59,15,37,29,34018,Bellevue,92,1,1,1,third,1,1,1
BE6ZYVUE458HJVKCJ,Station Wagon,2016-08-01T05:25:05.4523989Z,62,75,45,36,31,23,116320,Bellevue,70,1,1,1,second,1,1,1
15VVZB2F771KQWIDZ,Compact Car,2016-08-01T05:25:07.4577316Z,3,211,7,21,1,0,4616,Seattle,61,0,0,0,first,0,0,0
Q7VAC8GBN6DX75ZIE,Family Saloon,2016-08-01T05:25:07.0204431Z,65,87,48,13,33,24,67732,Bellevue,96,0,0,0,second,0,0,0
5S0H3GX3IVH9NJXGR,Small SUV,2016-08-01T05:25:07.6828156Z,80,201,69,28,40,34,121665,Bellevue,50,1,1,1,fourth,1,1,1
0WPAHX9TW8KCT5YCV,Hybrid,2016-08-01T05:25:06.3594367Z,46,412,56,30,23,16,196431,Seattle,62,1,1,1,fifth,1,1,1
Y2AH8ZX509FVFJWHP,Medium SUV,2016-08-01T05:25:08.3666895Z,75,153,61,11,37,31,29280,Bellevue,2,0,0,0,third,0,0,0
1NY3QQDBC3UA43TAN,Family Saloon,2016-08-01T05:25:07.9266371Z,4,229,9,25,2,0,130469,Seattle,55,0,0,0,first,0,0,0
H34QGBUV0LY8ING6Z,Large SUV,2016-08-01T05:25:08.5884826Z,93,374,81,0,47,45,90713,Redmond,79,1,1,1,seventh,1,1,1
U7MDJAR5LL5ALEY01,Large SUV,2016-08-01T05:25:07.2344481Z,59,439,68,27,30,24,39332,Seattle,88,1,1,1,sixth,1,1,1
PTI98W6V8GBYF1CUB,Family Saloon,2016-08-01T05:25:08.8433047Z,64,84,48,12,32,24,66696,Bellevue,12,1,1,1,second,1,1,1
120PMV1DMSGAYZTRA,Family Saloon,2016-08-01T05:25:09.3933168Z,100,497,100,39,50,50,52667,Redmond,44,0,0,0,eight,0,0,0
2O5SM34K43BF39ICI,Sedan,2016-08-01T05:25:09.6383030Z,54,429,63,14,27,21,30411,Seattle,77,1,1,1,fifth,1,1,1
N7950K2P8AECMVIC2,Sedan,2016-08-01T05:25:08.1499918Z,99,478,97,16,50,50,193897,Redmond,79,1,1,1,eight,1,1,1
W2XH7FA543ZK6BC8S,Sports Car,2016-08-01T05:25:09.9166319Z,51,422,60,0,25,19,40585,Seattle,62,1,1,1,fifth,1,1,1
4QRBS59UVY79V8XVP,Station Wagon,2016-08-01T05:25:10.3884953Z,77,176,65,21,39,33,90211,Bellevue,79,0,0,0,fourth,0,0,0
6L4HV4JTM9FOYNYCK,Sedan,2016-08-01T05:25:10.6146005Z,95,401,85,6,48,46,96587,Redmond,44,0,0,0,seventh,0,0,0
PQ2XNLDLUPW6X3AFN,Sports Car,2016-08-01T05:25:09.1343125Z,49,419,59,14,24,18,54641,Seattle,59,0,0,0,fifth,0,0,0
CYXCY3QJ3OAGBY77A,Small SUV,2016-08-01T05:25:11.2622881Z,66,451,73,2,33,28,193068,Seattle,96,1,1,1,sixth,1,1,1
YQ38IK9VIFZ9L4X0L,Family Saloon,2016-08-01T05:25:10.8320651Z,65,91,49,9,33,25,167186,Bellevue,15,1,1,1,second,1,1,1
MG938KW4ROP139RKI,Small SUV,2016-08-01T05:25:11.4821087Z,99,472,96,21,50,49,10109,Redmond,14,0,0,0,eight,0,0,0
0SFDY2KFNQBW372US,Sedan,2016-08-01T05:25:10.1673392Z,59,60,41,24,30,21,195176,Bellevue,47,0,0,0,second,0,0,0
JWGUIFIV3Q7XXDA9P,Compact Car,2016-08-01T05:25:11.7151057Z,74,149,60,14,37,30,29165,Bellevue,39,1,1,1,third,1,1,1
E02I0W9HNHBURDXLR,Sedan,2016-08-01T05:25:12.3510843Z,67,453,74,34,34,28,152339,Seattle,67,0,0,0,sixth,0,0,0
7STUVN5Q4U2AKTOPW,Hybrid,2016-08-01T05:25:11.0490671Z,60,440,68,19,30,24,57104,Seattle,1,0,0,0,sixth,0,0,0
N6GHP1FIPFC0AEQD3,Family Saloon,2016-08-01T05:25:12.6121069Z,63,446,71,19,32,26,8865,Seattle,42,1,1,1,sixth,1,1,1
SMUMDLMPNI1MLYAMC,Large SUV,2016-08-01T05:25:13.2981733Z,52,35,13,7,26,16,51952,Redmond,69,0,0,0,first,0,0,0
3CVNX44336O6VXVH5,Sports Car,2016-08-01T05:25:12.8531661Z,98,458,94,32,49,49,70093,Redmond,51,1,1,1,eight,1,1,1
77D3C4ZN0GF405QAA,Compact Car,2016-08-01T05:25:11.9471026Z,56,432,64,33,28,22,9271,Seattle,16,0,0,0,fifth,0,0,0
0D6ZGZ6V6IPR8AS1H,Station Wagon,2016-08-01T05:25:13.6203152Z,51,34,13,0,26,16,65840,Redmond,83,1,1,1,first,1,1,1
DXBHUHLUGYJDY1PNK,Compact Car,2016-08-01T05:25:14.3065597Z,47,415,57,26,24,17,164648,Seattle,52,0,0,0,fifth,0,0,0
MZTUCTG6S4JHHGT1C,Family Saloon,2016-08-01T05:25:13.8452142Z,73,144,60,12,37,30,133720,Bellevue,18,0,0,0,third,0,0,0
XNRKBVMNWWI9E6AGM,Hybrid,2016-08-01T05:25:14.5309847Z,93,373,81,24,47,45,20671,Redmond,88,1,1,1,seventh,1,1,1
LESCJ8EGLXT21PH3W,Family Saloon,2016-08-01T05:25:13.0781839Z,65,449,73,39,33,27,79453,Seattle,39,0,0,0,sixth,0,0,0
I4D2TYI6BR8YYA8PP,Compact Car,2016-08-01T05:25:14.7530584Z,61,70,44,21,31,22,93077,Bellevue,33,0,0,0,second,0,0,0
12I1BX57W0CP52COZ,Sedan,2016-08-01T05:25:15.2530425Z,77,170,64,30,38,32,136212,Bellevue,61,1,1,1,fourth,1,1,1
7E4DBZ4TQUX1LNPII,Large SUV,2016-08-01T05:25:15.4690250Z,70,116,33,14,35,27,103474,Sammamish,32,0,0,0,third,0,0,0
FEP3U8HGTMIW5CPBU,Station Wagon,2016-08-01T05:25:14.0804211Z,54,41,15,3,27,17,130013,Redmond,25,1,1,1,first,1,1,1
PND40OKF3OGAOF3PQ,Family Saloon,2016-08-01T05:25:16.1279795Z,47,413,56,3,23,17,65909,Seattle,86,1,1,1,fifth,1,1,1
WXABFLWLJN5DTY7G2,Compact Car,2016-08-01T05:25:15.6883953Z,66,451,73,37,33,28,35660,Seattle,60,1,1,1,sixth,1,1,1
8CEDMXZMCVTNXRU74,Large SUV,2016-08-01T05:25:16.4407670Z,46,413,56,34,23,17,133612,Seattle,10,1,1,1,fifth,1,1,1
NYOZT93T7AJDL9HHI,Hybrid,2016-08-01T05:25:15.0010128Z,94,383,82,21,47,45,122040,Redmond,13,1,1,1,seventh,1,1,1
4TIX69ZZ8YSTOLDZ3,Station Wagon,2016-08-01T05:25:16.6618334Z,99,463,95,15,50,49,136244,Redmond,10,0,0,0,eight,0,0,0
FN8LYVZXRNW93RCJA,Convertible,2016-08-01T05:25:17.1043262Z,65,88,49,21,33,24,43498,Bellevue,27,0,0,0,second,0,0,0
4NWXWHUY4FUCII7JX,Coupe,2016-08-01T05:25:17.4072128Z,92,358,78,1,46,44,137243,Redmond,82,0,0,0,seventh,0,0,0
1OPM31T7PIR5DUP9P,Coupe,2016-08-01T05:25:15.9083119Z,53,38,14,34,26,17,78886,Redmond,41,0,0,0,first,0,0,0
WUOPKVM97HJ99K9TW,Sedan,2016-08-01T05:25:18.0682461Z,80,200,69,2,40,34,33925,Bellevue,8,1,1,1,fourth,1,1,1
PX7ARXQM5ZL77U63V,Station Wagon,2016-08-01T05:25:17.6251653Z,59,58,41,19,29,20,199700,Bellevue,79,1,1,1,second,1,1,1
D284BARJKP9IH5RPO,Hybrid,2016-08-01T05:25:18.2900206Z,97,428,94,29,49,47,192738,Bellevue,9,0,0,0,eight,0,0,0
4ROYF0AWCXJFQNEDC,Family Saloon,2016-08-01T05:25:16.8848884Z,73,141,59,39,37,30,131855,Bellevue,95,1,1,1,third,1,1,1
7GF2Y9JGPOH5T99V8,Sports Car,2016-08-01T05:25:18.5245629Z,54,41,15,23,27,18,105109,Redmond,19,1,1,1,second,1,1,1
76JLDWTFH8TDRIC0Y,Coupe,2016-08-01T05:25:18.9775689Z,93,374,81,8,47,45,180821,Redmond,27,1,1,1,seventh,1,1,1
X0E13N3KBURQZ0GQ6,Large SUV,2016-08-01T05:25:19.2025464Z,49,419,59,4,25,18,1745,Seattle,12,0,0,0,fifth,0,0,0
PYTE9UT7BJSG80ET9,Station Wagon,2016-08-01T05:25:17.8474912Z,3,210,7,20,1,0,13836,Seattle,15,0,0,0,first,0,0,0
P1DD5IPNLMFGOMWVT,Sedan,2016-08-01T05:25:19.8785794Z,57,434,66,21,28,22,190352,Seattle,49,1,1,1,fifth,1,1,1
XEQQ01QLMRAFK4GC2,Station Wagon,2016-08-01T05:25:19.4315774Z,99,480,97,20,50,50,141566,Redmond,67,1,1,1,eight,1,1,1
N8Y6W2HC34G8ED6V8,Sports Car,2016-08-01T05:25:20.1205602Z,96,424,94,22,48,47,149840,Bellevue,94,0,0,0,seventh,0,0,0
3CZHXZ9P9JVWITLE7,Sedan,2016-08-01T05:25:18.7525625Z,97,438,95,16,49,48,155888,Bellevue,53,0,0,0,eight,0,0,0
TZPC3J61P7CMDHX4P,Sedan,2016-08-01T05:25:20.3495896Z,53,38,14,4,26,17,37554,Redmond,82,0,0,0,first,0,0,0
1TZOJ3SFHM6D0XTAG,Hybrid,2016-08-01T05:25:20.8212972Z,55,45,16,18,28,18,105925,Redmond,21,0,0,0,second,0,0,0
ZQZTCPVZGPF8LPCF7,Hybrid,2016-08-01T05:25:21.0668210Z,70,458,77,31,35,30,102550,Seattle,2,1,1,1,sixth,1,1,1
TD1EMISHECOMP1ODK,Family Saloon,2016-08-01T05:25:19.6505751Z,96,414,93,34,48,47,133827,Bellevue,58,0,0,0,seventh,0,0,0
530W2IAE5A9T8SZ0Y,Medium SUV,2016-08-01T05:25:21.2898058Z,57,53,18,1,29,20,136057,Redmond,70,0,0,0,second,0,0,0
3S1AEJPP8YC94VDSQ,Hybrid,2016-08-01T05:25:21.7763438Z,0,116,1,37,0,0,176856,Seattle,14,1,1,1,first,1,1,1
ALV74TI7DN5QJDSJ4,Sports Car,2016-08-01T05:25:22.0015528Z,93,370,80,11,47,44,141169,Redmond,69,0,0,0,seventh,0,0,0
OI8T6XUM9DJ5E0UH3,Hybrid,2016-08-01T05:25:20.5802912Z,97,434,95,19,49,48,31155,Bellevue,73,1,1,1,eight,1,1,1
SMYL52V5SIQ3E7AD9,Hybrid,2016-08-01T05:25:22.2602099Z,75,158,62,38,38,31,140588,Bellevue,52,1,1,1,fourth,1,1,1
IR15JGAPURSH8B62V,Hybrid,2016-08-01T05:25:22.7196953Z,97,429,94,38,49,47,190517,Bellevue,40,0,0,0,eight,0,0,0
9ZIXDIWDR164LDTHZ,Hybrid,2016-08-01T05:25:22.9616919Z,60,440,68,18,30,24,197501,Seattle,51,1,1,1,sixth,1,1,1
ZJOCAJ6AF9ER5GPW8,Station Wagon,2016-08-01T05:25:21.5501854Z,53,38,14,11,26,17,45026,Redmond,21,0,0,0,first,0,0,0
QK1HIM0WKKNM7TCT5,Sedan,2016-08-01T05:25:23.1906681Z,97,439,95,36,49,48,90143,Bellevue,78,0,0,0,eight,0,0,0
JMUBGYGB6QWJRQ053,Sports Car,2016-08-01T05:25:24.0257033Z,80,199,68,38,40,34,183730,Bellevue,57,1,1,1,fourth,1,1,1
6JBBAOWBO9TXWYJN6,Convertible,2016-08-01T05:25:22.4956759Z,58,436,66,7,29,23,122161,Seattle,91,0,0,0,sixth,0,0,0
1OIXRLUD23RBTSXSX,Sports Car,2016-08-01T05:25:24.2506948Z,65,87,48,0,33,24,55106,Bellevue,43,0,0,0,second,0,0,0
ZBGQLE9BTOYBMHIA6,Hybrid,2016-08-01T05:25:24.4975845Z,81,208,70,33,40,35,148234,Bellevue,64,1,1,1,fourth,1,1,1
OOU4C6GZ7BLWXVQ3Y,Small SUV,2016-08-01T05:25:23.4147104Z,70,121,34,1,35,28,181708,Sammamish,27,1,1,1,third,1,1,1
BVHUVVTKZ1L9J035P,Large SUV,2016-08-01T05:25:24.7170365Z,69,455,76,39,34,29,19020,Seattle,86,1,1,1,sixth,1,1,1
