vin,model,timestamp,outsidetemperature,enginetemperature,speed,fuel,engineoil,tirepressure,odometer,city,accelerator_pedal_position,parking_brake_status,headlamp_status,brake_pedal_status,transmission_gear_position,ignition_status,windshield_wiper_status,abs
9YAU7MXDCDY7W1IWS,Station Wagon,2016-06-28T10:08:50.1751915Z,85,480,89,15,43,40,125245,Seattle,98,0,0,0,seventh,0,0,0
QF1CJASYP14RWCWLJ,Sedan,2016-06-28T10:09:10.0703644Z,98,447,96,8,49,48,30368,Bellevue,82,0,0,0,eight,0,0,0
WOBKA21U0M6TESI7Z,Compact Car,2016-06-28T10:09:11.4759592Z,78,187,67,35,39,33,175447,Bellevue,0,1,1,1,fourth,1,1,1
SUTFCSZ90W0XD78BJ,Hybrid,2016-06-28T10:09:13.8112639Z,59,59,41,17,29,20,157309,Bellevue,59,1,1,1,second,1,1,1
HAXNE10UFN2RVKP3X,Large SUV,2016-06-28T10:09:15.9332876Z,71,129,36,30,36,28,79892,Sammamish,93,1,1,1,third,1,1,1
RRI0LH27W9UD0Q6JS,Family Saloon,2016-06-28T10:09:18.0488781Z,80,205,69,13,40,35,41967,Bellevue,84,0,0,0,fourth,0,0,0
8B2KG3W6E58UPYO6W,Compact Car,2016-06-28T10:09:19.3824277Z,67,98,29,12,33,25,168066,Sammamish,68,0,0,0,third,0,0,0
IC601RVB0RDB6SJTY,Sports Car,2016-06-28T10:09:21.0824861Z,99,469,96,30,50,49,128905,Redmond,28,1,1,1,eight,1,1,1
XBN0KTOXQE3Y0W7H2,Convertible,2016-06-28T10:09:22.3111482Z,93,374,81,21,47,45,160762,Redmond,48,1,1,1,seventh,1,1,1
OSQSASELVYYYNHAJ5,Sports Car,2016-06-28T10:09:24.0749401Z,96,420,93,13,48,47,105,Bellevue,13,1,1,1,seventh,1,1,1
9S8RMNZLFD923LMI1,Hybrid,2016-06-28T10:09:25.7939436Z,98,449,96,29,49,48,159418,Bellevue,39,0,0,0,eight,0,0,0
7TS2U7GG9S192BNPL,Coupe,2016-06-28T10:09:27.5142957Z,99,478,97,23,50,50,72847,Redmond,12,1,1,1,eight,1,1,1
233U9H60655JJU7AR,Convertible,2016-06-28T10:09:29.3719745Z,57,52,18,25,28,19,34141,Redmond,2,0,0,0,second,0,0,0
B8LEIKX7DYIVY8XCK,Hybrid,2016-06-28T10:09:30.9869427Z,49,28,11,15,25,15,49822,Redmond,11,0,0,0,first,0,0,0
ELM5U2P7ODFHPBWXE,Sedan,2016-06-28T10:09:32.0282256Z,67,452,74,31,34,28,162150,Seattle,91,0,0,0,sixth,0,0,0
BVJMRG4VQUCTHLE0B,Sports Car,2016-06-28T10:09:33.4720972Z,94,381,82,18,47,45,19708,Redmond,73,0,0,0,seventh,0,0,0
XBN0KTOXQE3Y0W7H2,Convertible,2016-06-28T10:09:36.0123357Z,52,425,61,23,26,20,154705,Seattle,81,0,0,0,fifth,0,0,0
GMDJC29ERCCQZJRZK,Compact Car,2016-06-28T10:09:38.0460316Z,57,434,66,12,28,22,174507,Seattle,18,1,1,1,fifth,1,1,1
MY7YE6W45RRR7UBFO,Hybrid,2016-06-28T10:09:39.3683768Z,77,169,64,10,38,32,82863,Bellevue,39,1,1,1,fourth,1,1,1
HAXNE10UFN2RVKP3X,Large SUV,2016-06-28T10:09:41.5508944Z,80,203,69,32,40,35,133595,Bellevue,59,0,0,0,fourth,0,0,0
YZPFM2DOW0FXWY4IM,Small SUV,2016-06-28T10:09:43.4351908Z,0,152,2,28,0,0,81779,Seattle,8,0,0,0,first,0,0,0
KRNL1LL8J38FL1L95,Hybrid,2016-06-28T10:09:44.6381928Z,81,216,71,24,41,35,123457,Bellevue,84,0,0,0,fourth,0,0,0
4K8A34CZEYH1G8UYQ,Coupe,2016-06-28T10:09:46.1732901Z,64,447,72,27,32,27,58538,Seattle,93,1,1,1,sixth,1,1,1
N18Y2W3WF07XTQS16,Coupe,2016-06-28T10:09:47.7119392Z,46,412,56,3,23,16,153059,Seattle,5,1,1,1,fifth,1,1,1
EA2RM4R705FVWEBZR,Small SUV,2016-06-28T10:09:49.1999270Z,94,383,82,2,47,45,32379,Redmond,57,1,1,1,seventh,1,1,1
UP4WPX6PV7PM2AC0D,Sedan,2016-06-28T10:09:50.5578198Z,70,117,34,21,35,27,95439,Sammamish,96,0,0,0,third,0,0,0
GX7WCHD3938YPT1Z6,Hybrid,2016-06-28T10:09:51.6374531Z,80,204,69,39,40,35,53308,Bellevue,40,0,0,0,fourth,0,0,0
MQ447RY0DDAC1XMOG,Station Wagon,2016-06-28T10:09:53.2833599Z,55,431,64,34,28,22,116256,Seattle,37,0,0,0,fifth,0,0,0
NGIMR2OG7496H3DFC,Medium SUV,2016-06-28T10:09:55.5814166Z,57,434,65,8,28,22,196156,Seattle,65,1,1,1,fifth,1,1,1
MD1QGKELEC5FZ04F8,Family Saloon,2016-06-28T10:09:57.2992978Z,62,444,70,0,31,25,29493,Seattle,61,0,0,0,sixth,0,0,0
ABMYRXCS7NAZGJSI3,Hybrid,2016-06-28T10:09:58.7081081Z,62,72,45,37,31,22,107019,Bellevue,95,1,1,1,second,1,1,1
SV94DVYSPT74V7ROW,Convertible,2016-06-28T10:09:59.6857596Z,78,182,66,37,39,33,130262,Bellevue,67,0,0,0,fourth,0,0,0
V95OANKI3QMKQ1FAV,Station Wagon,2016-06-28T10:10:00.6326921Z,70,118,34,14,35,28,151426,Sammamish,46,1,1,1,third,1,1,1
KQBYMIFJVU5OEC1GC,Medium SUV,2016-06-28T10:10:01.8965401Z,59,59,41,3,29,21,155302,Bellevue,39,1,1,1,second,1,1,1
PBSIU00P08RA1SIBE,Compact Car,2016-06-28T10:10:03.1194817Z,0,108,1,17,0,0,61905,Seattle,60,1,1,1,first,1,1,1
S7H3TECX415VWMV6C,Large SUV,2016-06-28T10:10:04.5087613Z,65,450,73,8,33,27,174485,Seattle,42,0,0,0,sixth,0,0,0
HKZVEBRMVP2HV7NAT,Compact Car,2016-06-28T10:10:05.3421373Z,68,103,30,36,34,26,163753,Sammamish,31,1,1,1,third,1,1,1
H0BRZNH49CP43HKN1,Family Saloon,2016-06-28T10:10:06.4511743Z,58,437,67,4,29,23,199463,Seattle,62,0,0,0,sixth,0,0,0
7H1MZPSHJ6U94SZZU,Family Saloon,2016-06-28T10:10:07.4506734Z,3,218,8,21,1,0,119490,Seattle,88,1,1,1,first,1,1,1
12H3A1VTFIBICG08V,Medium SUV,2016-06-28T10:10:08.4267696Z,60,440,68,20,30,24,191431,Seattle,83,0,0,0,sixth,0,0,0
KWS3WHZMKF9RKAV01,Large SUV,2016-06-28T10:10:09.5385681Z,1,158,3,23,0,0,180878,Seattle,61,1,1,1,first,1,1,1
CD9AENZSES3TBGU6N,Sedan,2016-06-28T10:10:10.6123666Z,61,70,44,4,31,22,144838,Bellevue,2,0,0,0,second,0,0,0
5SD3MYAF2R253QD74,Station Wagon,2016-06-28T10:10:12.3607980Z,78,187,67,23,39,33,82706,Bellevue,62,1,1,1,fourth,1,1,1
GX8ZS8GAHQT00X0ZL,Station Wagon,2016-06-28T10:10:13.7275077Z,77,175,65,21,39,32,51613,Bellevue,76,0,0,0,fourth,0,0,0
SC8RB10F5JF4LX5CV,Station Wagon,2016-06-28T10:10:14.8930879Z,65,449,73,4,33,27,169775,Seattle,9,0,0,0,sixth,0,0,0
1LIE370RGVBQSNGYW,Large SUV,2016-06-28T10:10:15.8851705Z,69,112,32,13,35,27,114755,Sammamish,38,1,1,1,third,1,1,1
4QRBS59UVY79V8XVP,Station Wagon,2016-06-28T10:10:17.2158983Z,4,224,9,5,2,0,110642,Seattle,10,1,1,1,first,1,1,1
ZID2EO16JDGTIO883,Coupe,2016-06-28T10:10:18.5647633Z,2,196,6,35,1,0,75438,Seattle,71,1,1,1,first,1,1,1
PF8L3RW3YFZBTJQFO,Medium SUV,2016-06-28T10:10:19.9661114Z,70,457,76,18,35,30,53972,Seattle,76,0,0,0,sixth,0,0,0
TVLSKM3X0DZN5JISR,Coupe,2016-06-28T10:10:21.8813990Z,95,406,92,10,48,46,66011,Bellevue,99,0,0,0,seventh,0,0,0
0M1PLR2LLPAWSDQA5,Station Wagon,2016-06-28T10:10:23.1945381Z,67,100,30,31,34,26,174345,Sammamish,51,1,1,1,third,1,1,1
TMAR112AMTQ276RE5,Family Saloon,2016-06-28T10:10:24.0378081Z,61,67,43,15,30,22,183272,Bellevue,37,1,1,1,second,1,1,1
DKTRNPMZ7LRAMGFL1,Coupe,2016-06-28T10:10:25.0666878Z,94,388,83,33,47,45,166417,Redmond,90,1,1,1,seventh,1,1,1
JDGQIV51ZNXDO2W0G,Station Wagon,2016-06-28T10:10:26.0735738Z,65,87,48,34,33,24,143902,Bellevue,99,0,0,0,second,0,0,0
95SL8ZZOYDZD11JJ2,Convertible,2016-06-28T10:10:27.2046219Z,71,128,36,20,36,28,51249,Sammamish,96,1,1,1,third,1,1,1
A6CYFUBLGVIHNPFTF,Large SUV,2016-06-28T10:10:28.7775849Z,73,142,59,24,37,30,106387,Bellevue,55,0,0,0,third,0,0,0
UV25HI2L1W28HEVYF,Hybrid,2016-06-28T10:10:30.3327122Z,97,441,95,27,49,48,27574,Bellevue,23,1,1,1,eight,1,1,1
9YX6EBNTWEXJMBJ2R,Coupe,2016-06-28T10:10:31.6626970Z,63,446,71,19,32,26,90316,Seattle,79,1,1,1,sixth,1,1,1
PTI98W6V8GBYF1CUB,Family Saloon,2016-06-28T10:10:34.4603397Z,98,444,96,34,49,48,180450,Bellevue,32,1,1,1,eight,1,1,1
NLHX0TF2HQZKQ84OV,Hybrid,2016-06-28T10:10:36.7180291Z,74,148,60,2,37,30,137628,Bellevue,98,1,1,1,third,1,1,1
6B7VXWUK1PHZCS3OU,Coupe,2016-06-28T10:10:38.5133296Z,58,55,19,7,29,20,162368,Redmond,65,1,1,1,second,1,1,1
E3EBBLYQZ88UC2Z7W,Sedan,2016-06-28T10:10:39.9964414Z,78,186,66,18,39,33,9601,Bellevue,62,0,0,0,fourth,0,0,0
N94DNV2Y4OQ3KRX0C,Hybrid,2016-06-28T10:10:41.3707121Z,93,368,80,10,47,44,149027,Redmond,79,0,0,0,seventh,0,0,0
U0UFLHMO74OOZW98Y,Family Saloon,2016-06-28T10:10:42.5558604Z,77,174,65,14,39,32,87526,Bellevue,57,0,0,0,fourth,0,0,0
0OV3492Y7OY2FCFG2,Family Saloon,2016-06-28T10:10:44.2528265Z,51,33,13,12,26,16,59337,Redmond,0,1,1,1,first,1,1,1
1YMDHCCKY6126ZU1K,Coupe,2016-06-28T10:10:45.6551079Z,68,107,31,27,34,26,19124,Sammamish,79,0,0,0,third,0,0,0
7STUVN5Q4U2AKTOPW,Hybrid,2016-06-28T10:10:47.8245069Z,100,491,99,1,50,50,25366,Redmond,81,1,1,1,eight,1,1,1
FIYTH8EZMXF0IOPNR,Sedan,2016-06-28T10:10:49.4808558Z,53,39,15,15,27,17,106482,Redmond,95,1,1,1,first,1,1,1
2KGFRXMH449URL4FS,Sedan,2016-06-28T10:10:51.5821111Z,78,186,66,10,39,33,148756,Bellevue,37,0,0,0,fourth,0,0,0
ICYGL41QG29AP4AEN,Sedan,2016-06-28T10:10:55.1532528Z,71,126,35,34,36,28,99292,Sammamish,74,0,0,0,third,0,0,0
U60P3KDQ2YUY2FW9P,Station Wagon,2016-06-28T10:10:55.8452490Z,52,426,62,20,26,20,96139,Seattle,0,1,1,1,fifth,1,1,1
9X31P5AN9IGZIOT2F,Station Wagon,2016-06-28T10:10:57.5172548Z,4,232,10,26,2,0,159799,Seattle,41,0,0,0,first,0,0,0
DU23Z5F221PCYUZIA,Convertible,2016-06-28T10:10:59.4198014Z,100,491,99,13,50,50,12778,Redmond,14,1,1,1,eight,1,1,1
QS5SBKXJEVS5ZVAP6,Compact Car,2016-06-28T10:11:00.7913728Z,71,127,36,27,36,28,148727,Sammamish,53,0,0,0,third,0,0,0
QGSHJB1517N4COP7K,Convertible,2016-06-28T10:11:01.8086639Z,51,32,13,0,25,16,55388,Redmond,2,1,1,1,first,1,1,1
459CYQ50HZ2SDQ1FC,Station Wagon,2016-06-28T10:11:02.9037655Z,52,36,14,9,26,17,132116,Redmond,35,0,0,0,first,0,0,0
OIP1YMGAJKEACD3SD,Coupe,2016-06-28T10:11:03.7674686Z,65,88,49,31,33,24,192493,Bellevue,72,0,0,0,second,0,0,0
PJKHRAKQOHC9UH17B,Family Saloon,2016-06-28T10:11:05.4801030Z,98,457,94,2,49,49,152309,Redmond,38,1,1,1,eight,1,1,1
7Y2DH52LBRZ6V8575,Sedan,2016-06-28T10:11:06.8742447Z,56,434,65,22,28,22,71660,Seattle,72,0,0,0,fifth,0,0,0
F97CREJY4K36GXYQB,Sedan,2016-06-28T10:11:08.3633766Z,67,98,29,3,33,25,9226,Sammamish,72,0,0,0,third,0,0,0
JKKU5T3KPDSAG2FQN,Sedan,2016-06-28T10:11:09.2254528Z,0,157,3,28,0,0,80750,Seattle,62,1,1,1,first,1,1,1
0KZJJV1Q4M2HKZTTB,Hybrid,2016-06-28T10:11:10.4171855Z,61,442,69,15,31,25,37522,Seattle,14,1,1,1,sixth,1,1,1
O8CG5LB9HVD9ENP65,Sports Car,2016-06-28T10:11:11.5421169Z,76,162,63,8,38,31,57964,Bellevue,79,0,0,0,fourth,0,0,0
EPYHG0CM3XBL70QCK,Family Saloon,2016-06-28T10:11:12.5443610Z,95,392,84,18,47,46,79124,Redmond,41,0,0,0,seventh,0,0,0
20RW9KIUT5YIKEMCE,Sedan,2016-06-28T10:11:13.3686497Z,75,159,62,4,38,31,52222,Bellevue,95,1,1,1,fourth,1,1,1
WO4J2YUMIS2ORRDU2,Hybrid,2016-06-28T10:11:14.3720826Z,94,388,83,2,47,45,157213,Redmond,35,1,1,1,seventh,1,1,1
N6BUCTZ56WLHG0ZXO,Small SUV,2016-06-28T10:11:15.4852207Z,60,63,42,27,30,21,65045,Bellevue,21,0,0,0,second,0,0,0
WTAH962SJOWHVB3YG,Convertible,2016-06-28T10:11:17.0287943Z,75,152,61,0,37,31,66714,Bellevue,99,0,0,0,third,0,0,0
00ONM0AGJJC2AC7PQ,Hybrid,2016-06-28T10:11:18.4429093Z,67,99,30,22,34,26,157982,Sammamish,62,1,1,1,third,1,1,1
UUKLODYF6KBXQ37PS,Family Saloon,2016-06-28T10:11:20.0283768Z,59,439,68,1,30,24,5466,Seattle,35,1,1,1,sixth,1,1,1
60BT4RGRCXFMH6JLL,Sedan,2016-06-28T10:11:21.5220212Z,69,111,32,32,35,27,39368,Sammamish,41,1,1,1,third,1,1,1
H4XJR5GGSOHYPZGJR,Sedan,2016-06-28T10:11:22.7955380Z,63,445,70,38,31,26,158664,Seattle,34,0,0,0,sixth,0,0,0
LRWDEF280WL3QK66Q,Family Saloon,2016-06-28T10:11:24.1070564Z,50,30,12,37,25,15,172945,Redmond,7,0,0,0,first,0,0,0
HHV4JMM6B4CQ3GD7C,Hybrid,2016-06-28T10:11:25.5349194Z,73,139,59,3,37,29,5581,Bellevue,16,1,1,1,third,1,1,1
IS3K6TU03UWKHUFJH,Medium SUV,2016-06-28T10:11:26.5896734Z,72,129,36,1,36,29,11879,Sammamish,65,1,1,1,third,1,1,1
Z42D49ZK8SZE9JA9Z,Coupe,2016-06-28T10:11:27.3231112Z,93,374,81,39,47,45,164081,Redmond,50,1,1,1,seventh,1,1,1
7G60VM2TDJMMO3BEB,Hybrid,2016-06-28T10:11:28.7521290Z,1,179,4,11,0,0,164788,Seattle,4,0,0,0,first,0,0,0
ET5N56N6ZPJI96PU6,Hybrid,2016-06-28T10:11:30.7615499Z,97,431,94,30,49,47,118275,Bellevue,82,1,1,1,eight,1,1,1
4B78AP4AZ8QDAZMSR,Hybrid,2016-06-28T10:11:31.9927348Z,49,420,59,36,25,18,71209,Seattle,88,0,0,0,fifth,0,0,0
FDNLEQHWRHQGSS5GP,Station Wagon,2016-06-28T10:11:32.9770500Z,57,434,65,14,28,22,116471,Seattle,60,1,1,1,fifth,1,1,1
RPXOPWYWINSBFURPK,Family Saloon,2016-06-28T10:11:34.2402331Z,0,135,2,39,0,0,10288,Seattle,38,0,0,0,first,0,0,0
X4Z73EKSECVVYOQQQ,Sports Car,2016-06-28T10:11:36.0145108Z,56,433,65,10,28,22,32106,Seattle,88,0,0,0,fifth,0,0,0
ZN6WJN7MM8HNV7Z0I,Hybrid,2016-06-28T10:11:39.0122194Z,97,436,95,25,49,48,139641,Bellevue,77,0,0,0,eight,0,0,0
EGQSULLFGSDH5TCR8,Medium SUV,2016-06-28T10:11:40.0661031Z,66,451,73,14,33,28,58842,Seattle,62,1,1,1,sixth,1,1,1
MRML87YYYZVFNRKDA,Sedan,2016-06-28T10:11:41.1432047Z,97,430,94,27,49,47,108275,Bellevue,47,1,1,1,eight,1,1,1
RWXI8PPEDQDT6XQLA,Small SUV,2016-06-28T10:11:42.0208543Z,0,97,0,30,0,0,133341,Seattle,39,1,1,1,first,1,1,1
N93EHZ8F1QX4RW0DU,Sedan,2016-06-28T10:11:42.8023311Z,48,416,58,1,24,17,196868,Seattle,92,1,1,1,fifth,1,1,1
VX5YWB537RAB6XG62,Sports Car,2016-06-28T10:11:44.0494978Z,51,423,61,5,26,19,57229,Seattle,56,0,0,0,fifth,0,0,0
SKVCYCX0HD32DEQMR,Sedan,2016-06-28T10:11:45.1631484Z,99,466,95,18,50,49,154728,Redmond,8,1,1,1,eight,1,1,1
JX3YRV6EB4G8646HX,Sports Car,2016-06-28T10:11:46.7945008Z,97,431,94,17,49,47,70114,Bellevue,62,1,1,1,eight,1,1,1
3MOPQ5ZT5C38AXQ2U,Medium SUV,2016-06-28T10:11:48.0455923Z,98,450,96,37,49,48,103503,Bellevue,5,0,0,0,eight,0,0,0
K02VYHU7BI7ASD35G,Hybrid,2016-06-28T10:11:49.1856259Z,0,80,0,32,0,0,170558,Seattle,72,1,1,1,first,1,1,1
AOOPRXA6VNMB5LZ77,Sedan,2016-06-28T10:11:50.5968105Z,74,151,61,29,37,30,176847,Bellevue,18,1,1,1,third,1,1,1
Q0GRV0ZZYK2TKGFW2,Family Saloon,2016-06-28T10:11:51.8894964Z,53,38,14,4,26,17,91564,Redmond,13,0,0,0,first,0,0,0
DFB01GTVTA41FO8HR,Large SUV,2016-06-28T10:11:53.0539108Z,76,167,63,26,38,32,6789,Bellevue,11,1,1,1,fourth,1,1,1
YICMRCYGMUGQAT7JY,Large SUV,2016-06-28T10:11:54.2701148Z,67,452,74,9,34,28,30361,Seattle,37,0,0,0,sixth,0,0,0
QV6620HFR1UNZJTJ3,Large SUV,2016-06-28T10:11:55.2668844Z,55,47,17,5,28,19,61579,Redmond,51,0,0,0,second,0,0,0
0613LXYK7GV2TLFL4,Medium SUV,2016-06-28T10:11:56.4588328Z,93,372,80,8,47,45,140391,Redmond,55,1,1,1,seventh,1,1,1
SXDT8CWPEDZKL9AH1,Family Saloon,2016-06-28T10:11:57.3829488Z,79,195,68,36,40,34,67661,Bellevue,20,0,0,0,fourth,0,0,0
ADRO23TG51ZM10K3T,Station Wagon,2016-06-28T10:11:58.8490378Z,75,155,62,24,38,31,64910,Bellevue,53,0,0,0,fourth,0,0,0
NH3WQOEUGGJ1H01BC,Family Saloon,2016-06-28T10:12:00.4828558Z,71,126,36,10,36,28,62874,Sammamish,0,0,0,0,third,0,0,0
J3OC2FDRODKRWE8WM,Sports Car,2016-06-28T10:12:01.6029740Z,2,200,6,3,1,0,146352,Seattle,35,1,1,1,first,1,1,1
08L11ZMLE1OX0LP91,Hybrid,2016-06-28T10:12:02.9480864Z,61,66,43,25,30,22,155002,Bellevue,26,1,1,1,second,1,1,1
WMMXY5Q2BI24CKLCG,Small SUV,2016-06-28T10:12:04.1580134Z,1,161,3,9,0,0,70170,Seattle,90,1,1,1,first,1,1,1
N0BNRPSVAY2XWB30N,Hybrid,2016-06-28T10:12:05.2002114Z,59,438,67,5,30,24,142453,Seattle,93,1,1,1,sixth,1,1,1
2P5SPILF5KT8UDSPR,Hybrid,2016-06-28T10:12:06.1916402Z,4,224,9,13,2,0,25066,Seattle,40,1,1,1,first,1,1,1
GYTKQ1BS38TKLCCBM,Hybrid,2016-06-28T10:12:07.6202623Z,99,475,97,12,50,49,169608,Redmond,90,0,0,0,eight,0,0,0
91N98KAN0DOZXYCT8,Large SUV,2016-06-28T10:12:08.5222550Z,68,106,31,10,34,26,179546,Sammamish,69,0,0,0,third,0,0,0
70B85HK639ITWWRV2,Small SUV,2016-06-28T10:12:12.4161918Z,1,178,4,19,0,0,186181,Seattle,0,0,0,0,first,0,0,0
PGDYYMSF05MPV2I4P,Hybrid,2016-06-28T10:12:16.3575443Z,95,395,84,6,48,46,22676,Redmond,24,1,1,1,seventh,1,1,1
ZTVQ4Z0QV9CTUGQDD,Small SUV,2016-06-28T10:12:17.9081719Z,75,152,61,37,37,31,102939,Bellevue,95,0,0,0,third,0,0,0
JPDOIVQN09M76YWMI,Medium SUV,2016-06-28T10:12:19.9276969Z,52,425,61,17,26,20,31468,Seattle,10,1,1,1,fifth,1,1,1
8HA856VBCV4VH9FWY,Coupe,2016-06-28T10:12:22.1213802Z,54,41,15,17,27,18,82667,Redmond,9,1,1,1,first,1,1,1
JT7Z5WPIFTRRM6Q04,Medium SUV,2016-06-28T10:12:23.9252950Z,69,109,32,15,34,27,5246,Sammamish,84,1,1,1,third,1,1,1
RDM6J5EKM0XAOFECS,Sedan,2016-06-28T10:12:25.4313597Z,98,453,93,36,49,48,194882,Redmond,93,0,0,0,eight,0,0,0
VOQXB7TF4X9GCIAML,Hybrid,2016-06-28T10:12:26.2371368Z,54,43,16,32,27,18,118081,Redmond,74,1,1,1,second,1,1,1
CC4OSMM8PXPWDF1BY,Coupe,2016-06-28T10:12:27.0676112Z,65,449,73,3,33,27,186546,Seattle,90,0,0,0,sixth,0,0,0
JH3UZTA5MX3U5ZGDG,Large SUV,2016-06-28T10:12:27.8148081Z,45,410,55,13,23,16,196444,Seattle,63,0,0,0,fifth,0,0,0
4DU5NJMFVRKIM3P1O,Hybrid,2016-06-28T10:12:28.7588078Z,49,419,59,18,24,18,104984,Seattle,55,0,0,0,fifth,0,0,0
59TBJ85KLFAOQVHZJ,Sedan,2016-06-28T10:12:29.3268934Z,57,53,18,6,29,20,193515,Redmond,59,0,0,0,second,0,0,0
HAFETMKFJVQ4FBOLE,Sedan,2016-06-28T10:12:30.5241181Z,58,436,66,29,29,23,67582,Seattle,33,0,0,0,sixth,0,0,0
7BRIQ4AKSUQIL0X1S,Sedan,2016-06-28T10:12:31.1804350Z,96,421,93,32,48,47,159355,Bellevue,94,1,1,1,seventh,1,1,1
H8LRV0UF3VHJ3JSV1,Family Saloon,2016-06-28T10:12:32.4186225Z,48,416,57,3,24,17,174643,Seattle,0,0,0,0,fifth,0,0,0
OEEU3LFOJYUECCAY2,Family Saloon,2016-06-28T10:12:33.1330490Z,58,56,19,6,29,20,198165,Redmond,58,1,1,1,second,1,1,1
6DZRIKH5HU33U08T5,Hybrid,2016-06-28T10:12:34.0395118Z,81,207,69,30,40,35,42141,Bellevue,35,0,0,0,fourth,0,0,0
Q6PD3P9550WZ8Y3F4,Station Wagon,2016-06-28T10:12:34.7780385Z,99,464,95,10,50,49,160713,Redmond,22,0,0,0,eight,0,0,0
TMIRQ1WDIHNKNEHDO,Large SUV,2016-06-28T10:12:35.6535554Z,3,217,8,30,1,0,13156,Seattle,43,1,1,1,first,1,1,1
CEF4GEV0RMYXFGJT5,Sedan,2016-06-28T10:12:36.4265649Z,54,429,63,18,27,21,5028,Seattle,96,0,0,0,fifth,0,0,0
0CE12G2AAILZQCYTZ,Hybrid,2016-06-28T10:12:37.2688705Z,0,86,0,15,0,0,154340,Seattle,50,1,1,1,first,1,1,1
RYM60U58BPJOFGGH8,Sports Car,2016-06-28T10:12:38.2067004Z,1,187,5,10,1,0,180594,Seattle,93,0,0,0,first,0,0,0
4K8A34CZEYH1G8UYQ,Coupe,2016-06-28T10:12:39.0300140Z,66,93,50,39,33,25,85839,Bellevue,21,1,1,1,second,1,1,1
8A3DZ6G5S6FW1LBMZ,Medium SUV,2016-06-28T10:12:39.9809756Z,53,38,14,38,26,17,92715,Redmond,85,0,0,0,first,0,0,0
CA4D9I0DEE7Y45UP2,Family Saloon,2016-06-28T10:12:40.7305942Z,99,463,95,37,50,49,40458,Redmond,5,0,0,0,eight,0,0,0
CIL6PC9EWANY999O7,Sports Car,2016-06-28T10:12:41.5059969Z,80,204,69,24,40,35,17825,Bellevue,91,0,0,0,fourth,0,0,0
R1TKUP6SZOQY7YDOK,Hybrid,2016-06-28T10:12:42.4206804Z,94,378,81,4,47,45,175839,Redmond,6,0,0,0,seventh,0,0,0
ZN0VGDXGW3ZSQVDLL,Coupe,2016-06-28T10:12:43.3737994Z,61,442,69,14,31,25,14264,Seattle,0,1,1,1,sixth,1,1,1
HFHGW4VCB0VIR1XS1,Hybrid,2016-06-28T10:12:44.1470703Z,63,445,71,36,31,26,12636,Seattle,79,0,0,0,sixth,0,0,0
61BZ4ZI38ZY8S0CQQ,Large SUV,2016-06-28T10:12:45.1154147Z,98,445,96,19,49,48,19227,Bellevue,10,1,1,1,eight,1,1,1
YN4HNJ21DUQ828MLO,Hybrid,2016-06-28T10:12:45.8849157Z,48,25,10,10,24,14,15089,Redmond,51,1,1,1,first,1,1,1
TKT6VLRGE9APKY5YV,Family Saloon,2016-06-28T10:12:46.4585702Z,2,199,6,23,1,0,151814,Seattle,47,1,1,1,first,1,1,1
2KC1SPPGS8FJG53UF,Hybrid,2016-06-28T10:12:47.1186389Z,92,359,78,8,46,44,190250,Redmond,92,0,0,0,seventh,0,0,0
NM3J4Z2F8HW2YPFGW,Large SUV,2016-06-28T10:12:48.0276293Z,4,230,9,38,2,0,1338,Seattle,33,0,0,0,first,0,0,0
RIG3SCQVM2RT5IKYN,Family Saloon,2016-06-28T10:12:48.8429799Z,94,387,83,34,47,45,114041,Redmond,37,1,1,1,seventh,1,1,1
Z1PUWGN7X30W4ZAYJ,Large SUV,2016-06-28T10:12:49.7604096Z,81,209,70,33,40,35,40177,Bellevue,91,1,1,1,fourth,1,1,1
PRJ30YBIXO80L9X6U,Large SUV,2016-06-28T10:12:50.4978597Z,99,466,95,16,50,49,32506,Redmond,56,1,1,1,eight,1,1,1
62BUNCZZ7XXVY555N,Compact Car,2016-06-28T10:12:51.3518081Z,66,451,73,26,33,28,90010,Seattle,99,1,1,1,sixth,1,1,1
3KXW9VP5MO9M1BTM0,Compact Car,2016-06-28T10:12:51.9415407Z,1,169,3,4,0,0,37321,Seattle,68,1,1,1,first,1,1,1
J3IPRBV57WVQB06TY,Station Wagon,2016-06-28T10:12:52.6928646Z,96,409,92,23,48,46,17404,Bellevue,35,1,1,1,seventh,1,1,1
4N8BCU3B9J7M4XUJJ,Small SUV,2016-06-28T10:12:53.4910925Z,64,80,47,15,32,23,151444,Bellevue,52,0,0,0,second,0,0,0
DU23Z5F221PCYUZIA,Convertible,2016-06-28T10:12:54.0966656Z,75,154,61,5,38,31,148638,Bellevue,8,0,0,0,fourth,0,0,0
8Z3KVJ9QTRR3LVJ1E,Sedan,2016-06-28T10:12:54.6968136Z,65,449,72,29,33,27,99935,Seattle,54,0,0,0,sixth,0,0,0
U406Q8GS46S2O9Z4S,Sports Car,2016-06-28T10:12:55.4944925Z,4,225,9,28,2,0,144488,Seattle,3,1,1,1,first,1,1,1
1YT0TLVVYGW5OBC0H,Medium SUV,2016-06-28T10:12:56.1654927Z,55,47,17,6,28,19,117749,Redmond,40,0,0,0,second,0,0,0
JPCIS5LDP9XKTU23K,Sports Car,2016-06-28T10:12:56.8465763Z,2,198,6,7,1,0,113641,Seattle,64,1,1,1,first,1,1,1
AC2527LDVEDNWMXHR,Station Wagon,2016-06-28T10:12:57.5044395Z,68,108,32,38,34,26,15843,Sammamish,16,0,0,0,third,0,0,0
9V0GHH6QCP31SCK30,Family Saloon,2016-06-28T10:12:58.2858801Z,69,114,33,12,35,27,159635,Sammamish,71,0,0,0,third,0,0,0
89RROQ3WP8LYWSXXH,Sedan,2016-06-28T10:12:59.0731875Z,70,121,34,8,35,28,5008,Sammamish,97,1,1,1,third,1,1,1
HDME4T9M5YGJLROO2,Hybrid,2016-06-28T10:13:00.2009634Z,1,184,5,26,0,0,99915,Seattle,77,0,0,0,first,0,0,0
2HPI4MXBCN6TGOFOJ,Hybrid,2016-06-28T10:13:01.1063480Z,73,143,60,3,37,30,132132,Bellevue,18,0,0,0,third,0,0,0
TOIXIEYYLH11CH7NH,Large SUV,2016-06-28T10:13:01.9115682Z,48,26,10,36,24,14,17159,Redmond,12,1,1,1,first,1,1,1
8O3IRGRAU9T45IR9R,Small SUV,2016-06-28T10:13:02.5212149Z,65,91,49,6,33,25,123699,Bellevue,37,1,1,1,second,1,1,1
EAMHR7H7L83CDDMYH,Sedan,2016-06-28T10:13:03.2939039Z,77,176,65,27,39,33,186739,Bellevue,15,0,0,0,fourth,0,0,0
WQHGQ27UQUA9RZDUU,Station Wagon,2016-06-28T10:13:03.8739122Z,75,157,62,4,38,31,152602,Bellevue,46,1,1,1,fourth,1,1,1
J7790Y3A2T2FT2CAB,Station Wagon,2016-06-28T10:13:04.7477945Z,44,407,54,23,22,15,60115,Seattle,58,1,1,1,fifth,1,1,1
JKG0E40HYRCPX8P19,Family Saloon,2016-06-28T10:13:05.6345873Z,100,491,99,31,50,50,154283,Redmond,69,1,1,1,eight,1,1,1
9FI73FWK9M9E792VB,Station Wagon,2016-06-28T10:13:06.3177099Z,97,436,95,29,49,48,190732,Bellevue,39,0,0,0,eight,0,0,0
D9Z07RDYQM35KDR6R,Large SUV,2016-06-28T10:13:06.9148380Z,63,77,46,32,32,23,144927,Bellevue,34,0,0,0,second,0,0,0
MXOF38JFCTFK24PST,Compact Car,2016-06-28T10:13:07.5018383Z,47,414,57,15,23,17,93848,Seattle,85,0,0,0,fifth,0,0,0
LCKDQ1ZEE290HO2RH,Large SUV,2016-06-28T10:13:08.3889969Z,60,441,68,38,30,24,156549,Seattle,63,0,0,0,sixth,0,0,0
WX9LPC1ZXRZCIT1Q4,Family Saloon,2016-06-28T10:13:09.0702223Z,50,421,59,16,25,19,144814,Seattle,8,1,1,1,fifth,1,1,1
KLD0MSRCTVIEHKP46,Family Saloon,2016-06-28T10:13:09.6777715Z,65,90,49,34,33,24,29370,Bellevue,96,1,1,1,second,1,1,1
3NPT1KE0J82E1TQZF,Large SUV,2016-06-28T10:13:10.7264803Z,65,449,72,1,33,27,141948,Seattle,9,0,0,0,sixth,0,0,0
5L34G12GZU6WFX2YQ,Compact Car,2016-06-28T10:13:11.5399550Z,78,181,66,3,39,33,50081,Bellevue,38,1,1,1,fourth,1,1,1
3L3JCGMOWRPFHL6FQ,Hybrid,2016-06-28T10:13:12.3988066Z,61,69,44,15,31,22,86277,Bellevue,63,0,0,0,second,0,0,0
ROGSIK4HFC6I1X8NA,Large SUV,2016-06-28T10:13:13.6519257Z,64,83,47,8,32,24,142738,Bellevue,17,1,1,1,second,1,1,1
APLRWRGUI8F5I1TXJ,Compact Car,2016-06-28T10:13:14.5282180Z,73,140,59,23,37,29,123250,Bellevue,44,1,1,1,third,1,1,1
JS3Q3WT0JBB4OPPIK,Coupe,2016-06-28T10:13:15.5424797Z,54,43,16,36,27,18,118632,Redmond,11,1,1,1,second,1,1,1
QQXOS4JK1GMBMV4ED,Family Saloon,2016-06-28T10:13:16.4884769Z,0,67,0,26,0,0,176509,Seattle,50,1,1,1,first,1,1,1
AP2B4YCNREOTQFZEY,Hybrid,2016-06-28T10:13:18.4171686Z,51,32,13,27,25,16,82970,Redmond,82,1,1,1,first,1,1,1
KYSZBSIV98CKP8O7X,Family Saloon,2016-06-28T10:13:19.4715289Z,98,452,93,39,49,48,96623,Redmond,62,0,0,0,eight,0,0,0
98U8Z5YFEQI5L4TSQ,Hybrid,2016-06-28T10:13:20.4920142Z,66,450,73,25,33,27,113597,Seattle,45,1,1,1,sixth,1,1,1
YQ1RUJV3ULTUWBIFU,Compact Car,2016-06-28T10:13:21.9795710Z,100,490,99,3,50,50,144275,Redmond,47,1,1,1,eight,1,1,1
UZIJ4U52O7QZKU8LL,Sedan,2016-06-28T10:13:22.6843440Z,93,365,79,5,47,44,85764,Redmond,47,1,1,1,seventh,1,1,1
HCXN00RGTOX5TI21D,Convertible,2016-06-28T10:13:23.4711813Z,56,433,65,21,28,22,25937,Seattle,69,0,0,0,fifth,0,0,0
YOFB0AEPRTZACTBWQ,Convertible,2016-06-28T10:13:24.4936772Z,76,168,64,28,38,32,62580,Bellevue,0,1,1,1,fourth,1,1,1
FIWKVVQ5KRQTOONS7,Hybrid,2016-06-28T10:13:25.1225641Z,98,453,93,23,49,48,59896,Redmond,10,0,0,0,eight,0,0,0
SLR5PLAM3Q4GGUY8W,Coupe,2016-06-28T10:13:25.7131945Z,65,90,49,29,33,24,64853,Bellevue,45,1,1,1,second,1,1,1
B1MGKFVKCLFQ54CA3,Large SUV,2016-06-28T10:13:26.6053808Z,62,72,45,24,31,22,7603,Bellevue,20,0,0,0,second,0,0,0
XWPFTHVLV4RROQIG6,Small SUV,2016-06-28T10:13:27.4755585Z,71,128,36,3,36,28,14881,Sammamish,33,1,1,1,third,1,1,1
EFK5VY250TGRATBE3,Hybrid,2016-06-28T10:13:28.6222018Z,77,170,64,6,38,32,61802,Bellevue,56,1,1,1,fourth,1,1,1
GR75XOTA85XMLMLUP,Family Saloon,2016-06-28T10:13:29.7360160Z,55,45,16,4,28,18,118436,Redmond,65,0,0,0,second,0,0,0
AY9TON90O26301P47,Sedan,2016-06-28T10:13:30.4620533Z,93,360,78,16,46,44,159657,Redmond,51,1,1,1,seventh,1,1,1
7BEXWZ46DNEZIXUDH,Hybrid,2016-06-28T10:13:31.2788158Z,100,482,98,28,50,50,113563,Redmond,89,1,1,1,eight,1,1,1
3ANIB223YLFK27T1D,Station Wagon,2016-06-28T10:13:32.3531107Z,56,49,17,19,28,19,35533,Redmond,50,1,1,1,second,1,1,1
ICIJUJDB3EZUSYX9F,Family Saloon,2016-06-28T10:13:33.6931691Z,69,110,32,18,34,27,52603,Sammamish,39,1,1,1,third,1,1,1
PUQWGTNLFDII20O5S,Sports Car,2016-06-28T10:13:34.6639450Z,45,410,55,10,22,16,100812,Seattle,91,0,0,0,fifth,0,0,0
RVRD9TF8CQZIGU49W,Compact Car,2016-06-28T10:13:35.7206016Z,72,132,37,8,36,29,147185,Sammamish,61,1,1,1,third,1,1,1
RAAGDMC0P92J83BF9,Convertible,2016-06-28T10:13:36.3483230Z,96,409,92,31,48,46,134164,Bellevue,9,1,1,1,seventh,1,1,1
CP2QNLZSF3BIY0DEQ,Sports Car,2016-06-28T10:13:36.9562261Z,46,412,56,29,23,17,164036,Seattle,33,1,1,1,fifth,1,1,1
H0VF7DTNQWLN5ENEG,Family Saloon,2016-06-28T10:13:37.6486966Z,78,182,66,25,39,33,172840,Bellevue,78,0,0,0,fourth,0,0,0
KD9E5VYI4PVURQSX6,Large SUV,2016-06-28T10:13:38.9132251Z,95,395,84,32,48,46,179824,Redmond,25,1,1,1,seventh,1,1,1
SZPH4O2AB63H13YQ3,Sedan,2016-06-28T10:13:39.9671194Z,94,383,82,5,47,45,105702,Redmond,26,1,1,1,seventh,1,1,1
TGSCXHWVHP1VZM188,Compact Car,2016-06-28T10:13:40.7838195Z,74,151,61,22,37,30,939,Bellevue,55,1,1,1,third,1,1,1
Z5RSYJ65C1GXPMZ4Z,Medium SUV,2016-06-28T10:13:41.5549683Z,48,418,58,36,24,18,160942,Seattle,91,1,1,1,fifth,1,1,1
QV3PRQ01YG2D5VLCP,Hybrid,2016-06-28T10:13:42.1478918Z,73,139,59,27,37,29,108277,Bellevue,2,1,1,1,third,1,1,1
5WGK4LS31ZB9R06Z9,Medium SUV,2016-06-28T10:13:42.7483689Z,61,443,70,7,31,25,8492,Seattle,75,1,1,1,sixth,1,1,1
NRGMCKB8AGZVYQOD8,Family Saloon,2016-06-28T10:13:43.9505528Z,56,48,17,18,28,19,100529,Redmond,93,1,1,1,second,1,1,1
L1IQ2Z54O3W276KQ9,Hybrid,2016-06-28T10:13:44.8421597Z,57,434,66,33,28,22,100552,Seattle,67,1,1,1,fifth,1,1,1
SOJ3QBIK83PQ89WIZ,Small SUV,2016-06-28T10:13:45.9020536Z,78,187,67,18,39,33,89890,Bellevue,94,1,1,1,fourth,1,1,1
N2MQZ83P9V8Y0HSHL,Sports Car,2016-06-28T10:13:47.0251296Z,59,59,41,10,29,20,174609,Bellevue,96,1,1,1,second,1,1,1
WY05JGFLWN6VHJ0QE,Family Saloon,2016-06-28T10:13:47.9577075Z,62,74,45,18,31,23,141114,Bellevue,90,1,1,1,second,1,1,1
ADDDYBRZBV38PZ8DO,Family Saloon,2016-06-28T10:13:48.9433747Z,68,104,31,4,34,26,40701,Sammamish,47,1,1,1,third,1,1,1
DDKWY9OV787PC0C5M,Station Wagon,2016-06-28T10:13:49.8365529Z,92,355,78,36,46,44,144041,Redmond,32,0,0,0,seventh,0,0,0
QYP6JDA0C3C5ZCSKX,Family Saloon,2016-06-28T10:13:50.8096078Z,100,489,99,33,50,50,23843,Redmond,76,1,1,1,eight,1,1,1
WJQS4S9PFMWDQLOKK,Sports Car,2016-06-28T10:13:51.4045654Z,93,371,80,5,47,45,40009,Redmond,57,0,0,0,seventh,0,0,0
3PJCZHX0WJ14GP9CX,Medium SUV,2016-06-28T10:13:52.0114699Z,79,196,68,23,40,34,121003,Bellevue,6,0,0,0,fourth,0,0,0
39GI4HW1QA7DPSHVZ,Family Saloon,2016-06-28T10:13:52.8381880Z,1,169,3,13,0,0,192266,Seattle,42,1,1,1,first,1,1,1
Y38S3WNZOSD1DYUMR,Hybrid,2016-06-28T10:13:53.8088977Z,67,98,29,34,33,25,109212,Sammamish,35,0,0,0,third,0,0,0
TEQDNDCBKK9FPKWY7,Hybrid,2016-06-28T10:13:54.8504781Z,67,452,74,22,34,28,65882,Seattle,19,0,0,0,sixth,0,0,0
KG1TX65RM0MWIP4DH,Hybrid,2016-06-28T10:13:55.7953346Z,71,459,77,5,36,31,192513,Seattle,94,1,1,1,sixth,1,1,1
MTHSXCBY8M8NK1ATS,Family Saloon,2016-06-28T10:13:56.4650506Z,95,394,84,1,48,46,197442,Redmond,75,0,0,0,seventh,0,0,0
7X5AAFGEPWLZ10PQ6,Medium SUV,2016-06-28T10:13:57.0733959Z,100,486,98,7,50,50,114290,Redmond,75,0,0,0,eight,0,0,0
KOXX7GFJ79EEJVF28,Family Saloon,2016-06-28T10:13:57.7312894Z,64,447,72,27,32,26,36536,Seattle,22,1,1,1,sixth,1,1,1
9K6N3B4YM0MDPZBK4,Hybrid,2016-06-28T10:13:58.5488627Z,93,370,80,12,47,44,65390,Redmond,9,0,0,0,seventh,0,0,0
3CF2AL8EQ6O97WYJS,Coupe,2016-06-28T10:13:59.2543572Z,2,193,5,25,1,0,167957,Seattle,46,1,1,1,first,1,1,1
XE5MSTKF0DYWNV1ZT,Hybrid,2016-06-28T10:13:59.8559131Z,95,406,92,31,48,46,2285,Bellevue,8,1,1,1,seventh,1,1,1
INNTZFZ7ZCQL3JHHC,Family Saloon,2016-06-28T10:14:00.4655659Z,46,411,56,14,23,16,103859,Seattle,53,0,0,0,fifth,0,0,0
V7BDD8Y0K844W2G7M,Hybrid,2016-06-28T10:14:01.0904055Z,1,184,5,36,0,0,58149,Seattle,62,0,0,0,first,0,0,0
BCBZE8SJ0821LTRYC,Family Saloon,2016-06-28T10:14:01.6914584Z,61,69,44,10,31,22,60823,Bellevue,61,0,0,0,second,0,0,0
B36B3SG265Q3U3CLJ,Hybrid,2016-06-28T10:14:02.3387656Z,3,223,8,34,2,0,187874,Seattle,88,1,1,1,first,1,1,1
RG0DLDG6GQPC91NEI,Hybrid,2016-06-28T10:14:03.0020214Z,55,46,16,8,28,18,13339,Redmond,78,0,0,0,second,0,0,0
LCME4IM90K5RTNFI7,Medium SUV,2016-06-28T10:14:03.5878099Z,50,31,12,12,25,16,61235,Redmond,50,0,0,0,first,0,0,0
RQHU7Q59DB61I8NLK,Family Saloon,2016-06-28T10:14:04.2045044Z,56,432,65,9,28,22,65737,Seattle,83,0,0,0,fifth,0,0,0
Y7A7181PZ27VTPN7E,Large SUV,2016-06-28T10:14:04.8093222Z,98,462,95,19,49,49,158005,Redmond,48,0,0,0,eight,0,0,0
962GBB2WZOZXU7OMG,Family Saloon,2016-06-28T10:14:05.3928863Z,69,456,76,35,35,30,79076,Seattle,76,0,0,0,sixth,0,0,0
IBWDPOKGWU0N26E9X,Family Saloon,2016-06-28T10:14:06.1712721Z,98,448,96,1,49,48,48300,Bellevue,43,0,0,0,eight,0,0,0
2K0H7PNZY0RSFQ033,Hybrid,2016-06-28T10:14:07.0173483Z,63,445,70,22,31,26,9063,Seattle,79,0,0,0,sixth,0,0,0
JW25J6BYV7DDA9OEA,Convertible,2016-06-28T10:14:07.6234511Z,100,498,100,28,50,50,96897,Redmond,1,0,0,0,eight,0,0,0
PGZD509AS8O3DS35A,Hybrid,2016-06-28T10:14:08.2629264Z,96,423,94,38,48,47,142484,Bellevue,94,0,0,0,seventh,0,0,0
89YHEUB2DMUOG5QFQ,Sports Car,2016-06-28T10:14:08.9030493Z,64,82,47,9,32,24,83391,Bellevue,3,1,1,1,second,1,1,1
DB7GXQUVTGDWLEWJD,Sedan,2016-06-28T10:14:09.5452272Z,50,30,12,0,25,15,57039,Redmond,27,0,0,0,first,0,0,0
9Z5UR09P761884MJ5,Sedan,2016-06-28T10:14:10.2164308Z,59,58,41,18,29,20,66245,Bellevue,68,1,1,1,second,1,1,1
KW4NHJX6GYA0A1FDU,Sedan,2016-06-28T10:14:10.8537610Z,45,411,55,32,23,16,120165,Seattle,71,0,0,0,fifth,0,0,0
ZV951DT2G27QEARK7,Hybrid,2016-06-28T10:14:11.5329638Z,99,469,96,6,50,49,45780,Redmond,71,1,1,1,eight,1,1,1
PIUUZ5TY1YGQ2Z25I,Medium SUV,2016-06-28T10:14:12.1370909Z,68,103,30,25,34,26,77425,Sammamish,11,1,1,1,third,1,1,1
WG65PK5PEW7VDQZV3,Hybrid,2016-06-28T10:14:12.7326209Z,3,222,8,20,1,0,100942,Seattle,53,1,1,1,first,1,1,1
RL5PNZCHI03K3O5KQ,Large SUV,2016-06-28T10:14:13.3196844Z,75,160,62,12,38,31,26905,Bellevue,34,1,1,1,fourth,1,1,1
17U86BG2VYCH32VJV,Sedan,2016-06-28T10:14:13.9590344Z,67,100,30,33,34,26,153591,Sammamish,78,1,1,1,third,1,1,1
MZFMBWQ8JSXX326VE,Sedan,2016-06-28T10:14:14.5907431Z,93,370,80,14,47,44,141829,Redmond,64,0,0,0,seventh,0,0,0
S8SNBMVW3KO0YFL88,Station Wagon,2016-06-28T10:14:15.1958510Z,98,461,95,38,49,49,167701,Redmond,93,0,0,0,eight,0,0,0
RW2Z6CATSMFIN889Q,Large SUV,2016-06-28T10:14:15.8311200Z,94,388,83,14,47,45,64519,Redmond,17,1,1,1,seventh,1,1,1
FOW5XT4RSWMAVKL2I,Small SUV,2016-06-28T10:14:16.4174300Z,93,366,79,30,47,44,112111,Redmond,52,0,0,0,seventh,0,0,0
MQQO0KZNVF4Y4A4AS,Station Wagon,2016-06-28T10:14:17.0274276Z,98,458,94,39,49,49,195815,Redmond,8,1,1,1,eight,1,1,1
DDNW3FO8WQ7088NYK,Sports Car,2016-06-28T10:14:17.6438723Z,79,188,67,11,39,33,152801,Bellevue,54,1,1,1,fourth,1,1,1
QOYXG9IS2EZFF1NKK,Family Saloon,2016-06-28T10:14:18.3139072Z,45,410,55,29,22,16,105661,Seattle,28,0,0,0,fifth,0,0,0
YSCFB24T2BMTLJKCX,Family Saloon,2016-06-28T10:14:18.9299101Z,61,69,44,39,31,22,180448,Bellevue,62,0,0,0,second,0,0,0
XZXQPPCGWGPN8958F,Station Wagon,2016-06-28T10:14:19.6072859Z,70,457,77,32,35,30,46180,Seattle,9,1,1,1,sixth,1,1,1
AS8RLAK52AC23R3P2,Large SUV,2016-06-28T10:14:20.2644415Z,100,485,98,23,50,50,192467,Redmond,0,0,0,0,eight,0,0,0
NGD005ZSO6LVMJOI4,Coupe,2016-06-28T10:14:20.8656312Z,54,43,16,17,27,18,179329,Redmond,91,0,0,0,second,0,0,0
JVHJQQ3CAYW85TKM6,Small SUV,2016-06-28T10:14:21.6189559Z,99,471,96,13,50,49,84761,Redmond,97,1,1,1,eight,1,1,1
8REH1HNPANUIXLPGR,Family Saloon,2016-06-28T10:14:22.2173842Z,68,104,31,24,34,26,124366,Sammamish,78,0,0,0,third,0,0,0
1X0GBKDD62KN7524G,Family Saloon,2016-06-28T10:14:22.8244703Z,78,180,66,27,39,33,188088,Bellevue,18,1,1,1,fourth,1,1,1
MOUSJV1JOCD48FAOJ,Hybrid,2016-06-28T10:14:23.4854714Z,81,216,71,6,41,35,26176,Bellevue,0,0,0,0,fourth,0,0,0
2SYGLC7JBYF3PKH7D,Small SUV,2016-06-28T10:14:25.3104393Z,60,441,68,22,30,24,123226,Seattle,23,0,0,0,sixth,0,0,0
GAT1R8M5FH0KXLV36,Station Wagon,2016-06-28T10:14:26.2326494Z,94,387,83,27,47,45,25157,Redmond,29,1,1,1,seventh,1,1,1
IB5D7WTOPK6I2N4C6,Sedan,2016-06-28T10:14:26.9196106Z,65,88,49,18,33,24,12038,Bellevue,13,0,0,0,second,0,0,0
H0L0TKDKWFMEBAFK2,Sedan,2016-06-28T10:14:27.8677606Z,51,34,13,39,26,16,57011,Redmond,39,1,1,1,first,1,1,1
T14Z20CT2OW2TH6FX,Family Saloon,2016-06-28T10:14:28.4642892Z,78,181,66,33,39,33,70131,Bellevue,18,1,1,1,fourth,1,1,1
B6ZT1XDOXK23FZ53H,Compact Car,2016-06-28T10:14:29.0929081Z,99,467,95,22,50,49,106039,Redmond,71,1,1,1,eight,1,1,1
87XG2L69Z1EP6O3N6,Convertible,2016-06-28T10:14:29.7380230Z,60,441,69,4,30,24,151317,Seattle,36,0,0,0,sixth,0,0,0
0G9VIU99MNA2G3HFW,Family Saloon,2016-06-28T10:14:30.5705935Z,64,83,47,1,32,24,101236,Bellevue,29,1,1,1,second,1,1,1
TQKFFGNZ8ED4GB7FQ,Large SUV,2016-06-28T10:14:31.4028859Z,94,378,81,38,47,45,113492,Redmond,23,0,0,0,seventh,0,0,0
XV1KFY90Y8BTUIORD,Family Saloon,2016-06-28T10:14:32.0882613Z,64,81,47,26,32,23,91371,Bellevue,49,1,1,1,second,1,1,1
56SVWIRUKQ69VDJ4L,Small SUV,2016-06-28T10:14:32.7107261Z,69,457,76,5,35,30,87261,Seattle,29,0,0,0,sixth,0,0,0
GW0E9NL6B05JJQP45,Station Wagon,2016-06-28T10:14:33.4457225Z,61,71,44,19,31,22,150472,Bellevue,88,0,0,0,second,0,0,0
BE12LX8USDHI7VDV3,Hybrid,2016-06-28T10:14:34.4268440Z,93,374,81,21,47,45,156287,Redmond,74,1,1,1,seventh,1,1,1
6OCJZMCNH1WJVPWGP,Medium SUV,2016-06-28T10:14:35.0050976Z,71,459,77,37,35,31,135487,Seattle,88,1,1,1,sixth,1,1,1
1Q2FOUKE63J7OK3LI,Hybrid,2016-06-28T10:14:35.6204838Z,97,444,96,36,49,48,174505,Bellevue,34,1,1,1,eight,1,1,1
ZYJU1O576YAIMPPIX,Large SUV,2016-06-28T10:14:36.4790420Z,62,443,70,30,31,25,83479,Seattle,49,1,1,1,sixth,1,1,1
7J2DR2D0E8GV2015L,Sports Car,2016-06-28T10:14:37.1203286Z,48,416,58,30,24,18,136245,Seattle,7,1,1,1,fifth,1,1,1
TN1SOYUUQDD32H61B,Station Wagon,2016-06-28T10:14:37.7640340Z,77,175,65,1,39,32,112132,Bellevue,74,0,0,0,fourth,0,0,0
KLBI1AOUZDSKGHCTW,Small SUV,2016-06-28T10:14:39.0536071Z,0,82,0,34,0,0,196812,Seattle,19,1,1,1,first,1,1,1
YNPSM3Y08JPJJL9IE,Hybrid,2016-06-28T10:14:39.6656059Z,58,55,19,9,29,20,32776,Redmond,87,0,0,0,second,0,0,0
S6Y7OZM8NPU53MJGD,Sedan,2016-06-28T10:14:40.4676058Z,47,414,57,34,23,17,192780,Seattle,33,0,0,0,fifth,0,0,0
0C0HKC0BIYZ4U0XGS,Hybrid,2016-06-28T10:14:41.0856063Z,2,201,6,30,1,0,96300,Seattle,50,1,1,1,first,1,1,1
B4LVC3AWXG9DBLTY9,Hybrid,2016-06-28T10:14:41.7181779Z,50,421,60,27,25,19,42499,Seattle,92,1,1,1,fifth,1,1,1
08XXO3P9QH75NRC5U,Station Wagon,2016-06-28T10:14:42.6269341Z,65,90,49,4,33,24,109977,Bellevue,44,1,1,1,second,1,1,1
LRPX1Q781Y78UQLUC,Station Wagon,2016-06-28T10:14:43.4099884Z,66,96,29,37,33,25,66963,Sammamish,78,0,0,0,third,0,0,0
MRODIJLQI7OFGJLXE,Large SUV,2016-06-28T10:14:44.0717041Z,99,480,97,27,50,50,96066,Redmond,35,1,1,1,eight,1,1,1
O4OT66B8MN4O3P5KI,Large SUV,2016-06-28T10:14:44.6808112Z,59,439,68,1,30,24,70165,Seattle,95,1,1,1,sixth,1,1,1
Y0LBRIWM754TDYNBW,Family Saloon,2016-06-28T10:14:45.5600482Z,93,364,79,19,47,44,153997,Redmond,78,1,1,1,seventh,1,1,1
QHLGDF0DBJZHK0SE9,Sedan,2016-06-28T10:14:46.1578108Z,98,455,94,39,49,49,195744,Redmond,7,1,1,1,eight,1,1,1
7OJD4R9Z53W0MN5K4,Sedan,2016-06-28T10:14:46.7720381Z,4,235,10,3,2,0,45421,Seattle,19,1,1,1,first,1,1,1
DTQWSOJD0DK5KE4VB,Small SUV,2016-06-28T10:14:47.5853570Z,94,390,83,6,47,45,158827,Redmond,72,0,0,0,seventh,0,0,0
7FUOV4WFSW603H7R9,Station Wagon,2016-06-28T10:14:48.1988742Z,100,482,98,25,50,50,190719,Redmond,27,1,1,1,eight,1,1,1
ODRTZIA7DC69SMQGR,Sedan,2016-06-28T10:14:48.8013859Z,60,440,68,21,30,24,96865,Seattle,17,1,1,1,sixth,1,1,1
Y6XXFCRIKEDYQ97SK,Family Saloon,2016-06-28T10:14:50.1668102Z,57,435,66,15,29,22,15094,Seattle,68,1,1,1,sixth,1,1,1
SJPOYH7X0H63J32AJ,Family Saloon,2016-06-28T10:14:50.9613714Z,100,499,100,24,50,50,68848,Redmond,22,0,0,0,eight,0,0,0
8VLL0JTZZJNTRD9J3,Sports Car,2016-06-28T10:14:51.6754243Z,57,434,65,20,28,22,109541,Seattle,80,1,1,1,fifth,1,1,1
DFWNS3PFU0UA07BA8,Small SUV,2016-06-28T10:14:56.6990947Z,53,426,62,17,26,20,38032,Seattle,79,1,1,1,fifth,1,1,1
XVXAPOFOK684H9HJ9,Small SUV,2016-06-28T10:14:59.5071007Z,59,58,41,18,29,20,128863,Bellevue,62,1,1,1,second,1,1,1
P1SBK10VDDFPXEIHU,Compact Car,2016-06-28T10:15:00.7403217Z,95,406,92,5,48,46,101220,Bellevue,63,1,1,1,seventh,1,1,1
TI5OBFCY22EZHWQKZ,Station Wagon,2016-06-28T10:15:01.3834764Z,67,453,74,30,34,28,104503,Seattle,35,0,0,0,sixth,0,0,0
KPLLMLEK90FRNPJNB,Station Wagon,2016-06-28T10:15:01.9990524Z,96,425,94,2,48,47,129943,Bellevue,41,0,0,0,seventh,0,0,0
8VVVWGN2GHLEY8FXN,Family Saloon,2016-06-28T10:15:02.5905528Z,61,69,44,23,31,22,176232,Bellevue,36,0,0,0,second,0,0,0
MZIKGBS4C5RHXH8C8,Hybrid,2016-06-28T10:15:03.3685498Z,62,75,45,11,31,23,137892,Bellevue,18,1,1,1,second,1,1,1
9YDN91JTCAJKZP7XS,Coupe,2016-06-28T10:15:03.9577975Z,46,413,56,0,23,17,156123,Seattle,75,1,1,1,fifth,1,1,1
HGZ1HZZDVWQFW6PH7,Family Saloon,2016-06-28T10:15:04.7207894Z,60,65,43,39,30,21,162579,Bellevue,40,1,1,1,second,1,1,1
N2W6QR1K93YJAV66V,Coupe,2016-06-28T10:15:06.1983520Z,57,435,66,6,29,22,28332,Seattle,83,1,1,1,sixth,1,1,1
PACWKYXGIKUAZO0K1,Sedan,2016-06-28T10:15:06.9275592Z,55,431,64,34,28,21,91168,Seattle,76,1,1,1,fifth,1,1,1
Y7IYEAYQUUWXXSMYE,Hybrid,2016-06-28T10:15:07.5656624Z,99,477,97,17,50,49,160728,Redmond,63,1,1,1,eight,1,1,1
PJ0YJOPQ9TY79K3FH,Sedan,2016-06-28T10:15:08.1811253Z,59,438,67,39,29,23,27963,Seattle,33,0,0,0,sixth,0,0,0
OEIBNY4YW27UMBDJO,Sports Car,2016-06-28T10:15:13.1960072Z,55,430,64,5,27,21,160768,Seattle,31,1,1,1,fifth,1,1,1
3V7GGYOD5XBCZDC33,Sports Car,2016-06-28T10:15:21.1431032Z,79,192,67,33,40,34,175251,Bellevue,84,0,0,0,fourth,0,0,0
TMH9ACEWE5DK0HCIK,Large SUV,2016-06-28T10:15:23.3192074Z,58,55,19,18,29,20,176406,Redmond,71,0,0,0,second,0,0,0
VENS6AXAEJ4MUVL7J,Sedan,2016-06-28T10:15:24.1668809Z,48,26,11,29,24,14,1655,Redmond,88,1,1,1,first,1,1,1
TMZH1YOL3ZHRRV8J3,Family Saloon,2016-06-28T10:15:24.9244715Z,67,101,30,4,34,26,182847,Sammamish,92,1,1,1,third,1,1,1
JKG0E40HYRCPX8P19,Family Saloon,2016-06-28T10:15:25.9664973Z,97,432,94,32,49,47,103870,Bellevue,13,1,1,1,eight,1,1,1
L3CSZU1SEURP4WI9D,Family Saloon,2016-06-28T10:15:27.5509593Z,58,436,66,4,29,23,98261,Seattle,47,0,0,0,sixth,0,0,0
MK50ZYI1O2CV81PFC,Sedan,2016-06-28T10:15:29.5289421Z,93,362,79,2,47,44,20543,Redmond,75,1,1,1,seventh,1,1,1
OW4J18A66EX4WGME4,Hybrid,2016-06-28T10:15:30.6196372Z,70,116,33,17,35,27,176745,Sammamish,49,0,0,0,third,0,0,0
FSCJWTXS75VKJSYCQ,Large SUV,2016-06-28T10:15:31.7090359Z,95,400,85,19,48,46,172516,Redmond,61,1,1,1,seventh,1,1,1
01HSMSXASEXY5F20T,Coupe,2016-06-28T10:15:37.6168573Z,68,105,31,11,34,26,9939,Sammamish,44,0,0,0,third,0,0,0
8VK1FN868CL1RYF2K,Sedan,2016-06-28T10:15:42.6701652Z,99,473,96,29,50,49,80268,Redmond,12,0,0,0,eight,0,0,0
F2431QV26TEK2M1T2,Coupe,2016-06-28T10:15:44.0056635Z,49,29,12,36,25,15,138211,Redmond,97,0,0,0,first,0,0,0
R3L4HK7T3NX7QVKEN,Family Saloon,2016-06-28T10:15:44.6835488Z,58,57,19,8,29,20,81495,Redmond,5,1,1,1,second,1,1,1
80CVKN1KQISZH40NB,Large SUV,2016-06-28T10:15:45.4171624Z,57,434,66,26,28,22,34419,Seattle,42,1,1,1,fifth,1,1,1
KHP1T5FO4SG278RNV,Hybrid,2016-06-28T10:15:46.0288449Z,93,372,80,16,47,45,71023,Redmond,72,1,1,1,seventh,1,1,1
8FZY8YHG4DOZPUB8F,Coupe,2016-06-28T10:15:46.7701080Z,54,429,63,5,27,21,170785,Seattle,91,0,0,0,fifth,0,0,0
SHMQU0SQNKWLZQA4G,Hybrid,2016-06-28T10:15:48.2872736Z,54,429,63,20,27,21,139833,Seattle,44,0,0,0,fifth,0,0,0
08KCTPLLPDTUCWRWS,Large SUV,2016-06-28T10:15:49.2800617Z,61,442,69,12,31,25,128818,Seattle,63,1,1,1,sixth,1,1,1
97HQPEWM1AJT8QLXE,Large SUV,2016-06-28T10:15:49.9336422Z,97,439,95,3,49,48,31989,Bellevue,40,0,0,0,eight,0,0,0
HG2WPGAFOM95HA4RV,Sedan,2016-06-28T10:15:51.5299406Z,53,39,15,14,27,17,7896,Redmond,57,1,1,1,first,1,1,1
6B6EN0GPCATIHXL2P,Sports Car,2016-06-28T10:15:52.6699392Z,63,75,46,5,31,23,135745,Bellevue,64,1,1,1,second,1,1,1
H0L0TKDKWFMEBAFK2,Sedan,2016-06-28T10:15:53.3109436Z,5,236,10,33,2,0,176956,Seattle,52,1,1,1,first,1,1,1
JJZD98BWH5IEM9UPX,Station Wagon,2016-06-28T10:15:53.9754921Z,57,436,66,17,29,23,55303,Seattle,88,1,1,1,sixth,1,1,1
CDXFBAN1AEAIRV1G8,Family Saloon,2016-06-28T10:15:54.5975916Z,56,49,17,12,28,19,17942,Redmond,84,1,1,1,second,1,1,1
ZTM8ITYQBKHJ6CLMU,Station Wagon,2016-06-28T10:15:55.3491925Z,99,479,97,19,50,50,51440,Redmond,92,1,1,1,eight,1,1,1
IKVMWK9PXVMCFTM7R,Hybrid,2016-06-28T10:15:55.9915686Z,95,405,92,9,48,46,143565,Bellevue,77,0,0,0,seventh,0,0,0
JXKWCQI0AZM74WZV6,Sedan,2016-06-28T10:15:56.5760536Z,94,383,82,30,47,45,58513,Redmond,53,1,1,1,seventh,1,1,1
TYIC778S5Y5DJU78W,Compact Car,2016-06-28T10:15:57.3724368Z,59,61,42,30,30,21,141983,Bellevue,96,0,0,0,second,0,0,0
TMF9ELSKXB86RO9ZG,Compact Car,2016-06-28T10:15:58.0836584Z,94,381,82,31,47,45,72251,Redmond,22,0,0,0,seventh,0,0,0
74F09QAR50AKREN7C,Compact Car,2016-06-28T10:15:58.8421445Z,56,433,65,8,28,22,177128,Seattle,3,0,0,0,fifth,0,0,0
NBJKKR892WSC6VQTN,Coupe,2016-06-28T10:15:59.5036259Z,64,447,71,7,32,26,23419,Seattle,81,1,1,1,sixth,1,1,1
GGMI6EAOC7T5DPOBB,Sedan,2016-06-28T10:16:00.0888247Z,60,439,68,30,30,24,138155,Seattle,44,1,1,1,sixth,1,1,1
WVVGCB9JEXOQADGKP,Sedan,2016-06-28T10:16:00.7931266Z,98,449,96,12,49,48,102929,Bellevue,23,0,0,0,eight,0,0,0
XE7I7TUY2WSJ8ZXJE,Large SUV,2016-06-28T10:16:01.3833462Z,65,87,48,4,32,24,71728,Bellevue,11,0,0,0,second,0,0,0
TAJ20H741S3TVTKJ7,Family Saloon,2016-06-28T10:16:03.0387072Z,74,151,61,36,37,31,15954,Bellevue,26,0,0,0,third,0,0,0
9RZ4F9EYWSLBGGVF4,Family Saloon,2016-06-28T10:16:04.7169969Z,96,421,93,14,48,47,3325,Bellevue,55,1,1,1,seventh,1,1,1
62EOXGR4HEQEVCVQ5,Hybrid,2016-06-28T10:16:05.3217979Z,1,159,3,12,0,0,103852,Seattle,16,1,1,1,first,1,1,1
KRGELBW8JHMRK165T,Medium SUV,2016-06-28T10:16:06.2511006Z,3,212,7,34,1,0,79882,Seattle,68,0,0,0,first,0,0,0
927ZS4FQST2IAZNPH,Station Wagon,2016-06-28T10:16:07.2952567Z,63,445,71,8,31,26,58512,Seattle,3,0,0,0,sixth,0,0,0
VIHYRVDRYHM61RNGH,Large SUV,2016-06-28T10:16:07.9592341Z,71,459,77,36,35,31,149805,Seattle,80,1,1,1,sixth,1,1,1
48ZG0D16RBN971LUD,Medium SUV,2016-06-28T10:16:08.7145781Z,51,422,60,33,25,19,109401,Seattle,19,1,1,1,fifth,1,1,1
C262UH210NI7BDIGV,Compact Car,2016-06-28T10:16:09.2917157Z,46,413,56,18,23,17,171121,Seattle,24,1,1,1,fifth,1,1,1
S0GNWQ26VOTE1X875,Family Saloon,2016-06-28T10:16:10.1230256Z,50,30,12,9,25,15,161305,Redmond,54,0,0,0,first,0,0,0
8KQI9U6PZ45G0G46X,Hybrid,2016-06-28T10:16:11.6233105Z,69,456,76,25,35,30,101327,Seattle,27,0,0,0,sixth,0,0,0
1ES2EN7NPH7XKXVWE,Station Wagon,2016-06-28T10:16:12.7241976Z,51,33,13,22,25,16,18136,Redmond,71,1,1,1,first,1,1,1
5ZCY7GM0YYHSKOW69,Hybrid,2016-06-28T10:16:13.3185753Z,78,179,65,21,39,33,96477,Bellevue,11,1,1,1,fourth,1,1,1
U406Q8GS46S2O9Z4S,Sports Car,2016-06-28T10:16:13.9816516Z,55,45,16,33,28,18,127919,Redmond,89,0,0,0,second,0,0,0
2RCMHNYBQN1ND3IAA,Hybrid,2016-06-28T10:16:14.5665627Z,79,195,68,12,40,34,197464,Bellevue,51,0,0,0,fourth,0,0,0
ZBA97K3ZHMJWKM8VL,Hybrid,2016-06-28T10:16:15.6696663Z,100,494,100,10,50,50,35427,Redmond,68,1,1,1,eight,1,1,1
KIMNET0DMVMI2907Q,Hybrid,2016-06-28T10:16:16.2960412Z,44,408,54,32,22,15,59975,Seattle,25,1,1,1,fifth,1,1,1
UHEAZLPLDY5IF2ZOI,Small SUV,2016-06-28T10:16:17.0523090Z,63,446,71,11,32,26,147861,Seattle,71,1,1,1,sixth,1,1,1
R32L45Y45CXJ1832L,Sports Car,2016-06-28T10:16:21.7849048Z,96,409,92,34,48,46,111118,Bellevue,97,1,1,1,seventh,1,1,1
FDCN8DAXUUFS3MX1T,Sedan,2016-06-28T10:16:38.2765097Z,44,407,54,0,22,15,176057,Seattle,56,1,1,1,fifth,1,1,1
MZ0GZU3E70X2T3DHR,Station Wagon,2016-06-28T10:16:49.4602904Z,76,165,63,1,38,32,112496,Bellevue,55,0,0,0,fourth,0,0,0
94WX2VGGWQYU3O1D4,Sedan,2016-06-28T10:16:51.1148012Z,47,415,57,17,24,17,56829,Seattle,42,0,0,0,fifth,0,0,0
H7KCB7KNGDF4WHRKX,Hybrid,2016-06-28T10:16:52.6524036Z,74,150,61,38,37,30,83733,Bellevue,10,1,1,1,third,1,1,1
C262UH210NI7BDIGV,Compact Car,2016-06-28T10:16:54.6526201Z,63,80,47,11,32,23,77734,Bellevue,85,0,0,0,second,0,0,0
B52D0DM9UD7HCFYJE,Large SUV,2016-06-28T10:16:55.4125567Z,76,164,63,32,38,32,94690,Bellevue,33,0,0,0,fourth,0,0,0
NE5T8PCRLQ3O0V20A,Small SUV,2016-06-28T10:16:56.1760236Z,51,424,61,33,26,19,52436,Seattle,96,0,0,0,fifth,0,0,0
0P8NI6H12HA68KWOF,Compact Car,2016-06-28T10:16:59.2043873Z,2,197,6,30,1,0,11144,Seattle,5,1,1,1,first,1,1,1
EPJYYE359H2R4ZOQ5,Hybrid,2016-06-28T10:17:00.5194791Z,80,200,69,26,40,34,36642,Bellevue,81,1,1,1,fourth,1,1,1
9IT6JZXPMR937V95E,Large SUV,2016-06-28T10:17:01.4319970Z,70,121,34,16,35,28,140568,Sammamish,12,1,1,1,third,1,1,1
4I2CWSFAGCMVI5MSD,Hybrid,2016-06-28T10:17:02.0611411Z,95,396,84,24,48,46,63396,Redmond,37,1,1,1,seventh,1,1,1
I1ZX4C78HW87LRDTR,Convertible,2016-06-28T10:17:03.5544847Z,80,197,68,35,40,34,83292,Bellevue,49,1,1,1,fourth,1,1,1
X785VHX5H8D6NXEBW,Sports Car,2016-06-28T10:17:04.7771690Z,93,368,80,25,47,44,92444,Redmond,76,0,0,0,seventh,0,0,0
71EYBZ3L8R19VENOS,Family Saloon,2016-06-28T10:17:07.2411561Z,59,438,67,28,29,24,104452,Seattle,88,1,1,1,sixth,1,1,1
6WFH1EWURWTTWALFZ,Large SUV,2016-06-28T10:17:20.0891863Z,62,444,70,21,31,26,61557,Seattle,97,0,0,0,sixth,0,0,0
2SH4UL8YGJCXL7DVE,Large SUV,2016-06-28T10:17:31.3100346Z,93,362,79,23,47,44,152867,Redmond,60,1,1,1,seventh,1,1,1
S4JYTTY7QGRUN7WUV,Convertible,2016-06-28T10:17:40.8231102Z,59,438,67,9,29,23,28983,Seattle,16,0,0,0,sixth,0,0,0
0NCAORXGCS7WQLOQ1,Station Wagon,2016-06-28T10:17:42.3176746Z,68,107,31,24,34,26,132897,Sammamish,83,0,0,0,third,0,0,0
8XRGYDTZRGTG747J7,Small SUV,2016-06-28T10:17:43.5282887Z,92,357,78,10,46,44,28106,Redmond,82,0,0,0,seventh,0,0,0
LHAGDK84HB6V9YXIF,Hybrid,2016-06-28T10:17:46.2827965Z,93,373,81,3,47,45,160307,Redmond,38,1,1,1,seventh,1,1,1
XJQA98W5V369WEKDA,Convertible,2016-06-28T10:17:48.9827541Z,48,416,58,30,24,17,22362,Seattle,15,1,1,1,fifth,1,1,1
E87H9GMV4M1HOZNFR,Sedan,2016-06-28T10:17:51.4514858Z,77,171,64,11,38,32,118123,Bellevue,57,1,1,1,fourth,1,1,1
VKZVB3644IJYMMX6L,Family Saloon,2016-06-28T10:17:52.9987097Z,54,429,63,11,27,21,53825,Seattle,89,1,1,1,fifth,1,1,1
R8U6PF4JESGYE4MGI,Coupe,2016-06-28T10:17:56.6861064Z,70,120,34,29,35,28,70273,Sammamish,11,1,1,1,third,1,1,1
2IAVZHYETN0A8TBOS,Large SUV,2016-06-28T10:17:59.8549490Z,98,450,96,28,49,48,334,Bellevue,30,0,0,0,eight,0,0,0
BWWECGV3LIUDRP6FK,Family Saloon,2016-06-28T10:18:02.8991384Z,71,458,77,10,35,30,142773,Seattle,24,1,1,1,sixth,1,1,1
I1EJ2IW28L55S01MQ,Family Saloon,2016-06-28T10:18:04.6940530Z,48,417,58,24,24,18,35721,Seattle,20,1,1,1,fifth,1,1,1
48C9S67EHVFOB3CHY,Sedan,2016-06-28T10:18:05.5597614Z,95,400,85,27,48,46,76445,Redmond,44,1,1,1,seventh,1,1,1
XWPFTHVLV4RROQIG6,Small SUV,2016-06-28T10:18:06.2437881Z,69,456,76,36,35,30,109687,Seattle,0,0,0,0,sixth,0,0,0
6OGFCIOE1TQXZYACJ,Large SUV,2016-06-28T10:18:06.8553115Z,97,437,95,24,49,48,60026,Bellevue,8,0,0,0,eight,0,0,0
3ENIJEV44UB5A0HRZ,Family Saloon,2016-06-28T10:18:07.8789046Z,1,184,5,22,0,0,3784,Seattle,48,0,0,0,first,0,0,0
QCHQXZQ7PFA920EIR,Hybrid,2016-06-28T10:18:08.8966001Z,70,117,33,30,35,27,145530,Sammamish,85,0,0,0,third,0,0,0
IJ4NKWMGL0ZZ8SA2G,Hybrid,2016-06-28T10:18:09.9232136Z,78,187,67,0,39,33,193291,Bellevue,79,1,1,1,fourth,1,1,1
DQA4I40H1JH2L643H,Large SUV,2016-06-28T10:18:11.2785581Z,3,213,7,19,1,0,130364,Seattle,17,0,0,0,first,0,0,0
0ON6GUTCMZHRYY4KQ,Compact Car,2016-06-28T10:18:11.9968556Z,63,446,71,34,32,26,36446,Seattle,67,1,1,1,sixth,1,1,1
OMTGA1J3TP19R3J72,Large SUV,2016-06-28T10:18:13.0329205Z,61,442,69,15,31,25,2170,Seattle,44,1,1,1,sixth,1,1,1
ZQI8F9OFHI5WWT1N9,Hybrid,2016-06-28T10:18:16.6225425Z,97,440,95,33,49,48,31285,Bellevue,18,0,0,0,eight,0,0,0
1GESGTOO1FP3KZXLM,Hybrid,2016-06-28T10:18:22.7778084Z,99,470,96,14,50,49,126962,Redmond,24,1,1,1,eight,1,1,1
TAJ20H741S3TVTKJ7,Family Saloon,2016-06-28T10:18:23.3788407Z,57,435,66,36,29,23,134519,Seattle,16,1,1,1,sixth,1,1,1
649PZ6LT55M9ELLL4,Coupe,2016-06-28T10:18:24.0126333Z,56,49,17,9,28,19,181878,Redmond,20,1,1,1,second,1,1,1
TKO2JZQ561JWK6I2H,Large SUV,2016-06-28T10:18:24.7073445Z,77,171,64,12,39,32,57055,Bellevue,53,1,1,1,fourth,1,1,1
R3QDQTWDOTGBBOEFB,Convertible,2016-06-28T10:18:25.3968682Z,71,125,35,23,36,28,69275,Sammamish,24,0,0,0,third,0,0,0
XBILN3IYL63VBT58M,Coupe,2016-06-28T10:18:26.1524432Z,55,45,16,15,27,18,188964,Redmond,61,0,0,0,second,0,0,0
AYER54VWK9AHGJAZ5,Hybrid,2016-06-28T10:18:27.1147720Z,74,149,60,24,37,30,195699,Bellevue,24,1,1,1,third,1,1,1
AJVXI8YHRZ2OE51R2,Medium SUV,2016-06-28T10:18:27.7385666Z,97,429,94,22,49,47,114047,Bellevue,51,1,1,1,eight,1,1,1
NYW6CJG5NDJHZBPKJ,Small SUV,2016-06-28T10:18:28.7004763Z,92,355,78,21,46,44,135113,Redmond,56,0,0,0,seventh,0,0,0
JGDDD3WZD3ET9NSZW,Family Saloon,2016-06-28T10:18:29.5100249Z,81,209,70,28,41,35,75350,Bellevue,18,1,1,1,fourth,1,1,1
TVMTC8VEXQSBTLSOX,Family Saloon,2016-06-28T10:18:30.1322390Z,100,500,100,19,50,50,188080,Redmond,82,0,0,0,eight,0,0,0
0BO3V8YAVN9CE5IF0,Hybrid,2016-06-28T10:18:30.7084084Z,99,477,97,39,50,49,156204,Redmond,78,1,1,1,eight,1,1,1
S5IPMWQCM63VARAJ0,Family Saloon,2016-06-28T10:18:32.0420226Z,70,458,77,18,35,30,143823,Seattle,32,1,1,1,sixth,1,1,1
75CKKAB0X9XTBYUWR,Family Saloon,2016-06-28T10:18:32.6830729Z,56,433,65,36,28,22,182981,Seattle,80,0,0,0,fifth,0,0,0
7Y33JHKTKJAXEQZ69,Hybrid,2016-06-28T10:18:34.2672107Z,95,406,92,0,48,46,163955,Bellevue,79,1,1,1,seventh,1,1,1
USGEL03FRFP5HPR0I,Large SUV,2016-06-28T10:18:34.9417404Z,98,447,96,17,49,48,120274,Bellevue,66,1,1,1,eight,1,1,1
J4QRAZBXE9LYZMIBE,Compact Car,2016-06-28T10:18:35.9197893Z,55,47,17,15,28,19,118536,Redmond,35,0,0,0,second,0,0,0
8AW5ATA450TELMYHJ,Hybrid,2016-06-28T10:18:36.9509485Z,93,360,78,28,46,44,30256,Redmond,1,1,1,1,seventh,1,1,1
WH4ITIMI67TF7PCK6,Sports Car,2016-06-28T10:18:37.9977707Z,70,457,77,6,35,30,85741,Seattle,78,0,0,0,sixth,0,0,0
XQ2WD90KPPQ3FB1NE,Hybrid,2016-06-28T10:18:42.0397234Z,100,498,100,4,50,50,132976,Redmond,44,0,0,0,eight,0,0,0
OG52BAIM2OK7GKMXX,Medium SUV,2016-06-28T10:18:42.7409903Z,67,99,30,7,34,26,28174,Sammamish,8,1,1,1,third,1,1,1
U401D7O55VNVU60TN,Sedan,2016-06-28T10:18:43.3791822Z,55,45,16,9,27,18,6647,Redmond,70,0,0,0,second,0,0,0
BINRAR5T79OSIHJXF,Convertible,2016-06-28T10:18:44.2477367Z,97,440,95,34,49,48,31794,Bellevue,37,0,0,0,eight,0,0,0
LUI3WMA0YP3256ZVR,Large SUV,2016-06-28T10:18:44.9580482Z,46,412,56,23,23,16,49029,Seattle,39,1,1,1,fifth,1,1,1
I2BJIW6V8E33UP9IW,Station Wagon,2016-06-28T10:18:45.5856817Z,1,187,5,11,0,0,32991,Seattle,55,0,0,0,first,0,0,0
XMGM2J86170557T64,Coupe,2016-06-28T10:18:46.4583163Z,58,55,19,17,29,20,28797,Redmond,38,0,0,0,second,0,0,0
O7TBM7MUC8YBDM9UU,Family Saloon,2016-06-28T10:18:47.2467636Z,59,61,42,28,30,21,21534,Bellevue,31,0,0,0,second,0,0,0
LERLTB3Q0JAR3ZXBV,Sedan,2016-06-28T10:18:47.8358946Z,81,215,71,5,41,35,74195,Bellevue,28,0,0,0,fourth,0,0,0
LFBKB1DUOCPT2P5IZ,Sports Car,2016-06-28T10:18:48.4356921Z,94,392,84,14,47,46,190168,Redmond,74,0,0,0,seventh,0,0,0
RZQA1XJOCGE5GLJ71,Family Saloon,2016-06-28T10:18:49.0850408Z,46,413,56,20,23,17,162510,Seattle,41,1,1,1,fifth,1,1,1
S6Y7OZM8NPU53MJGD,Sedan,2016-06-28T10:18:49.6910454Z,63,446,71,35,32,26,145919,Seattle,77,1,1,1,sixth,1,1,1
ERNMKI7IFOGWP2Z9B,Small SUV,2016-06-28T10:18:50.2887044Z,0,94,0,31,0,0,22749,Seattle,62,1,1,1,first,1,1,1
Y8446A04Z1KLHPUL1,Large SUV,2016-06-28T10:18:51.3246953Z,57,434,66,1,28,22,178476,Seattle,15,1,1,1,fifth,1,1,1
2D45I86CP3CGAS21O,Hybrid,2016-06-28T10:18:52.0919572Z,94,384,82,4,47,45,12866,Redmond,41,1,1,1,seventh,1,1,1
M9NHXYTMG36VNP2KD,Sedan,2016-06-28T10:18:52.7485029Z,45,410,55,30,22,16,153853,Seattle,14,0,0,0,fifth,0,0,0
RWCS7RS110HZ89X0Y,Sedan,2016-06-28T10:18:53.6189177Z,58,437,67,28,29,23,44719,Seattle,49,0,0,0,sixth,0,0,0
GAK7K9E8GM23EO03W,Large SUV,2016-06-28T10:18:54.7671596Z,50,420,59,34,25,18,4330,Seattle,52,0,0,0,fifth,0,0,0
S44PPE6R2YQV9S7JQ,Convertible,2016-06-28T10:18:55.5023154Z,48,416,58,19,24,17,21523,Seattle,37,1,1,1,fifth,1,1,1
AS8RLAK52AC23R3P2,Large SUV,2016-06-28T10:18:56.2241871Z,59,438,67,30,30,24,38868,Seattle,49,1,1,1,sixth,1,1,1
OZ4K8X6AL1EUA3V2D,Family Saloon,2016-06-28T10:18:56.8715062Z,45,411,55,14,23,16,164527,Seattle,54,0,0,0,fifth,0,0,0
MOUSJV1JOCD48FAOJ,Hybrid,2016-06-28T10:18:57.7327667Z,69,109,32,19,34,27,79084,Sammamish,44,1,1,1,third,1,1,1
AEO5LVAOL7IREKB6E,Large SUV,2016-06-28T10:18:58.8162596Z,94,391,83,8,47,46,66351,Redmond,24,0,0,0,seventh,0,0,0
EU43HLVVCTNQ2CRAY,Medium SUV,2016-06-28T10:19:00.0035665Z,79,194,68,21,40,34,140019,Bellevue,52,0,0,0,fourth,0,0,0
2O5SM34K43BF39ICI,Sedan,2016-06-28T10:19:00.8362460Z,1,162,3,26,0,0,54302,Seattle,64,1,1,1,first,1,1,1
IVNQYDMIN5O9PT7JG,Convertible,2016-06-28T10:19:01.7220160Z,100,490,99,9,50,50,55578,Redmond,68,1,1,1,eight,1,1,1
LRA1I44YNV7ORY3C6,Hybrid,2016-06-28T10:19:02.5841197Z,68,103,30,23,34,26,199176,Sammamish,42,1,1,1,third,1,1,1
6UX00WDS5Q4V6RYXH,Sedan,2016-06-28T10:19:03.5019965Z,99,467,95,20,50,49,138563,Redmond,20,1,1,1,eight,1,1,1
HUNTRCKO3VRNJQ4ZI,Family Saloon,2016-06-28T10:19:04.6054696Z,99,474,96,22,50,49,144066,Redmond,67,0,0,0,eight,0,0,0
I69S61WKEPT76NA75,Hybrid,2016-06-28T10:19:06.4974352Z,96,418,93,9,48,47,110034,Bellevue,66,1,1,1,seventh,1,1,1
2PQZHL158TENW97DJ,Large SUV,2016-06-28T10:19:07.9812571Z,56,47,17,31,28,19,50283,Redmond,28,1,1,1,second,1,1,1
FZQH7R8TM75EX0PBN,Medium SUV,2016-06-28T10:19:09.0286365Z,53,39,14,31,26,17,44668,Redmond,9,0,0,0,first,0,0,0
A5OX2BGI8UGCLTU5K,Sedan,2016-06-28T10:19:10.0423164Z,97,443,96,23,49,48,126719,Bellevue,79,1,1,1,eight,1,1,1
QNZJA0ATVLR8XLYKH,Family Saloon,2016-06-28T10:19:10.9290447Z,75,159,62,21,38,31,165999,Bellevue,45,1,1,1,fourth,1,1,1
A78TYXAEP593BZ4IP,Compact Car,2016-06-28T10:19:11.7647540Z,99,472,96,5,50,49,156830,Redmond,0,0,0,0,eight,0,0,0
PF8L3RW3YFZBTJQFO,Medium SUV,2016-06-28T10:19:12.5412572Z,99,481,98,38,50,50,103191,Redmond,72,1,1,1,eight,1,1,1
RKC1ST6MPF3R7CO06,Sports Car,2016-06-28T10:19:13.4009089Z,69,455,76,5,34,29,66146,Seattle,73,0,0,0,sixth,0,0,0
8B03WU4IZMG22P8O6,Compact Car,2016-06-28T10:19:14.3175682Z,77,170,64,0,38,32,119081,Bellevue,51,1,1,1,fourth,1,1,1
CO8RA8SBH7WBRSHKU,Sports Car,2016-06-28T10:19:15.3567076Z,1,169,3,24,0,0,64426,Seattle,88,1,1,1,first,1,1,1
ABLFD9Q4RKEG5J53J,Sports Car,2016-06-28T10:19:16.2688059Z,66,450,73,39,33,28,29587,Seattle,97,1,1,1,sixth,1,1,1
SZWFD9SOG4J1FR2RG,Family Saloon,2016-06-28T10:19:17.0449422Z,97,430,94,35,49,47,124398,Bellevue,34,1,1,1,eight,1,1,1
3AXJPIE72TJRQVPAK,Hybrid,2016-06-28T10:19:17.8570571Z,49,27,11,35,24,15,144070,Redmond,36,0,0,0,first,0,0,0
I38QPV1VEQWYCS1LB,Station Wagon,2016-06-28T10:19:18.7835631Z,54,41,15,10,27,18,117468,Redmond,80,1,1,1,second,1,1,1
4D8XR9UQPDNJ4S52Q,Small SUV,2016-06-28T10:19:19.8834171Z,61,442,69,21,30,25,36093,Seattle,34,0,0,0,sixth,0,0,0
9VHGHL5VTVT0V9CDN,Station Wagon,2016-06-28T10:19:20.8610008Z,68,454,75,21,34,29,152946,Seattle,41,1,1,1,sixth,1,1,1
WNFQLEL3TXW5HS569,Sedan,2016-06-28T10:19:21.7233671Z,81,212,70,19,41,35,56889,Bellevue,77,1,1,1,fourth,1,1,1
75VT86IS1UV82VDDN,Sedan,2016-06-28T10:19:22.4981519Z,62,443,70,4,31,25,135356,Seattle,87,1,1,1,sixth,1,1,1
HFN5V4PWXEJLZN7UG,Compact Car,2016-06-28T10:19:23.4243936Z,65,450,73,37,33,27,94616,Seattle,9,1,1,1,sixth,1,1,1
ABLFD9Q4RKEG5J53J,Sports Car,2016-06-28T10:19:24.4905932Z,45,411,55,32,23,16,129294,Seattle,58,0,0,0,fifth,0,0,0
7YIRJQTQNNFONDY1M,Compact Car,2016-06-28T10:19:25.3527134Z,68,108,32,6,34,26,168661,Sammamish,62,1,1,1,third,1,1,1
1WEDGF0CYN07Q3SFR,Small SUV,2016-06-28T10:19:26.2259443Z,76,168,64,38,38,32,199766,Bellevue,55,1,1,1,fourth,1,1,1
7MJP9EZO47QMTEA0H,Large SUV,2016-06-28T10:19:27.1361379Z,66,91,49,31,33,25,14190,Bellevue,57,1,1,1,second,1,1,1
U7RVY64F7LH5Q43QL,Family Saloon,2016-06-28T10:19:27.9601957Z,94,389,83,38,47,45,124517,Redmond,45,0,0,0,seventh,0,0,0
FZFXAOR4KTU7UYV58,Sedan,2016-06-28T10:19:28.9207714Z,63,446,71,29,32,26,106356,Seattle,87,1,1,1,sixth,1,1,1
E0SI8MJDIVP127JPT,Sedan,2016-06-28T10:19:30.1133938Z,58,55,19,33,29,20,73282,Redmond,76,0,0,0,second,0,0,0
CWKWH6MOEIGGCIFTB,Station Wagon,2016-06-28T10:19:31.0392176Z,95,403,92,33,48,46,27271,Bellevue,79,0,0,0,seventh,0,0,0
T7MYH83IXFM9KFQ4T,Coupe,2016-06-28T10:19:32.4333699Z,47,413,56,19,23,17,162889,Seattle,63,1,1,1,fifth,1,1,1
WMSJFFWQQ822WHOEZ,Sedan,2016-06-28T10:19:33.3429505Z,96,410,92,23,48,46,199088,Bellevue,9,1,1,1,seventh,1,1,1
OALSP3KMR98N8IZ4Y,Hybrid,2016-06-28T10:19:34.8698588Z,63,446,71,5,32,26,228,Seattle,48,0,0,0,sixth,0,0,0
RZOHAGP3XN3VJH0MK,Convertible,2016-06-28T10:19:35.5222895Z,76,162,63,29,38,31,68310,Bellevue,18,0,0,0,fourth,0,0,0
YSHUK8KE32XMS6ADJ,Family Saloon,2016-06-28T10:19:36.7170700Z,1,178,4,3,0,0,88790,Seattle,25,0,0,0,first,0,0,0
TPB7QG9R0BZD96WES,Coupe,2016-06-28T10:19:37.5772132Z,94,380,82,0,47,45,173814,Redmond,24,0,0,0,seventh,0,0,0
CVWCOW1QMJB7D4ICU,Large SUV,2016-06-28T10:19:38.6240597Z,93,368,80,30,47,44,194539,Redmond,50,0,0,0,seventh,0,0,0
EGXJVWVK6FW73VD6U,Sedan,2016-06-28T10:19:39.5667320Z,59,439,68,3,30,24,80621,Seattle,56,1,1,1,sixth,1,1,1
8JCE184XS73HI2P28,Sedan,2016-06-28T10:19:40.5825927Z,78,181,66,8,39,33,152850,Bellevue,94,1,1,1,fourth,1,1,1
PH8KNPU33EJ06VMZJ,Sedan,2016-06-28T10:19:41.5701415Z,81,216,71,17,41,35,136291,Bellevue,83,0,0,0,fourth,0,0,0
TVRVQ3B6L1ZOL1S9O,Coupe,2016-06-28T10:19:42.6972418Z,64,83,47,21,32,24,155391,Bellevue,8,1,1,1,second,1,1,1
QTPQMOLNXTY90WV9E,Hybrid,2016-06-28T10:19:43.5766350Z,73,140,59,2,37,30,77608,Bellevue,88,1,1,1,third,1,1,1
QUV4ZGM5KYCV63WPZ,Hybrid,2016-06-28T10:19:44.7587453Z,100,493,99,7,50,50,143148,Redmond,12,1,1,1,eight,1,1,1
MP1N815EK24PK92OO,Compact Car,2016-06-28T10:19:45.7411629Z,3,209,7,35,1,0,94714,Seattle,77,0,0,0,first,0,0,0
DDIE8E5A1HM5DUKFC,Sports Car,2016-06-28T10:19:46.9726354Z,68,455,75,22,34,29,73097,Seattle,12,1,1,1,sixth,1,1,1
67OYQ3L7WFDZYLHVT,Small SUV,2016-06-28T10:19:48.0845128Z,56,434,65,19,28,22,59437,Seattle,60,0,0,0,fifth,0,0,0
LLQSI2W0ZU7T841BR,Compact Car,2016-06-28T10:19:49.2779335Z,70,457,76,17,35,30,129862,Seattle,28,0,0,0,sixth,0,0,0
0L7QGKYV0TEM1VL5S,Hybrid,2016-06-28T10:19:50.2937967Z,46,412,56,15,23,16,41389,Seattle,61,1,1,1,fifth,1,1,1
9UKLP6R8LBP4K4AO7,Family Saloon,2016-06-28T10:19:51.1445715Z,69,111,32,24,35,27,54942,Sammamish,79,1,1,1,third,1,1,1
QZ2UC2O6OC2RKAIN2,Family Saloon,2016-06-28T10:19:52.4170572Z,63,445,71,31,31,26,102562,Seattle,22,0,0,0,sixth,0,0,0
UFTWTAOXQ6NHYIYVS,Station Wagon,2016-06-28T10:19:53.3569086Z,61,67,43,3,30,22,642,Bellevue,62,1,1,1,second,1,1,1
J829EM7MF37EFK817,Compact Car,2016-06-28T10:19:54.4814052Z,98,451,93,11,49,48,31557,Redmond,94,0,0,0,eight,0,0,0
R3QDQTWDOTGBBOEFB,Convertible,2016-06-28T10:19:55.6649612Z,50,420,59,39,25,18,64826,Seattle,41,0,0,0,fifth,0,0,0
XXW0169ZOVK5YJ41O,Hybrid,2016-06-28T10:19:56.7435923Z,69,456,76,22,35,30,42117,Seattle,49,0,0,0,sixth,0,0,0
3UR1I6XW05CB2TZ1B,Hybrid,2016-06-28T10:19:57.7399473Z,58,54,19,6,29,20,69679,Redmond,29,0,0,0,second,0,0,0
C9SSOM1O2EV1H6CO8,Medium SUV,2016-06-28T10:19:58.5977938Z,98,454,93,4,49,48,182702,Redmond,10,1,1,1,eight,1,1,1
EHXYLTMEXTCE8LQ1X,Sedan,2016-06-28T10:19:59.6423777Z,97,442,95,4,49,48,140426,Bellevue,79,1,1,1,eight,1,1,1
K74WN2YFGCTUNOUI0,Sedan,2016-06-28T10:20:00.7682822Z,57,436,66,27,29,23,107724,Seattle,83,1,1,1,sixth,1,1,1
LNLAAIQWMT7JVMPMS,Large SUV,2016-06-28T10:20:01.6842737Z,80,202,69,5,40,34,148309,Bellevue,53,1,1,1,fourth,1,1,1
DVF1DSN9M8YEYD0MX,Hybrid,2016-06-28T10:20:07.6885798Z,96,416,93,27,48,47,47741,Bellevue,45,0,0,0,seventh,0,0,0
5NW1KSQ186UG3VL73,Sedan,2016-06-28T10:20:25.9407344Z,53,39,14,28,26,17,110515,Redmond,97,0,0,0,first,0,0,0
NJ09G7SCLOOYSVGF2,Family Saloon,2016-06-28T10:20:32.3452287Z,93,369,80,31,47,44,109797,Redmond,86,0,0,0,seventh,0,0,0
8ZL6C71I96SDSRFPR,Compact Car,2016-06-28T10:20:32.9911371Z,60,440,68,31,30,24,113519,Seattle,6,0,0,0,sixth,0,0,0
FFNXD2JLQPOBJEXU3,Sedan,2016-06-28T10:20:33.7525658Z,95,399,85,8,48,46,163857,Redmond,27,1,1,1,seventh,1,1,1
GHZE1IXGUO2ST98OX,Station Wagon,2016-06-28T10:20:34.4240032Z,97,440,95,35,49,48,129949,Bellevue,26,0,0,0,eight,0,0,0
R8POVGXBK9BZAGJXF,Station Wagon,2016-06-28T10:20:35.0539289Z,77,174,65,14,39,32,67856,Bellevue,5,0,0,0,fourth,0,0,0
FRE28NDSMFSAEW81N,Hybrid,2016-06-28T10:20:35.7297193Z,99,478,97,19,50,50,72418,Redmond,92,1,1,1,eight,1,1,1
OSEU4DUW9P9AI0Q05,Hybrid,2016-06-28T10:20:36.3719051Z,95,404,92,27,48,46,1046,Bellevue,55,0,0,0,seventh,0,0,0
Z3DS2HYFDFHC52R6E,Family Saloon,2016-06-28T10:20:37.0262001Z,49,418,58,35,24,18,2999,Seattle,70,1,1,1,fifth,1,1,1
4FYS6YC0K1RBI1EMB,Small SUV,2016-06-28T10:20:37.7292262Z,94,390,83,37,47,45,6994,Redmond,17,0,0,0,seventh,0,0,0
F6I074XTXONUKHF0Y,Sedan,2016-06-28T10:20:38.5651840Z,70,457,76,33,35,30,78603,Seattle,82,0,0,0,sixth,0,0,0
0GBRHQWAUQB1PL0TB,Sedan,2016-06-28T10:20:39.2302841Z,79,192,67,19,40,34,80949,Bellevue,83,0,0,0,fourth,0,0,0
X01DFHX2DGXDG15LD,Station Wagon,2016-06-28T10:20:39.9241686Z,65,89,49,18,33,24,70490,Bellevue,58,0,0,0,second,0,0,0
0AWR3XIDJ1U1BMKQA,Small SUV,2016-06-28T10:20:40.8119181Z,74,146,60,38,37,30,175020,Bellevue,91,0,0,0,third,0,0,0
4581ILMHUBBT4V42W,Sports Car,2016-06-28T10:20:41.7596617Z,65,86,48,19,32,24,105545,Bellevue,58,0,0,0,second,0,0,0
L6L8IVCZCYTE4QAJC,Sedan,2016-06-28T10:20:42.7421298Z,70,117,33,25,35,27,9199,Sammamish,72,0,0,0,third,0,0,0
CA2SA3WVDTEX70AT2,Hybrid,2016-06-28T10:20:43.9207891Z,52,425,61,0,26,20,25383,Seattle,54,1,1,1,fifth,1,1,1
ROGSIK4HFC6I1X8NA,Large SUV,2016-06-28T10:20:45.2167645Z,58,58,20,4,29,20,145174,Redmond,24,1,1,1,second,1,1,1
D9K3QP3W7CSWG2YQN,Sedan,2016-06-28T10:20:46.3645260Z,48,27,11,18,24,15,142567,Redmond,73,1,1,1,first,1,1,1
I1EJ2IW28L55S01MQ,Family Saloon,2016-06-28T10:20:47.5416735Z,75,152,61,20,37,31,188508,Bellevue,97,0,0,0,third,0,0,0
UW77H6R708EIE9OLS,Convertible,2016-06-28T10:20:48.4508505Z,64,448,72,21,32,27,119651,Seattle,35,1,1,1,sixth,1,1,1
ICIJUJDB3EZUSYX9F,Family Saloon,2016-06-28T10:20:49.5065747Z,1,170,3,16,0,0,105278,Seattle,96,1,1,1,first,1,1,1
HM2PUCY2VW99H5LJP,Family Saloon,2016-06-28T10:20:50.2710636Z,63,446,71,3,32,26,67676,Seattle,5,1,1,1,sixth,1,1,1
BCJUBBQW2ZXG21LKK,Convertible,2016-06-28T10:20:52.1280237Z,76,163,63,17,38,32,149998,Bellevue,92,0,0,0,fourth,0,0,0
GNKS5QY5DSG1RLGFD,Family Saloon,2016-06-28T10:20:53.2318728Z,76,169,64,26,38,32,8952,Bellevue,9,1,1,1,fourth,1,1,1
JYH8WLSXJY7SPORHG,Large SUV,2016-06-28T10:20:54.9572814Z,94,390,83,34,47,45,127081,Redmond,20,0,0,0,seventh,0,0,0
QK36C2W8Q1Z0VVH9V,Family Saloon,2016-06-28T10:20:56.9315543Z,80,201,69,4,40,34,145680,Bellevue,55,1,1,1,fourth,1,1,1
44W8XX7F29K8WBRDD,Station Wagon,2016-06-28T10:20:58.2306737Z,47,414,57,5,23,17,189087,Seattle,84,0,0,0,fifth,0,0,0
7FUAD80VBRB9214H3,Family Saloon,2016-06-28T10:21:00.3650980Z,2,196,6,22,1,0,101223,Seattle,90,1,1,1,first,1,1,1
6O32POOF1DXPOGKOQ,Sports Car,2016-06-28T10:21:01.2544826Z,46,412,56,27,23,17,78598,Seattle,36,1,1,1,fifth,1,1,1
49O1DXAVF8TWZF1YE,Hybrid,2016-06-28T10:21:02.2151639Z,76,164,63,6,38,32,104708,Bellevue,10,0,0,0,fourth,0,0,0
W82JOZO1VP3PYCVZS,Station Wagon,2016-06-28T10:21:03.0281138Z,55,431,64,26,27,21,167096,Seattle,41,1,1,1,fifth,1,1,1
GE11A2NXLHQIIG8AE,Large SUV,2016-06-28T10:21:04.8086302Z,51,422,60,31,25,19,189006,Seattle,29,1,1,1,fifth,1,1,1
IGF429FTUX7JONHV1,Small SUV,2016-06-28T10:21:05.7005917Z,46,413,56,33,23,17,124979,Seattle,21,1,1,1,fifth,1,1,1
M0VIPLM43BZXWB8FE,Hybrid,2016-06-28T10:21:07.1166672Z,77,174,65,15,39,32,122887,Bellevue,21,0,0,0,fourth,0,0,0
YZGFVGXXE5D8RBPP9,Large SUV,2016-06-28T10:21:08.1242123Z,95,406,92,38,48,46,139763,Bellevue,88,1,1,1,seventh,1,1,1
8NTGYTURD5U7DNX0Z,Family Saloon,2016-06-28T10:21:08.8876390Z,0,149,2,19,0,0,99044,Seattle,85,0,0,0,first,0,0,0
FRGVGVGL3KT7HF580,Sports Car,2016-06-28T10:21:09.7955146Z,72,134,58,33,36,29,179401,Bellevue,10,0,0,0,third,0,0,0
B8X141NZAW3LN78V2,Sedan,2016-06-28T10:21:10.4638260Z,77,169,64,27,38,32,121246,Bellevue,18,1,1,1,fourth,1,1,1
Z15QANZZEZH54WZU6,Coupe,2016-06-28T10:21:11.0993137Z,92,358,78,21,46,44,85163,Redmond,6,0,0,0,seventh,0,0,0
IY6LUS745I1Q4FAYK,Sedan,2016-06-28T10:21:11.9199619Z,81,212,70,12,41,35,167218,Bellevue,47,1,1,1,fourth,1,1,1
KL6L0A8IGL5OMNCLY,Family Saloon,2016-06-28T10:21:12.7638429Z,77,174,65,25,39,32,75295,Bellevue,70,0,0,0,fourth,0,0,0
NU0WAFTK6NZPOPBI8,Small SUV,2016-06-28T10:21:13.5482739Z,94,376,81,11,47,45,2879,Redmond,63,1,1,1,seventh,1,1,1
OB8R8LR5DUG79YSRA,Large SUV,2016-06-28T10:21:14.5417816Z,96,415,93,7,48,47,135121,Bellevue,51,0,0,0,seventh,0,0,0
047AM5NCA7MKLN5EX,Coupe,2016-06-28T10:21:15.3870939Z,93,373,80,25,47,45,190137,Redmond,28,1,1,1,seventh,1,1,1
XF1QTSNCM8M3SKNRX,Medium SUV,2016-06-28T10:21:16.2472744Z,48,417,58,39,24,18,94160,Seattle,87,1,1,1,fifth,1,1,1
XDTHX6ZQEAZ9UAP0E,Station Wagon,2016-06-28T10:21:17.0502728Z,68,107,31,33,34,26,3848,Sammamish,78,0,0,0,third,0,0,0
86P1ESMFO5MGSFRWG,Coupe,2016-06-28T10:21:17.8077554Z,50,30,12,17,25,15,175424,Redmond,35,0,0,0,first,0,0,0
D59K7AZQN8H5NZOO3,Compact Car,2016-06-28T10:21:18.5138663Z,74,147,60,22,37,30,188801,Bellevue,37,1,1,1,third,1,1,1
ZP9EJ1VLYOUQ6ENN2,Small SUV,2016-06-28T10:21:19.4293539Z,1,187,5,8,0,0,138412,Seattle,50,0,0,0,first,0,0,0
6NNDPGBHMT2Z5EIUS,Family Saloon,2016-06-28T10:21:20.3696034Z,49,418,58,31,24,18,185094,Seattle,65,0,0,0,fifth,0,0,0
PYIZRPZRK17XZVORE,Family Saloon,2016-06-28T10:21:21.3723361Z,100,486,98,10,50,50,4228,Redmond,10,0,0,0,eight,0,0,0
6JSA9PR2FFEZ9B2LF,Family Saloon,2016-06-28T10:21:22.2534006Z,79,195,68,3,40,34,143147,Bellevue,69,0,0,0,fourth,0,0,0
L9OY7NGVSM33WBJVM,Coupe,2016-06-28T10:21:22.9863678Z,98,451,96,5,49,48,177191,Bellevue,29,0,0,0,eight,0,0,0
UNUMU5XWQDNF51QXK,Compact Car,2016-06-28T10:21:23.7379486Z,69,456,76,38,35,30,116622,Seattle,34,0,0,0,sixth,0,0,0
N84TZENP3JCZREGW0,Family Saloon,2016-06-28T10:21:24.5230399Z,71,459,77,23,36,31,93696,Seattle,48,1,1,1,sixth,1,1,1
E5ASCK58MQ4XHZGML,Sports Car,2016-06-28T10:21:25.2933783Z,98,457,94,26,49,49,133843,Redmond,52,1,1,1,eight,1,1,1
9CRW18JAVJ6OQP9HY,Compact Car,2016-06-28T10:21:26.1679456Z,2,203,6,12,1,0,76840,Seattle,24,1,1,1,first,1,1,1
WXWZO85MMA5P6S7WD,Convertible,2016-06-28T10:21:27.2541214Z,52,426,62,17,26,20,34791,Seattle,39,1,1,1,fifth,1,1,1
NBUL247OFXI8HQ578,Family Saloon,2016-06-28T10:21:28.3918520Z,56,50,18,32,28,19,8632,Redmond,62,1,1,1,second,1,1,1
KXLB0BD1FWN7UUUIO,Sedan,2016-06-28T10:21:29.6689115Z,48,416,57,36,24,17,156611,Seattle,15,0,0,0,fifth,0,0,0
62EOXGR4HEQEVCVQ5,Hybrid,2016-06-28T10:21:30.4979037Z,51,34,13,7,26,16,155282,Redmond,82,1,1,1,first,1,1,1
PRPAQJ34XJIEUX9EB,Compact Car,2016-06-28T10:21:31.1781888Z,47,415,57,26,24,17,105423,Seattle,17,0,0,0,fifth,0,0,0
HJV6R91MS6O4SMRU6,Sports Car,2016-06-28T10:21:32.2461834Z,73,142,59,13,37,30,175746,Bellevue,52,0,0,0,third,0,0,0
NB5GRF1NFDQFXX235,Station Wagon,2016-06-28T10:21:33.1437825Z,62,443,70,17,31,25,48241,Seattle,17,1,1,1,sixth,1,1,1
0FK79C364GPTTN3AM,Compact Car,2016-06-28T10:21:33.8562994Z,98,461,94,19,49,49,174717,Redmond,70,0,0,0,eight,0,0,0
T98KSSMDKI84AK2LX,Hybrid,2016-06-28T10:21:34.5968775Z,92,355,78,18,46,44,149933,Redmond,13,0,0,0,seventh,0,0,0
RPMFD6YT62PA0UESF,Station Wagon,2016-06-28T10:21:35.3737723Z,98,459,94,19,49,49,47314,Redmond,2,1,1,1,eight,1,1,1
KJADSE8OD8UOLUD83,Hybrid,2016-06-28T10:21:36.1066233Z,76,161,63,38,38,31,104562,Bellevue,71,0,0,0,fourth,0,0,0
R4Z4XE4HO17N1CXDL,Sedan,2016-06-28T10:21:36.8100233Z,60,62,42,12,30,21,152159,Bellevue,23,0,0,0,second,0,0,0
86F315Y76ZY5LPGUD,Sedan,2016-06-28T10:21:37.5556698Z,100,498,100,33,50,50,172988,Redmond,57,0,0,0,eight,0,0,0
H2CF844QXV1STISIB,Small SUV,2016-06-28T10:21:38.2640679Z,67,100,30,8,34,26,120173,Sammamish,60,1,1,1,third,1,1,1
GWQUD3NB160HTMLR3,Station Wagon,2016-06-28T10:21:38.9242820Z,72,133,37,25,36,29,15143,Sammamish,61,0,0,0,third,0,0,0
X3QIVHZ4VBZIIMLJD,Family Saloon,2016-06-28T10:21:39.9007978Z,2,189,5,34,1,0,7483,Seattle,33,0,0,0,first,0,0,0
G2XP09WBQD4AH7E0X,Compact Car,2016-06-28T10:21:41.2006297Z,57,435,66,3,28,22,89986,Seattle,25,1,1,1,fifth,1,1,1
CDBW1WX1VXO8B2D4R,Station Wagon,2016-06-28T10:21:41.8176588Z,56,47,17,25,28,19,173282,Redmond,17,1,1,1,second,1,1,1
WM84H0CR2BS3MC29I,Sedan,2016-06-28T10:21:42.4669347Z,0,142,2,20,0,0,50792,Seattle,68,0,0,0,first,0,0,0
T3XWE1LQU2YPXQXKD,Family Saloon,2016-06-28T10:21:43.2091327Z,95,402,92,6,48,46,144595,Bellevue,0,0,0,0,seventh,0,0,0
AQ0PDD0RU6YY6YXTL,Sports Car,2016-06-28T10:21:44.0445424Z,76,167,64,0,38,32,58906,Bellevue,75,1,1,1,fourth,1,1,1
CK5UYNK4TNSS7YLHB,Large SUV,2016-06-28T10:21:45.3108170Z,94,379,81,11,47,45,185150,Redmond,49,0,0,0,seventh,0,0,0
KSVFZV35L2IBIBOEK,Hybrid,2016-06-28T10:21:46.0824565Z,94,387,83,5,47,45,114174,Redmond,31,1,1,1,seventh,1,1,1
5RYE5HF4KVV6SN6FC,Sports Car,2016-06-28T10:21:46.7935063Z,4,227,9,24,2,0,90097,Seattle,5,0,0,0,first,0,0,0
WTNEFT6RZZ140528D,Family Saloon,2016-06-28T10:21:47.4888299Z,72,135,58,7,36,29,134327,Bellevue,72,0,0,0,third,0,0,0
SHMQU0SQNKWLZQA4G,Hybrid,2016-06-28T10:21:48.1265123Z,63,77,46,20,31,23,160978,Bellevue,24,0,0,0,second,0,0,0
QROGT3LH39HZMDHPL,Hybrid,2016-06-28T10:21:48.9481908Z,77,177,65,27,39,33,32926,Bellevue,27,1,1,1,fourth,1,1,1
COMY3YBG1RMARHZVB,Sedan,2016-06-28T10:21:49.6264603Z,96,411,93,36,48,47,155954,Bellevue,39,1,1,1,seventh,1,1,1
Z713DU4BINI799FPF,Sedan,2016-06-28T10:21:50.3148293Z,92,357,78,2,46,44,187890,Redmond,56,0,0,0,seventh,0,0,0
YA03HPR45D97UV9HR,Hybrid,2016-06-28T10:21:51.4146089Z,69,112,33,11,35,27,140878,Sammamish,74,1,1,1,third,1,1,1
Z48A0CPYQX9DZBS68,Station Wagon,2016-06-28T10:21:52.6470685Z,99,478,97,38,50,50,76114,Redmond,28,1,1,1,eight,1,1,1
WNAYDQB61LZ83DQF0,Sedan,2016-06-28T10:21:53.2561649Z,59,438,67,21,29,23,150713,Seattle,79,1,1,1,sixth,1,1,1
54T67R4TX2PBD1ANZ,Hybrid,2016-06-28T10:21:53.8730900Z,94,382,82,8,47,45,154397,Redmond,63,0,0,0,seventh,0,0,0
KC2GLWCZB09OLXDSA,Sedan,2016-06-28T10:21:54.5574138Z,64,84,48,39,32,24,27391,Bellevue,16,1,1,1,second,1,1,1
0WR03RBQOIEE54NP1,Sports Car,2016-06-28T10:21:55.1932326Z,52,425,61,2,26,20,155802,Seattle,93,0,0,0,fifth,0,0,0
12TXJHH0ZCUTH7XN4,Hybrid,2016-06-28T10:21:55.8024667Z,67,98,29,25,33,25,106835,Sammamish,95,0,0,0,third,0,0,0
94WX2VGGWQYU3O1D4,Sedan,2016-06-28T10:21:56.4283833Z,93,368,80,6,47,44,78578,Redmond,34,0,0,0,seventh,0,0,0
I2EMSZN3YUNJPESY5,Medium SUV,2016-06-28T10:21:57.1227856Z,63,446,71,35,32,26,95219,Seattle,63,1,1,1,sixth,1,1,1
GUZPSIY96ALDXNWH4,Sedan,2016-06-28T10:21:58.2000191Z,96,415,93,36,48,47,113726,Bellevue,90,0,0,0,seventh,0,0,0
F9CT3R8M8E4ZAHJF6,Sedan,2016-06-28T10:21:58.8231081Z,74,152,61,20,37,31,34353,Bellevue,42,0,0,0,third,0,0,0
P5J920QYR88XN6RZ8,Station Wagon,2016-06-28T10:21:59.4411505Z,97,433,95,14,49,48,45383,Bellevue,75,1,1,1,eight,1,1,1
8Q0SLA97OMN4ID000,Hybrid,2016-06-28T10:22:00.1830464Z,96,423,94,5,48,47,181088,Bellevue,92,1,1,1,seventh,1,1,1
WQBVL9MRJQ3KM7LLN,Coupe,2016-06-28T10:22:00.9669670Z,97,431,94,30,49,47,73217,Bellevue,51,1,1,1,eight,1,1,1
00CHB6C2RKQ4B9BY7,Family Saloon,2016-06-28T10:22:01.5580713Z,62,74,45,30,31,23,123517,Bellevue,50,1,1,1,second,1,1,1
24Y4G28B6A39IGWJ8,Hybrid,2016-06-28T10:22:02.3413803Z,63,80,47,16,32,23,183037,Bellevue,89,0,0,0,second,0,0,0
PL239SH0GJM53U9UZ,Small SUV,2016-06-28T10:22:02.9185791Z,60,64,42,16,30,21,23164,Bellevue,16,1,1,1,second,1,1,1
96KHOAY9HM3AH94YP,Sedan,2016-06-28T10:22:03.6523243Z,59,438,67,5,29,23,28932,Seattle,56,1,1,1,sixth,1,1,1
VF6U9DVPK4DEVGOZE,Small SUV,2016-06-28T10:22:04.5806005Z,63,445,70,9,31,26,8513,Seattle,67,0,0,0,sixth,0,0,0
LK4HHV4W09W2CBMCV,Family Saloon,2016-06-28T10:22:05.4468969Z,78,186,66,14,39,33,198557,Bellevue,76,0,0,0,fourth,0,0,0
S0GNWQ26VOTE1X875,Family Saloon,2016-06-28T10:22:06.0323559Z,92,359,78,31,46,44,163764,Redmond,21,0,0,0,seventh,0,0,0
OY8HT9810UAG2Z0AI,Medium SUV,2016-06-28T10:22:06.6921590Z,80,202,69,18,40,34,81413,Bellevue,91,0,0,0,fourth,0,0,0
O0A2KNPWTFKNRZHL4,Family Saloon,2016-06-28T10:22:07.3519240Z,60,64,42,38,30,21,25009,Bellevue,71,1,1,1,second,1,1,1
MUE3029GHKVTAM76M,Compact Car,2016-06-28T10:22:08.1062908Z,0,33,0,2,0,0,96626,Seattle,70,1,1,1,first,1,1,1
YCI6PLHCLVWJPGD8T,Station Wagon,2016-06-28T10:22:10.4661005Z,98,455,94,10,49,49,53273,Redmond,53,1,1,1,eight,1,1,1
T6CFMS58CETEJEK08,Hybrid,2016-06-28T10:22:14.6995981Z,96,425,94,2,48,47,5203,Bellevue,99,0,0,0,seventh,0,0,0
ZVTOCRLBYKEB1Y5L9,Medium SUV,2016-06-28T10:22:15.7282280Z,81,214,70,13,41,35,98711,Bellevue,70,0,0,0,fourth,0,0,0
RC62AAEHWXOTGO8O4,Station Wagon,2016-06-28T10:22:16.5860663Z,93,371,80,27,47,45,127538,Redmond,15,0,0,0,seventh,0,0,0
JS7HE235I0V3N3XWY,Sports Car,2016-06-28T10:22:17.6460736Z,54,428,63,34,27,21,16679,Seattle,64,0,0,0,fifth,0,0,0
V8Q3A24AUBME1VX3N,Large SUV,2016-06-28T10:22:18.7855380Z,63,446,71,27,32,26,126433,Seattle,68,1,1,1,sixth,1,1,1
D1ZVY26UV2BFGHZNO,Hybrid,2016-06-28T10:22:19.6992307Z,100,500,100,8,50,50,130488,Redmond,77,0,0,0,eight,0,0,0
80YJYHAP7PBI71W1E,Sedan,2016-06-28T10:22:20.2938649Z,71,127,36,17,36,28,52543,Sammamish,36,0,0,0,third,0,0,0
0SFDY2KFNQBW372US,Sedan,2016-06-28T10:22:21.0426254Z,55,46,17,13,28,19,14447,Redmond,60,0,0,0,second,0,0,0
E690S50JPHBMKS9A5,Coupe,2016-06-28T10:22:21.6749279Z,0,137,2,18,0,0,101448,Seattle,36,0,0,0,first,0,0,0
7XY60FUTQIIMUM94S,Coupe,2016-06-28T10:22:22.3029304Z,47,413,56,32,23,17,43103,Seattle,92,1,1,1,fifth,1,1,1
46AW2QAOLGED7QYZB,Family Saloon,2016-06-28T10:22:23.1166639Z,70,457,76,28,35,30,36666,Seattle,82,0,0,0,sixth,0,0,0
GE3CIZYYOZYQZC6EY,Compact Car,2016-06-28T10:22:24.1699830Z,67,453,74,38,34,29,187450,Seattle,44,0,0,0,sixth,0,0,0
UF4KOIN8YE5HUJOOH,Family Saloon,2016-06-28T10:22:24.8496312Z,57,434,66,33,28,22,20830,Seattle,91,1,1,1,fifth,1,1,1
3BBWPTXR1JYFF03MV,Station Wagon,2016-06-28T10:22:25.4987058Z,81,217,71,23,41,36,105569,Bellevue,4,0,0,0,fourth,0,0,0
6P7LSZT1HRPU4BXQ2,Large SUV,2016-06-28T10:22:26.3199795Z,3,222,8,10,1,0,196801,Seattle,57,1,1,1,first,1,1,1
7HHGDTH9FK3U8O75R,Hybrid,2016-06-28T10:22:27.2046758Z,49,418,58,5,24,18,191994,Seattle,39,1,1,1,fifth,1,1,1
4U2ZPDG8X1HT37HGH,Hybrid,2016-06-28T10:22:27.8169922Z,66,451,73,1,33,28,12243,Seattle,31,1,1,1,sixth,1,1,1
24XAKKR4IG4CHU6Y6,Family Saloon,2016-06-28T10:22:28.4563052Z,52,425,61,28,26,20,177833,Seattle,78,0,0,0,fifth,0,0,0
O1307X7U862PLOHMD,Sedan,2016-06-28T10:22:29.1056781Z,98,460,94,28,49,49,142666,Redmond,30,0,0,0,eight,0,0,0
ZV42JTYUZYXLS0H7C,Small SUV,2016-06-28T10:22:29.8677746Z,52,35,13,32,26,16,90639,Redmond,4,1,1,1,first,1,1,1
26QZQ18BSM7Y2S6CT,Sports Car,2016-06-28T10:22:30.4613843Z,78,182,66,32,39,33,77663,Bellevue,90,0,0,0,fourth,0,0,0
WLJ9LSVNPL0NN8BRQ,Family Saloon,2016-06-28T10:22:31.0924893Z,99,468,96,6,50,49,193270,Redmond,51,1,1,1,eight,1,1,1
9SLOHMI7J66V06CID,Medium SUV,2016-06-28T10:22:31.6899655Z,51,32,13,18,25,16,191375,Redmond,49,1,1,1,first,1,1,1
H7KCB7KNGDF4WHRKX,Hybrid,2016-06-28T10:22:32.2921751Z,78,178,65,25,39,33,171389,Bellevue,84,1,1,1,fourth,1,1,1
3BK3YM06RLX0KK924,Compact Car,2016-06-28T10:22:32.9311803Z,70,117,33,31,35,27,43083,Sammamish,28,0,0,0,third,0,0,0
DFWNS3PFU0UA07BA8,Small SUV,2016-06-28T10:22:33.7360899Z,44,408,54,24,22,16,19991,Seattle,25,1,1,1,fifth,1,1,1
RBGDAYIX8UMUSOKLK,Sedan,2016-06-28T10:22:34.3562720Z,61,443,69,12,31,25,86103,Seattle,93,1,1,1,sixth,1,1,1
M1B5A0PBDAMANPG3Z,Sedan,2016-06-28T10:22:34.9647623Z,73,139,59,9,37,29,5090,Bellevue,58,1,1,1,third,1,1,1
Q8TJX3OL8OO2RDT55,Compact Car,2016-06-28T10:22:35.7143488Z,58,56,19,37,29,20,16566,Redmond,26,1,1,1,second,1,1,1
3EK7ENINYIPT50REH,Hybrid,2016-06-28T10:22:36.3213500Z,71,127,36,2,36,28,31731,Sammamish,45,1,1,1,third,1,1,1
NNLRTNV7UVZF1YJ5U,Hybrid,2016-06-28T10:22:36.9731519Z,1,176,4,21,0,0,76374,Seattle,89,0,0,0,first,0,0,0
C2X3EP6AAD3EF5LLN,Compact Car,2016-06-28T10:22:37.5742603Z,73,142,59,15,37,30,189652,Bellevue,83,0,0,0,third,0,0,0
0JBEYHJTOCFXP2TBZ,Large SUV,2016-06-28T10:22:38.3566805Z,74,149,61,34,37,30,112423,Bellevue,22,1,1,1,third,1,1,1
YCI6PLHCLVWJPGD8T,Station Wagon,2016-06-28T10:22:38.9726851Z,97,430,94,6,49,47,25571,Bellevue,87,1,1,1,eight,1,1,1
MYVVAH2PF3G4R97YZ,Family Saloon,2016-06-28T10:22:39.5697963Z,62,73,45,5,31,22,191347,Bellevue,91,1,1,1,second,1,1,1
5QGANO11A2I05EDCG,Hybrid,2016-06-28T10:22:40.1664214Z,46,412,56,1,23,16,129328,Seattle,70,1,1,1,fifth,1,1,1
FCF0E3HF6XCL82NGD,Convertible,2016-06-28T10:22:40.7994036Z,76,165,63,14,38,32,139762,Bellevue,89,0,0,0,fourth,0,0,0
41GT30RM1GYO0FIX9,Medium SUV,2016-06-28T10:22:41.6674510Z,58,55,19,23,29,20,22379,Redmond,68,1,1,1,second,1,1,1
QIR1GAZ7GU8IHUXKY,Compact Car,2016-06-28T10:22:42.2796146Z,71,126,36,30,36,28,45172,Sammamish,36,0,0,0,third,0,0,0
N3VP3KGLV7AZ7UDLF,Station Wagon,2016-06-28T10:22:42.8988516Z,95,402,92,8,48,46,99272,Bellevue,56,0,0,0,seventh,0,0,0
SN9B4T8ZJUOZS2KIP,Family Saloon,2016-06-28T10:22:43.4609273Z,99,476,97,23,50,49,18854,Redmond,0,0,0,0,eight,0,0,0
ZBPILQBJLHIMNRAIK,Hybrid,2016-06-28T10:22:44.0977636Z,71,123,35,31,35,28,195148,Sammamish,63,0,0,0,third,0,0,0
QVM7DRPWSMD9I48ZS,Large SUV,2016-06-28T10:22:44.6859191Z,94,380,82,8,47,45,109451,Redmond,60,0,0,0,seventh,0,0,0
U9OIY7EOWOI2YE72I,Station Wagon,2016-06-28T10:22:45.3259589Z,56,50,18,9,28,19,144530,Redmond,3,1,1,1,second,1,1,1
RZGW009FKIG9CPA5A,Hybrid,2016-06-28T10:22:45.9017770Z,52,35,13,26,26,16,91237,Redmond,38,1,1,1,first,1,1,1
59R9RL68LQPYH1BMO,Sedan,2016-06-28T10:22:46.5857232Z,48,416,57,2,24,17,56307,Seattle,24,0,0,0,fifth,0,0,0
FQNZEAYK3K2AUGTAC,Station Wagon,2016-06-28T10:22:47.1853271Z,96,417,93,34,48,47,119131,Bellevue,84,0,0,0,seventh,0,0,0
WTEMMD7N71XV47N65,Station Wagon,2016-06-28T10:22:47.8449433Z,77,170,64,30,38,32,126310,Bellevue,50,1,1,1,fourth,1,1,1
4LVQG6JEUZUUYJA7Q,Large SUV,2016-06-28T10:22:48.4665969Z,48,26,11,15,24,14,107695,Redmond,13,1,1,1,first,1,1,1
SELGWRJBJZJPSXNCJ,Sports Car,2016-06-28T10:22:49.2299759Z,70,457,77,25,35,30,9130,Seattle,63,1,1,1,sixth,1,1,1
ENV6MWSVGJWHI862W,Family Saloon,2016-06-28T10:22:49.8294147Z,77,177,65,2,39,33,15456,Bellevue,34,1,1,1,fourth,1,1,1
54T67R4TX2PBD1ANZ,Hybrid,2016-06-28T10:22:50.4466800Z,52,424,61,20,26,20,118295,Seattle,38,0,0,0,fifth,0,0,0
KNUVWH1HPMMKNR6SS,Large SUV,2016-06-28T10:22:51.0810885Z,79,193,67,7,40,34,92027,Bellevue,56,0,0,0,fourth,0,0,0
RU6FBG2O9QPC9E1WK,Convertible,2016-06-28T10:22:52.7097612Z,76,163,63,4,38,31,174179,Bellevue,31,0,0,0,fourth,0,0,0
EFC0K7GRCD7ZX4ZD7,Sports Car,2016-06-28T10:22:53.7274300Z,60,441,69,33,30,24,49704,Seattle,78,0,0,0,sixth,0,0,0
U99KDNOMCUJEMGEVB,Sedan,2016-06-28T10:22:54.4820487Z,80,204,69,5,40,35,139719,Bellevue,5,0,0,0,fourth,0,0,0
R8POVGXBK9BZAGJXF,Station Wagon,2016-06-28T10:22:55.0726221Z,94,380,82,1,47,45,195225,Redmond,70,0,0,0,seventh,0,0,0
8VQ55HY24PEK6FFSP,Family Saloon,2016-06-28T10:22:55.6849464Z,80,204,69,23,40,35,20776,Bellevue,25,0,0,0,fourth,0,0,0
0B9G6DYLB16D4YPWK,Hybrid,2016-06-28T10:22:56.3081948Z,100,494,100,32,50,50,198388,Redmond,62,1,1,1,eight,1,1,1
Q8NAOC6OHI5UY38A8,Hybrid,2016-06-28T10:22:56.9204061Z,56,50,17,37,28,19,39787,Redmond,24,1,1,1,second,1,1,1
01HSMSXASEXY5F20T,Coupe,2016-06-28T10:22:57.5145254Z,80,201,69,8,40,34,161112,Bellevue,74,1,1,1,fourth,1,1,1
7JPZBR17NL50GR35D,Family Saloon,2016-06-28T10:22:58.1676304Z,60,63,42,2,30,21,149960,Bellevue,52,0,0,0,second,0,0,0
LJWMETOFSOODVNP2C,Hybrid,2016-06-28T10:22:59.0698923Z,81,215,71,8,41,35,166083,Bellevue,8,0,0,0,fourth,0,0,0
3AWZA6QNG8I9KXYZ4,Sedan,2016-06-28T10:22:59.7003842Z,0,132,1,10,0,0,87618,Seattle,26,0,0,0,first,0,0,0
S6Y7OZM8NPU53MJGD,Sedan,2016-06-28T10:23:00.3404944Z,97,433,95,1,49,48,153082,Bellevue,0,1,1,1,eight,1,1,1
ZTOHDD9J9WRR9V6AM,Family Saloon,2016-06-28T10:23:00.9338066Z,62,75,45,35,31,23,135479,Bellevue,45,1,1,1,second,1,1,1
MZYUIRAKGOTGXTBLV,Hybrid,2016-06-28T10:23:01.6401558Z,80,203,69,8,40,35,187792,Bellevue,93,0,0,0,fourth,0,0,0
SZ0IU82I78EXJI8EO,Hybrid,2016-06-28T10:23:02.4201479Z,81,210,70,9,41,35,67562,Bellevue,37,1,1,1,fourth,1,1,1
V87NH80QVOE38J1P6,Hybrid,2016-06-28T10:23:03.1386952Z,52,35,13,39,26,16,101119,Redmond,99,0,0,0,first,0,0,0
77H1ENXI4HD127U7G,Coupe,2016-06-28T10:23:03.7899584Z,95,395,84,37,48,46,149243,Redmond,51,1,1,1,seventh,1,1,1
ELJL4ACAAB8W2KME9,Station Wagon,2016-06-28T10:23:06.3389587Z,78,186,66,18,39,33,35200,Bellevue,48,0,0,0,fourth,0,0,0
XRC8M9SAL1XLB11MZ,Hybrid,2016-06-28T10:23:06.9599717Z,99,473,96,0,50,49,171959,Redmond,37,0,0,0,eight,0,0,0
TEAWETU46XYQWOE2R,Large SUV,2016-06-28T10:23:07.5584148Z,68,106,31,28,34,26,53050,Sammamish,95,0,0,0,third,0,0,0
NG1UDZWISW1I2HJXM,Convertible,2016-06-28T10:23:08.1398281Z,65,88,49,7,33,24,144326,Bellevue,39,0,0,0,second,0,0,0
29JD767W5IJ4NKK9R,Large SUV,2016-06-28T10:23:08.7882247Z,99,469,96,13,50,49,132647,Redmond,10,1,1,1,eight,1,1,1
I0SXGXIBU2K45UM4F,Convertible,2016-06-28T10:23:09.3843382Z,68,103,30,32,34,26,82203,Sammamish,28,1,1,1,third,1,1,1
QD8LX5SZND9TTXK4E,Hybrid,2016-06-28T10:23:10.0091658Z,93,374,81,18,47,45,87975,Redmond,39,1,1,1,seventh,1,1,1
BT1VLX6KY36H8415H,Hybrid,2016-06-28T10:23:10.6223103Z,99,465,95,17,50,49,188475,Redmond,41,1,1,1,eight,1,1,1
DTQWSOJD0DK5KE4VB,Small SUV,2016-06-28T10:23:11.2528881Z,95,392,84,10,47,46,142265,Redmond,7,0,0,0,seventh,0,0,0
NTAIA152P4X2TM20S,Hybrid,2016-06-28T10:23:11.8958987Z,59,58,41,7,29,20,140819,Bellevue,6,1,1,1,second,1,1,1
T5ZRYHEZFRW20UNF1,Station Wagon,2016-06-28T10:23:12.6352740Z,57,51,18,22,28,19,111148,Redmond,39,0,0,0,second,0,0,0
AQ12U7KYTYX6C83WZ,Hybrid,2016-06-28T10:23:13.2356139Z,70,121,34,15,35,28,40729,Sammamish,45,1,1,1,third,1,1,1
15KQ409M45LPB9LDP,Sedan,2016-06-28T10:23:13.8405558Z,57,435,66,4,29,23,91828,Seattle,97,1,1,1,sixth,1,1,1
6W3HBH15X7BPOBTC7,Medium SUV,2016-06-28T10:23:14.4648378Z,56,48,17,25,28,19,77779,Redmond,47,1,1,1,second,1,1,1
XF93A5HNUMQF3W7XN,Sports Car,2016-06-28T10:23:15.1678449Z,77,171,64,35,39,32,120616,Bellevue,29,1,1,1,fourth,1,1,1
1HQO6IID9ZCK9G2M4,Station Wagon,2016-06-28T10:23:15.9892945Z,100,487,98,18,50,50,123793,Redmond,93,0,0,0,eight,0,0,0
5LK5NMJ0KR8I40R5W,Sports Car,2016-06-28T10:23:16.8212791Z,48,417,58,34,24,18,134287,Seattle,91,1,1,1,fifth,1,1,1
XLL7M1X0KNCU1KGI6,Sports Car,2016-06-28T10:23:17.5522475Z,46,413,56,25,23,17,135463,Seattle,34,1,1,1,fifth,1,1,1
2V539CX61ZYD7KNV6,Family Saloon,2016-06-28T10:23:18.1491731Z,72,130,36,23,36,29,151676,Sammamish,55,1,1,1,third,1,1,1
7R7RV52DIV93KSE6V,Sedan,2016-06-28T10:23:18.7992014Z,50,420,59,0,25,19,61011,Seattle,49,0,0,0,fifth,0,0,0
QYLG8TW6AW5M1OJAQ,Sedan,2016-06-28T10:23:19.5022004Z,95,397,84,39,48,46,23937,Redmond,63,1,1,1,seventh,1,1,1
5IXDJ663BLAJHNQGN,Large SUV,2016-06-28T10:23:20.3256980Z,1,181,4,38,0,0,25404,Seattle,63,0,0,0,first,0,0,0
SP37LD9CY7DRM67GL,Hybrid,2016-06-28T10:23:20.9139525Z,73,144,60,9,37,30,7494,Bellevue,82,0,0,0,third,0,0,0
7617JF4GMF010GH8R,Sedan,2016-06-28T10:23:21.5960244Z,67,99,30,16,34,26,98228,Sammamish,88,1,1,1,third,1,1,1
RHCWKSLSM7F1H8D7J,Medium SUV,2016-06-28T10:23:22.2384209Z,55,45,16,24,27,18,121556,Redmond,12,0,0,0,second,0,0,0
M9PIYN8O6X6VA8PMX,Large SUV,2016-06-28T10:23:22.9730052Z,54,428,63,11,27,21,194273,Seattle,63,0,0,0,fifth,0,0,0
XZ0VJMLS9UER7EUVF,Convertible,2016-06-28T10:23:23.5770402Z,98,451,96,4,49,48,66256,Bellevue,69,0,0,0,eight,0,0,0
XBQVIDCXURX63X51P,Convertible,2016-06-28T10:23:24.1667161Z,65,88,49,33,33,24,44289,Bellevue,1,0,0,0,second,0,0,0
JEB8DEZEGAQGUH3GX,Station Wagon,2016-06-28T10:23:24.9601932Z,55,431,64,4,28,21,8572,Seattle,59,1,1,1,fifth,1,1,1
9SIVI9TF4VPA6DVEW,Sedan,2016-06-28T10:23:25.5760893Z,93,364,79,39,47,44,188939,Redmond,81,1,1,1,seventh,1,1,1
XNRKBVMNWWI9E6AGM,Hybrid,2016-06-28T10:23:26.1452294Z,69,455,75,1,34,29,11743,Seattle,25,1,1,1,sixth,1,1,1
6AC5GGXG3ZXT9I1IW,Compact Car,2016-06-28T10:23:26.7483821Z,2,203,6,34,1,0,150885,Seattle,23,1,1,1,first,1,1,1
7Q7708FOQJAZWZBE6,Station Wagon,2016-06-28T10:23:27.5295416Z,3,219,8,35,1,0,121608,Seattle,63,1,1,1,first,1,1,1
6PZA74LJ9B237ALK7,Family Saloon,2016-06-28T10:23:28.1543101Z,52,425,61,7,26,20,156778,Seattle,96,0,0,0,fifth,0,0,0
8QZT8BMSONWOHU64W,Large SUV,2016-06-28T10:23:28.7452261Z,97,441,95,19,49,48,40378,Bellevue,87,0,0,0,eight,0,0,0
S8EBJVBDBHYFZGN9Z,Sedan,2016-06-28T10:23:29.3424874Z,64,81,47,17,32,23,149878,Bellevue,3,1,1,1,second,1,1,1
6QLISR018O06X8K44,Hybrid,2016-06-28T10:23:30.3700431Z,95,407,92,0,48,46,46466,Bellevue,48,1,1,1,seventh,1,1,1
742CAH7SYP28NVW4M,Hybrid,2016-06-28T10:23:32.0029328Z,56,47,17,36,28,19,107738,Redmond,96,1,1,1,second,1,1,1
E2K0IIX2CVW54XMJF,Coupe,2016-06-28T10:23:33.0706266Z,99,475,97,31,50,49,80138,Redmond,67,0,0,0,eight,0,0,0
15G5IEC3I0K52JC11,Hybrid,2016-06-28T10:23:35.9475920Z,98,458,94,28,49,49,5182,Redmond,57,1,1,1,eight,1,1,1
ZEPHDAXLPDC5U7AVQ,Hybrid,2016-06-28T10:23:45.1343787Z,100,484,98,3,50,50,117610,Redmond,0,0,0,0,eight,0,0,0
9LQXO66DD8Z3QHXMH,Family Saloon,2016-06-28T10:24:01.7553950Z,69,115,33,23,35,27,121050,Sammamish,40,0,0,0,third,0,0,0
1AC50EAIKTGQKI7IK,Large SUV,2016-06-28T10:24:02.3385761Z,67,97,29,2,33,25,115158,Sammamish,85,0,0,0,third,0,0,0
VQMH5V7MYYJWX6SRN,Sedan,2016-06-28T10:24:02.9991995Z,99,481,97,2,50,50,36178,Redmond,28,1,1,1,eight,1,1,1
FZIH1JEOAGXYYJBNN,Small SUV,2016-06-28T10:24:03.6799051Z,76,164,63,1,38,32,48155,Bellevue,58,0,0,0,fourth,0,0,0
1KWRM647UC6E6898L,Sedan,2016-06-28T10:24:04.3553253Z,99,466,95,10,50,49,174249,Redmond,20,1,1,1,eight,1,1,1
