vin,model,timestamp,outsidetemperature,enginetemperature,speed,fuel,engineoil,tirepressure,odometer,city,accelerator_pedal_position,parking_brake_status,headlamp_status,brake_pedal_status,transmission_gear_position,ignition_status,windshield_wiper_status,abs
JT68XQJP6G4OQTB30,Medium SUV,2016-12-08T08:46:39.6667320Z,94,55,95,14,33,25,2414,Bellevue,41,0,0,0,third,0,0,0
BI17IAKKRCY0G97KV,Compact Car,2016-12-08T08:46:52.7820626Z,43,420,76,35,35,30,71905,Seattle,87,0,0,0,sixth,0,0,0
YQ48DUPIZQQU8MAXQ,Sports Car,2016-12-08T08:46:53.7313739Z,3,54,64,34,27,21,46163,Seattle,12,1,1,1,fifth,1,1,1
X8RRIWHKUMN9RDYX7,Family Saloon,2016-12-08T08:46:54.7911733Z,0,401,95,25,50,49,8891,Redmond,39,1,1,1,eight,1,1,1
I38QPV1VEQWYCS1LB,Station Wagon,2016-12-08T08:46:55.6041994Z,66,483,18,17,28,19,178235,Redmond,13,0,0,0,second,0,0,0
N3PI8UMX2FKPBSLKJ,Station Wagon,2016-12-08T08:46:56.5868787Z,87,155,62,19,38,31,40864,Bellevue,53,1,1,1,fourth,1,1,1
MC2RJW15DJKLY55IT,Large SUV,2016-12-08T08:46:56.0977905Z,9,218,56,21,23,17,81017,Seattle,27,1,1,1,fifth,1,1,1
YRM9L7QI29XLA4F9I,Coupe,2016-12-08T08:46:57.5813472Z,43,48,83,39,47,45,49020,Redmond,68,1,1,1,seventh,1,1,1
LQAFL1XOEVIUXRSQ8,Coupe,2016-12-08T08:46:57.0835945Z,87,5,63,22,27,21,160027,Seattle,96,0,0,0,fifth,0,0,0
1YMQ0BFVRT18IAYQJ,Family Saloon,2016-12-08T08:46:58.5712822Z,22,270,94,28,48,47,21785,Bellevue,26,0,0,0,seventh,0,0,0
08UDLTED0M86OIB0Q,Small SUV,2016-12-08T08:46:58.0725163Z,46,450,2,28,0,0,123982,Seattle,34,0,0,0,first,0,0,0
FLY37HU3MGAAQ0JTD,Sports Car,2016-12-08T08:46:59.5946169Z,30,402,2,10,0,0,168689,Seattle,16,0,0,0,first,0,0,0
YWKAAXWVPOZPOG5GH,Sedan,2016-12-08T08:46:59.0832522Z,99,316,67,33,39,33,140223,Bellevue,35,1,1,1,fourth,1,1,1
CG7TF9695SQWL3MQD,Coupe,2016-12-08T08:47:00.5818399Z,79,422,10,30,2,0,36751,Seattle,94,1,1,1,first,1,1,1
7YNYU5G3O35F2B7CG,Hybrid,2016-12-08T08:47:00.0883091Z,17,433,48,0,32,24,142782,Bellevue,46,1,1,1,second,1,1,1
4VYFUKF309ODSIA48,Hybrid,2016-12-08T08:47:01.5912650Z,8,385,94,29,48,47,25056,Bellevue,80,1,1,1,seventh,1,1,1
20OM0N8R8O0XRYF36,Coupe,2016-12-08T08:47:01.0865150Z,43,128,33,38,35,27,6198,Sammamish,98,0,0,0,third,0,0,0
9DMCVNZI6MQVB7OH0,Hybrid,2016-12-08T08:47:02.5801439Z,7,309,94,29,49,49,67294,Redmond,44,0,0,0,eight,0,0,0
XTPYLQ18JTDIZNGG1,Hybrid,2016-12-08T08:47:02.0783585Z,88,364,75,29,34,29,35680,Seattle,94,1,1,1,sixth,1,1,1
BP3UZX05XWH9WBTWM,Hybrid,2016-12-08T08:47:03.5672559Z,68,403,100,27,50,50,93508,Redmond,26,0,0,0,eight,0,0,0
64VS0PMUDTSPEAOQM,Family Saloon,2016-12-08T08:47:03.0753611Z,44,253,17,3,28,19,134866,Redmond,31,1,1,1,second,1,1,1
JEUZUK4OIFESWTXWV,Hybrid,2016-12-08T08:47:04.5655789Z,64,25,65,2,39,33,135124,Bellevue,83,1,1,1,fourth,1,1,1
P1H6Z2D0ETZHF7PIA,Family Saloon,2016-12-08T08:47:04.0725799Z,84,135,60,32,26,19,53219,Seattle,75,0,0,0,fifth,0,0,0
T3O1O16EMALVVNQG3,Hybrid,2016-12-08T08:47:05.5637889Z,63,48,93,32,48,47,97646,Bellevue,58,0,0,0,seventh,0,0,0
BRINTZ06PSOMKMUIH,Family Saloon,2016-12-08T08:47:05.0626321Z,29,308,67,36,29,23,174263,Seattle,10,0,0,0,sixth,0,0,0
WYNIIY42VKV6OQS1J,Large SUV,2016-12-08T08:47:06.5577297Z,63,206,31,18,34,26,129187,Sammamish,32,0,0,0,third,0,0,0
W7T7DB981J1SR6ZNS,Large SUV,2016-12-08T08:47:06.0570636Z,91,204,8,18,1,0,63228,Seattle,44,1,1,1,first,1,1,1
D9I3LVN39UJEUI8L4,Large SUV,2016-12-08T08:47:07.5591059Z,41,386,73,26,33,27,69678,Seattle,38,1,1,1,sixth,1,1,1
N2KT262TRT2Y4UOEL,Station Wagon,2016-12-08T08:47:07.0540712Z,5,406,68,34,30,24,68657,Seattle,69,0,0,0,sixth,0,0,0
9L8C15C6NR9I5FL1E,Sports Car,2016-12-08T08:47:08.5619574Z,28,180,15,27,27,18,68859,Redmond,34,1,1,1,second,1,1,1
UE7IJFF52UWFPYHNF,Station Wagon,2016-12-08T08:47:08.0619027Z,52,406,96,28,49,48,73267,Bellevue,83,0,0,0,eight,0,0,0
MRP6FZ9E3J7O8VGRP,Compact Car,2016-12-08T08:47:09.5495600Z,27,322,74,11,34,28,45483,Seattle,81,0,0,0,sixth,0,0,0
Z4IQ7SE5OZM3MR8JM,Sedan,2016-12-08T08:47:09.0586942Z,93,162,58,24,36,29,11281,Bellevue,3,0,0,0,third,0,0,0
1B31SNNXU1XAJ4WDQ,Sedan,2016-12-08T08:47:10.5459767Z,80,284,17,1,28,19,152193,Redmond,79,1,1,1,second,1,1,1
MDO03JK04P6N2HV6U,Small SUV,2016-12-08T08:47:10.0536307Z,46,145,94,16,49,49,83918,Redmond,6,1,1,1,eight,1,1,1
4B7IS0TDSIBKVJC82,Sedan,2016-12-08T08:47:11.5839393Z,98,357,78,18,46,44,101918,Redmond,40,1,1,1,seventh,1,1,1
WMTEMQRHUH552HGS1,Station Wagon,2016-12-08T08:47:11.0322175Z,29,136,100,23,50,50,57655,Redmond,36,0,0,0,eight,0,0,0
UQGI6VUKH4URYSS64,Large SUV,2016-12-08T08:47:12.5688084Z,40,147,85,0,48,46,82102,Redmond,90,1,1,1,seventh,1,1,1
HGFTZQBNT3U6S3B1O,Convertible,2016-12-08T08:47:12.0754421Z,78,181,98,29,50,50,50401,Redmond,7,0,0,0,eight,0,0,0
0NCAORXGCS7WQLOQ1,Station Wagon,2016-12-08T08:47:14.1786436Z,32,87,94,21,49,49,196876,Redmond,75,0,0,0,eight,0,0,0
1P5E9S2K8QTE69OY7,Large SUV,2016-12-08T08:47:13.1138197Z,77,432,63,11,27,21,175477,Seattle,54,0,0,0,fifth,0,0,0
C2X3EP6AAD3EF5LLN,Compact Car,2016-12-08T08:47:14.9833110Z,84,491,17,11,28,19,63534,Redmond,24,1,1,1,second,1,1,1
O2BP2GUZ5NTPXT0AQ,Medium SUV,2016-12-08T08:47:16.4025557Z,82,477,4,35,0,0,6311,Seattle,63,0,0,0,first,0,0,0
BGM7VL0JVJCPYDN72,Family Saloon,2016-12-08T08:47:17.8637096Z,62,444,14,14,26,17,7097,Redmond,51,0,0,0,first,0,0,0
AVJDW4GF1NQ2BIDJE,Family Saloon,2016-12-08T08:47:17.3320729Z,7,275,73,19,33,28,57396,Seattle,35,1,1,1,sixth,1,1,1
Z4DCRPF5BA7QXDT12,Hybrid,2016-12-08T08:47:19.1142771Z,83,399,17,24,28,19,194659,Redmond,40,1,1,1,second,1,1,1
BW1QH9DDVH5TYFG4E,Hybrid,2016-12-08T08:47:18.5374561Z,67,54,43,6,30,21,137313,Bellevue,18,1,1,1,second,1,1,1
8QH0CEP5R3KQU2XMG,Coupe,2016-12-08T08:47:20.5593541Z,66,369,48,9,32,24,117322,Bellevue,80,1,1,1,second,1,1,1
BUH4CXR94R6VAI3ZO,Small SUV,2016-12-08T08:47:19.6912054Z,45,45,13,2,26,16,181139,Redmond,58,1,1,1,first,1,1,1
MHDOA1MMV27NO7I19,Family Saloon,2016-12-08T08:47:22.5980198Z,39,403,82,18,47,45,157481,Redmond,64,0,0,0,seventh,0,0,0
RVSSAMTHEE6DZJWIM,Station Wagon,2016-12-08T08:47:21.8877158Z,28,18,57,32,23,17,7151,Seattle,36,0,0,0,fifth,0,0,0
6B9A9WQILUQ4GTCA8,Family Saloon,2016-12-08T08:47:23.9354482Z,9,50,65,5,39,32,79631,Bellevue,83,0,0,0,fourth,0,0,0
3AXTOTXDH60ZY077P,Sports Car,2016-12-08T08:47:23.3421177Z,92,70,65,30,28,22,130173,Seattle,19,0,0,0,fifth,0,0,0
5TGD45M2PBDGZMG90,Family Saloon,2016-12-08T08:47:24.9426219Z,26,45,92,12,48,46,37079,Bellevue,40,1,1,1,seventh,1,1,1
CY8W70AGDA349BSNH,Medium SUV,2016-12-08T08:47:24.4379266Z,44,359,66,12,29,23,84493,Seattle,37,1,1,1,sixth,1,1,1
XM58F29BK7BQ0LTSS,Family Saloon,2016-12-08T08:47:26.2946880Z,62,334,58,18,36,29,184460,Bellevue,98,0,0,0,third,0,0,0
WE9YLC1VHIA8IYWQ4,Family Saloon,2016-12-08T08:47:25.4448939Z,40,400,7,17,1,0,147472,Seattle,58,0,0,0,first,0,0,0
24EC4XN46W55NGXDL,Coupe,2016-12-08T08:47:27.4425980Z,17,4,96,21,49,48,77858,Bellevue,48,1,1,1,eight,1,1,1
NR1AHM2BN87J23AV6,Family Saloon,2016-12-08T08:47:28.6042286Z,84,443,43,8,30,22,112704,Bellevue,59,1,1,1,second,1,1,1
RRWO5W56S7ANXUCP2,Large SUV,2016-12-08T08:47:30.4023839Z,82,368,99,29,50,50,124058,Redmond,24,1,1,1,eight,1,1,1
3BBWPTXR1JYFF03MV,Station Wagon,2016-12-08T08:47:29.5215662Z,56,485,3,17,0,0,137668,Seattle,51,1,1,1,first,1,1,1
5QNO3F92BPWRIAYSQ,Hybrid,2016-12-08T08:47:31.8886588Z,80,259,81,29,47,45,172511,Redmond,24,1,1,1,seventh,1,1,1
0IO7MI2D39D8WOE7J,Coupe,2016-12-08T08:47:31.2137655Z,40,180,74,20,34,28,107780,Seattle,76,0,0,0,sixth,0,0,0
XJJJZP9XXW3JFVAPE,Hybrid,2016-12-08T08:47:33.2202270Z,94,422,60,8,25,19,159200,Seattle,17,1,1,1,fifth,1,1,1
YW9X8Z9KLI8JA0FFZ,Compact Car,2016-12-08T08:47:32.5432226Z,23,439,71,24,41,35,120347,Bellevue,33,0,0,0,fourth,0,0,0
Y7LBILNT9PRTTZCXH,Sedan,2016-12-08T08:47:34.7038477Z,70,279,92,30,48,46,30369,Bellevue,98,1,1,1,seventh,1,1,1
CZE6IBYPGJ0KRLSBJ,Hybrid,2016-12-08T08:47:34.0112251Z,17,470,95,5,50,49,180546,Redmond,9,0,0,0,eight,0,0,0
RIXA83JDGJ63UO86D,Large SUV,2016-12-08T08:47:36.2471437Z,90,350,5,29,1,0,13104,Seattle,45,0,0,0,first,0,0,0
4W5SZGAL7ZWK0VNV3,Hybrid,2016-12-08T08:47:35.4419800Z,18,154,34,4,35,28,8393,Sammamish,75,1,1,1,third,1,1,1
28IMN5RBPN0OV68E6,Medium SUV,2016-12-08T08:47:37.6779031Z,18,302,94,7,49,49,181765,Redmond,36,1,1,1,eight,1,1,1
O74X1YM6MZSENV045,Sedan,2016-12-08T08:47:37.0411442Z,94,112,64,15,39,32,45327,Bellevue,67,0,0,0,fourth,0,0,0
AKO861TFJUCRRDRES,Large SUV,2016-12-08T08:47:39.4179064Z,59,40,41,35,30,21,95604,Bellevue,41,0,0,0,second,0,0,0
XSZAFN2I5V2EDRN1Z,Convertible,2016-12-08T08:47:38.2856829Z,1,452,10,16,24,14,97448,Redmond,15,1,1,1,first,1,1,1
DWHUS8ODM1CQSZHRY,Sedan,2016-12-08T08:47:40.4109822Z,88,52,49,19,33,24,101575,Bellevue,95,0,0,0,second,0,0,0
VE48CAR1OTQWPEGGZ,Compact Car,2016-12-08T08:47:39.9227082Z,39,450,62,3,38,31,26748,Bellevue,88,1,1,1,fourth,1,1,1
955XGSPNC4WH48HUH,Station Wagon,2016-12-08T08:47:41.4340663Z,93,137,93,37,48,47,57710,Bellevue,2,0,0,0,seventh,0,0,0
UA6UTAHGXQJV0XLIG,Convertible,2016-12-08T08:47:40.9276328Z,84,238,83,35,47,45,74132,Redmond,96,1,1,1,seventh,1,1,1
BXNRL23K7B4W8C9G3,Compact Car,2016-12-08T08:47:42.4095612Z,75,233,11,32,24,15,73753,Redmond,83,1,1,1,first,1,1,1
LXPRD7ID98LE7B1WP,Hybrid,2016-12-08T08:47:41.9201131Z,64,210,48,21,33,24,8603,Bellevue,46,0,0,0,second,0,0,0
NE5T8PCRLQ3O0V20A,Small SUV,2016-12-08T08:47:43.4736344Z,34,253,65,37,39,33,111094,Bellevue,63,1,1,1,fourth,1,1,1
GKI6RTCG0DC7CXD2O,Station Wagon,2016-12-08T08:47:42.9276492Z,30,25,69,28,30,25,142939,Seattle,2,0,0,0,sixth,0,0,0
PGGCTO2VLSWPW8IIM,Family Saloon,2016-12-08T08:47:44.4488216Z,8,53,70,34,41,35,48038,Bellevue,48,0,0,0,fourth,0,0,0
1BYI0S4IZJ0ZW6L1L,Small SUV,2016-12-08T08:47:43.9609827Z,80,113,32,4,34,27,101372,Sammamish,54,1,1,1,third,1,1,1
NOS41GUDQQ67Q87JI,Large SUV,2016-12-08T08:47:45.4543063Z,6,240,93,25,49,48,21084,Redmond,6,0,0,0,eight,0,0,0
IGRZG8C2KM6GCA0TH,Compact Car,2016-12-08T08:47:44.9540601Z,93,420,73,25,33,28,21744,Seattle,75,1,1,1,sixth,1,1,1
XS2FBLTAB9QRH780N,Compact Car,2016-12-08T08:47:46.4733611Z,90,46,73,31,33,27,171560,Seattle,24,1,1,1,sixth,1,1,1
W1FOG7PBH66FRN3GX,Family Saloon,2016-12-08T08:47:45.9757400Z,66,111,70,9,41,35,135883,Bellevue,94,1,1,1,fourth,1,1,1
FSDQ4X3FP6R6HIQ5R,Family Saloon,2016-12-08T08:47:47.4730168Z,90,33,15,22,27,18,49529,Redmond,78,1,1,1,second,1,1,1
D80AUFIV83HX8YCH3,Sports Car,2016-12-08T08:47:46.9735436Z,26,121,96,37,49,48,132919,Bellevue,28,0,0,0,eight,0,0,0
A1LCTSY2WHBDL4RXY,Hybrid,2016-12-08T08:47:48.4528668Z,3,348,44,6,31,22,40004,Bellevue,83,0,0,0,second,0,0,0
1NKYRZ6FU15V11RJ9,Coupe,2016-12-08T08:47:47.9632769Z,62,118,58,29,36,29,91597,Bellevue,49,1,1,1,third,1,1,1
BLNES419FQPRJBJQ3,Large SUV,2016-12-08T08:47:49.4513755Z,68,37,65,23,28,22,80030,Seattle,84,0,0,0,fifth,0,0,0
SAHR9AGQT8B2RK3BZ,Large SUV,2016-12-08T08:47:48.9542676Z,89,204,64,6,38,32,70806,Bellevue,33,1,1,1,fourth,1,1,1
LCQWYQSWRTD8IJE78,Coupe,2016-12-08T08:47:50.4499418Z,34,209,6,17,1,0,13118,Seattle,5,1,1,1,first,1,1,1
42H7SLL4TTSFT3F8C,Family Saloon,2016-12-08T08:47:49.9644493Z,56,198,44,8,31,22,184003,Bellevue,20,0,0,0,second,0,0,0
LPAZXQ77VX3FAX1SG,Sedan,2016-12-08T08:47:51.4476401Z,7,30,69,16,40,34,121963,Bellevue,77,0,0,0,fourth,0,0,0
5A2OGSHNUW9ZUYBE6,Coupe,2016-12-08T08:47:50.9532806Z,77,221,29,23,33,25,124720,Sammamish,81,0,0,0,third,0,0,0
IMCLXDVHI9NOJSESD,Large SUV,2016-12-08T08:47:52.4740914Z,58,111,29,15,33,25,47128,Sammamish,89,0,0,0,third,0,0,0
9GMTD5XYNTJ0HM4EN,Family Saloon,2016-12-08T08:47:51.9747209Z,56,274,5,29,1,0,35207,Seattle,56,1,1,1,first,1,1,1
QEZNZHSOIJ005QNDW,Hybrid,2016-12-08T08:47:53.4979677Z,87,413,94,14,48,47,91300,Bellevue,58,0,0,0,seventh,0,0,0
DQA4I40H1JH2L643H,Large SUV,2016-12-08T08:47:52.9796849Z,95,59,34,19,35,28,33275,Sammamish,85,1,1,1,third,1,1,1
T4O40UFLHMTRKB87D,Large SUV,2016-12-08T08:47:54.5181633Z,11,476,69,25,30,25,65850,Seattle,35,0,0,0,sixth,0,0,0
7QQDAEQFD92OJGOQ5,Station Wagon,2016-12-08T08:47:54.0128294Z,79,31,67,10,40,34,11168,Bellevue,32,1,1,1,fourth,1,1,1
FW1O3HDVLU1SYSD5Y,Sedan,2016-12-08T08:47:55.5211996Z,31,267,10,21,24,14,100636,Redmond,66,1,1,1,first,1,1,1
DRLGQYUDSM1ETN2C8,Station Wagon,2016-12-08T08:47:55.0245820Z,26,85,94,34,48,47,146352,Bellevue,48,0,0,0,seventh,0,0,0
6Z8RM80TY040GCYR7,Sports Car,2016-12-08T08:47:56.5439672Z,51,52,73,38,33,28,166670,Seattle,38,1,1,1,sixth,1,1,1
XO42AH4S6V8Y0J8Q8,Medium SUV,2016-12-08T08:47:56.0409703Z,5,454,70,8,41,35,196767,Bellevue,73,0,0,0,fourth,0,0,0
O9K9BA82ZMVKPM9XS,Compact Car,2016-12-08T08:47:57.5270258Z,47,314,79,30,47,44,167803,Redmond,89,0,0,0,seventh,0,0,0
KFFZER6RR6UQ2XYRT,Large SUV,2016-12-08T08:47:57.0386843Z,45,264,59,35,25,18,120509,Seattle,12,0,0,0,fifth,0,0,0
4HCWC5S5IJXMOG5TH,Medium SUV,2016-12-08T08:47:58.5619837Z,34,144,63,15,38,31,110839,Bellevue,0,0,0,0,fourth,0,0,0
G3HMOVFLNNNN6K4Q1,Large SUV,2016-12-08T08:47:58.0475185Z,56,72,59,13,36,29,103558,Bellevue,13,1,1,1,third,1,1,1
BUNMFLGYK50AN8FDS,Family Saloon,2016-12-08T08:47:59.5638621Z,69,218,84,31,47,46,72229,Redmond,27,0,0,0,seventh,0,0,0
0XXGHFW2SOT827CBV,Family Saloon,2016-12-08T08:47:59.0542381Z,57,63,79,8,47,44,136356,Redmond,81,1,1,1,seventh,1,1,1
GN363ZCEXYXJDESOH,Family Saloon,2016-12-08T08:48:00.5727234Z,94,105,63,0,27,21,105267,Seattle,42,1,1,1,fifth,1,1,1
JQMXQELZZ2JH79JLR,Hybrid,2016-12-08T08:48:00.0733266Z,93,357,62,16,38,31,121426,Bellevue,3,1,1,1,fourth,1,1,1
FBBYST4XSAYYR2RL8,Station Wagon,2016-12-08T08:48:01.5841690Z,9,449,3,20,0,0,96088,Seattle,2,1,1,1,first,1,1,1
EKSCWR3JPI5JMFTND,Sedan,2016-12-08T08:48:01.0839031Z,59,0,83,38,47,46,183135,Redmond,48,0,0,0,seventh,0,0,0
X0FAHQ3UAUTB6AXJD,Hybrid,2016-12-08T08:48:02.6015752Z,89,100,83,34,47,45,78726,Redmond,58,0,0,0,seventh,0,0,0
W4U5Z9ELVG8EO449F,Large SUV,2016-12-08T08:48:02.0864953Z,72,394,49,32,33,24,101295,Bellevue,14,0,0,0,second,0,0,0
FCQZSL22EBB54SNNJ,Large SUV,2016-12-08T08:48:03.6003971Z,40,25,49,28,33,24,126505,Bellevue,8,0,0,0,second,0,0,0
V9O260QC7JT0ZCCG7,Station Wagon,2016-12-08T08:48:03.0930061Z,63,369,3,10,0,0,72208,Seattle,61,1,1,1,first,1,1,1
URMUSN4Q3GKI5TRYW,Family Saloon,2016-12-08T08:48:04.5957244Z,42,228,69,27,31,25,81948,Seattle,88,1,1,1,sixth,1,1,1
1B31SNNXU1XAJ4WDQ,Sedan,2016-12-08T08:48:04.0933735Z,28,387,67,37,40,34,137969,Bellevue,26,1,1,1,fourth,1,1,1
SKFXJJNBII3AF3T78,Sedan,2016-12-08T08:48:05.5823494Z,72,101,75,16,34,29,108597,Seattle,27,1,1,1,sixth,1,1,1
C5JQCH80ZJZ2FM75Y,Large SUV,2016-12-08T08:48:05.0836993Z,21,217,55,2,23,16,110230,Seattle,63,0,0,0,fifth,0,0,0
EGQSULLFGSDH5TCR8,Medium SUV,2016-12-08T08:48:06.5725709Z,29,44,18,28,29,19,1589,Redmond,21,0,0,0,second,0,0,0
FD1TVF0TV09OJQZC5,Hybrid,2016-12-08T08:48:06.0823511Z,84,369,95,11,50,49,145778,Redmond,7,1,1,1,eight,1,1,1
YYPFAPQ7FR6EAEU8N,Large SUV,2016-12-08T08:48:07.5685984Z,73,115,47,34,32,23,2572,Bellevue,14,0,0,0,second,0,0,0
0GXRK2BFBUAFHPKCA,Family Saloon,2016-12-08T08:48:07.0731462Z,51,102,61,37,37,30,97670,Bellevue,96,1,1,1,third,1,1,1
R3EDEALX2TIZWX4H3,Hybrid,2016-12-08T08:48:08.5605064Z,38,372,68,19,30,24,39969,Seattle,84,1,1,1,sixth,1,1,1
G1STEWZKBIT5OYWUK,Sedan,2016-12-08T08:48:08.0734330Z,73,426,81,16,47,45,96265,Redmond,91,0,0,0,seventh,0,0,0
XC9T6LKCN4MLQFB0G,Sedan,2016-12-08T08:48:09.5621086Z,53,105,9,8,2,0,137549,Seattle,3,0,0,0,first,0,0,0
ZFTX25NC6R0ZPS4WW,Large SUV,2016-12-08T08:48:09.0563901Z,9,350,93,15,48,47,143691,Bellevue,11,0,0,0,seventh,0,0,0
LFQW1OKHGC3OSPYIA,Sedan,2016-12-08T08:48:10.5621924Z,89,413,71,23,41,35,21343,Bellevue,99,0,0,0,fourth,0,0,0
ZUFREISXA0DC5KXZR,Medium SUV,2016-12-08T08:48:10.0524185Z,28,116,67,9,40,34,59394,Bellevue,81,1,1,1,fourth,1,1,1
R916X6FCVN39VNAU1,Sedan,2016-12-08T08:48:11.6397840Z,87,156,44,14,31,22,83298,Bellevue,39,0,0,0,second,0,0,0
P5KMN1V8VOBG8B5E2,Small SUV,2016-12-08T08:48:11.0590953Z,55,407,74,7,33,28,164931,Seattle,61,1,1,1,sixth,1,1,1
4LRRV9B3UX2AKSIKZ,Sedan,2016-12-08T08:48:12.6463079Z,96,22,65,32,28,22,199170,Seattle,19,0,0,0,fifth,0,0,0
MORU7ECVG4WB7KCCX,Convertible,2016-12-08T08:48:12.1280930Z,74,6,6,4,1,0,11213,Seattle,47,1,1,1,first,1,1,1
Z2L5CLWYCUDITKUF4,Sedan,2016-12-08T08:48:13.6852374Z,92,492,9,28,2,0,31958,Seattle,16,0,0,0,first,0,0,0
W7WA3Z4S1P8VBJ62N,Convertible,2016-12-08T08:48:13.1546243Z,64,46,70,37,31,25,90570,Seattle,30,1,1,1,sixth,1,1,1
8UPHGJHGAP15FN9FN,Sports Car,2016-12-08T08:48:14.7148668Z,6,433,47,33,32,23,195352,Bellevue,55,0,0,0,second,0,0,0
QDU0P3H78HJ31PBAM,Sports Car,2016-12-08T08:48:14.2098390Z,61,356,68,23,30,24,147977,Seattle,81,1,1,1,sixth,1,1,1
HWQ8URJAGNM0361Q1,Station Wagon,2016-12-08T08:48:15.8144953Z,40,277,48,24,32,24,99551,Bellevue,18,1,1,1,second,1,1,1
K9Z8EMWSBMLOR9KP2,Hybrid,2016-12-08T08:48:15.2135604Z,92,419,66,14,39,33,132934,Bellevue,14,0,0,0,fourth,0,0,0
HO9O5GFIWARWD671S,Compact Car,2016-12-08T08:48:16.8096512Z,55,291,68,33,30,24,163273,Seattle,43,0,0,0,sixth,0,0,0
TK4AZNLTQ5GQV4X3D,Family Saloon,2016-12-08T08:48:16.3186083Z,54,211,67,0,39,33,66972,Bellevue,49,1,1,1,fourth,1,1,1
UFVDUOCUKY86W2AVP,Family Saloon,2016-12-08T08:48:17.8025031Z,84,331,49,21,33,25,27397,Bellevue,52,1,1,1,second,1,1,1
9NJKYMNCSH9DQSYVI,Compact Car,2016-12-08T08:48:17.3133369Z,33,112,94,9,48,47,17469,Bellevue,92,1,1,1,seventh,1,1,1
QW1W63S3TBGFMJ05O,Medium SUV,2016-12-08T08:48:18.8006108Z,68,61,70,21,31,25,13430,Seattle,19,1,1,1,sixth,1,1,1
NLHX0TF2HQZKQ84OV,Hybrid,2016-12-08T08:48:18.2924521Z,66,130,68,33,40,34,150117,Bellevue,75,0,0,0,fourth,0,0,0
D7L6U0URUJEHL53MF,Hybrid,2016-12-08T08:48:19.7933344Z,94,56,11,16,25,15,118343,Redmond,32,0,0,0,first,0,0,0
JGDDD3WZD3ET9NSZW,Family Saloon,2016-12-08T08:48:19.2924045Z,71,366,94,15,49,47,85418,Bellevue,41,1,1,1,eight,1,1,1
EXUT7IHAQXR1C1KHI,Hybrid,2016-12-08T08:48:20.7685327Z,98,202,36,35,36,29,108795,Sammamish,66,1,1,1,third,1,1,1
CC3ZJ72BQHZDJN7YP,Family Saloon,2016-12-08T08:48:20.2771499Z,72,159,96,25,50,49,57121,Redmond,65,1,1,1,eight,1,1,1
K8MLVP5V8EJJR2SY4,Hybrid,2016-12-08T08:48:21.7991351Z,23,136,95,1,50,49,168777,Redmond,36,1,1,1,eight,1,1,1
DGNFGS0NKM1CFCPQ7,Compact Car,2016-12-08T08:48:21.3030410Z,56,404,76,33,35,29,47117,Seattle,13,0,0,0,sixth,0,0,0
A3V048GGYTTKGD4JD,Small SUV,2016-12-08T08:48:22.8614745Z,95,207,78,9,46,44,112928,Redmond,18,0,0,0,seventh,0,0,0
PKVEZ70B7RDZ1M613,Medium SUV,2016-12-08T08:48:24.0760392Z,6,38,63,37,27,21,185106,Seattle,2,0,0,0,fifth,0,0,0
CBJLTFEOWI1VKNFN2,Large SUV,2016-12-08T08:48:26.2131992Z,48,87,13,2,26,16,29456,Redmond,86,1,1,1,first,1,1,1
BM83L7C718LH5BB44,Medium SUV,2016-12-08T08:48:25.0905561Z,98,198,62,18,38,31,1673,Bellevue,7,1,1,1,fourth,1,1,1
IDEKL3UODAAI6CG4K,Hybrid,2016-12-08T08:48:28.0817482Z,89,438,33,38,35,27,87073,Sammamish,33,0,0,0,third,0,0,0
ATJ4IJT8EFUT9X5KW,Family Saloon,2016-12-08T08:48:27.4984801Z,14,357,58,39,36,29,17851,Bellevue,35,0,0,0,third,0,0,0
58K53ODCOY6VGNQDO,Hybrid,2016-12-08T08:48:29.6598321Z,29,320,71,31,32,26,79326,Seattle,25,1,1,1,sixth,1,1,1
ORG6J6VS5OFIJ8WDO,Family Saloon,2016-12-08T08:48:28.9741427Z,27,211,80,8,47,44,98007,Redmond,48,0,0,0,seventh,0,0,0
3MNJM6V7LW8UCU09K,Hybrid,2016-12-08T08:48:30.2989136Z,84,111,59,7,25,18,46396,Seattle,35,0,0,0,fifth,0,0,0
A3V048GGYTTKGD4JD,Small SUV,2016-12-08T08:48:31.3768134Z,12,403,76,22,35,30,127612,Seattle,42,0,0,0,sixth,0,0,0
DWHUS8ODM1CQSZHRY,Sedan,2016-12-08T08:48:32.1626761Z,42,485,77,28,35,31,176512,Seattle,3,1,1,1,sixth,1,1,1
01MWFV89QBUM2NDIH,Station Wagon,2016-12-08T08:48:34.2561694Z,48,273,73,2,33,28,45429,Seattle,73,1,1,1,sixth,1,1,1
JDO6JFNTZ1LIHF0V5,Convertible,2016-12-08T08:48:34.8272321Z,57,499,70,27,31,25,95626,Seattle,85,1,1,1,sixth,1,1,1
BE7LTC3MUNNP8JHLU,Coupe,2016-12-08T08:48:35.8965064Z,82,373,1,18,0,0,48905,Seattle,24,1,1,1,first,1,1,1
L2GFTIWOU1XSJQSS5,Medium SUV,2016-12-08T08:48:37.6368532Z,68,318,29,0,33,25,148788,Sammamish,6,0,0,0,third,0,0,0
2Y2CFDMXBAQNKC02X,Convertible,2016-12-08T08:48:36.8040063Z,86,330,36,20,36,29,151685,Sammamish,30,1,1,1,third,1,1,1
M9R5W6QTWBGB8J83L,Convertible,2016-12-08T08:48:38.4857141Z,87,205,69,24,30,24,125208,Seattle,91,0,0,0,sixth,0,0,0
5U7GM9AW2BYAJL3ES,Sedan,2016-12-08T08:48:39.3345113Z,66,310,62,19,26,20,107222,Seattle,65,1,1,1,fifth,1,1,1
IR6HTBZGFR48WERM5,Sports Car,2016-12-08T08:48:40.6009107Z,1,92,98,29,50,50,116284,Redmond,2,0,0,0,eight,0,0,0
OEXZQ9BEG29AAKLRB,Large SUV,2016-12-08T08:48:40.0423494Z,50,323,45,38,31,23,66824,Bellevue,80,1,1,1,second,1,1,1
SNWXKXTD3LIII3N96,Sedan,2016-12-08T08:48:41.7622298Z,65,416,29,37,33,25,35935,Sammamish,60,0,0,0,third,0,0,0
S4JYTTY7QGRUN7WUV,Convertible,2016-12-08T08:48:41.1946387Z,63,361,79,9,47,44,108473,Redmond,54,0,0,0,seventh,0,0,0
BOZ40SKAG6BLAFYX2,Family Saloon,2016-12-08T08:48:42.4184283Z,61,101,97,33,50,50,151212,Redmond,57,1,1,1,eight,1,1,1
TAGQOLUPGWL8UYKZ5,Hybrid,2016-12-08T08:48:43.2863170Z,64,162,76,0,34,29,32888,Seattle,25,1,1,1,sixth,1,1,1
BMDH2753DOHI7A6JC,Compact Car,2016-12-08T08:48:44.4297096Z,57,175,84,33,47,46,65583,Redmond,73,0,0,0,seventh,0,0,0
QTIQ3Y6LI9F00O185,Hybrid,2016-12-08T08:48:45.3418957Z,78,145,70,15,41,35,46743,Bellevue,99,0,0,0,fourth,0,0,0
J2KN8TDXZLU50MNFK,Sedan,2016-12-08T08:48:47.8352863Z,46,63,44,3,31,22,78454,Bellevue,88,0,0,0,second,0,0,0
7GI3Q2QNV0M1URIFI,Sports Car,2016-12-08T08:48:48.4815432Z,41,160,96,1,49,48,101979,Bellevue,72,1,1,1,eight,1,1,1
DDK7P6HGVQ4UKMW1Q,Large SUV,2016-12-08T08:48:49.6896780Z,36,233,62,18,38,31,115058,Bellevue,97,1,1,1,fourth,1,1,1
KDP0221GKHTDDWE0S,Medium SUV,2016-12-08T08:48:49.1791018Z,84,127,58,24,36,29,21598,Bellevue,93,0,0,0,third,0,0,0
NVLTOCP9FAQ8QMIKT,Station Wagon,2016-12-08T08:48:50.6864669Z,5,189,83,8,47,45,127802,Redmond,28,0,0,0,seventh,0,0,0
KGKU39G92BWMGN5L3,Convertible,2016-12-08T08:48:50.2007603Z,27,163,97,4,50,49,12680,Redmond,39,0,0,0,eight,0,0,0
N49YNZY6JG1WSDXV4,Hybrid,2016-12-08T08:48:51.6863334Z,62,30,49,25,33,24,44353,Bellevue,48,0,0,0,second,0,0,0
LBAWQYRGMOKZZJI2J,Hybrid,2016-12-08T08:48:51.1933661Z,54,126,3,17,0,0,36531,Seattle,74,1,1,1,first,1,1,1
ZTOHDD9J9WRR9V6AM,Family Saloon,2016-12-08T08:48:53.0014035Z,72,446,42,6,30,21,177479,Bellevue,12,1,1,1,second,1,1,1
UFN1393IZIBC30J7Z,Small SUV,2016-12-08T08:48:52.1929712Z,26,337,67,14,40,34,138339,Bellevue,86,1,1,1,fourth,1,1,1
S0M76AOJHRBR9WH56,Compact Car,2016-12-08T08:48:54.1687821Z,39,101,68,38,40,34,32277,Bellevue,56,1,1,1,fourth,1,1,1
MLRZML3G1C45SWI5R,Hybrid,2016-12-08T08:48:53.4913862Z,72,177,4,36,0,0,145282,Seattle,45,0,0,0,first,0,0,0
MNMJXZ49ACTOQS0EY,Family Saloon,2016-12-08T08:48:55.2507797Z,56,24,67,33,29,23,124907,Seattle,79,0,0,0,sixth,0,0,0
0H5UKSNQ9GK9NA7DR,Medium SUV,2016-12-08T08:48:54.6747805Z,25,92,71,28,31,26,106100,Seattle,95,0,0,0,sixth,0,0,0
7FZRQIHOJ3XF9AUQ6,Family Saloon,2016-12-08T08:48:56.6194006Z,29,327,98,5,50,50,177601,Redmond,46,0,0,0,eight,0,0,0
56NONGZVZLBDDAKSG,Family Saloon,2016-12-08T08:48:55.8929539Z,95,181,55,20,22,16,136296,Seattle,91,0,0,0,fifth,0,0,0
OY8NPX1674NZH1ZC9,Hybrid,2016-12-08T08:48:57.7774988Z,50,51,95,4,49,48,134734,Bellevue,43,0,0,0,eight,0,0,0
VVOK5TEHDOTZCANR8,Family Saloon,2016-12-08T08:48:57.1625906Z,1,447,62,24,38,31,57787,Bellevue,82,1,1,1,fourth,1,1,1
40TD7R10U4Y5LGV0S,Large SUV,2016-12-08T08:48:58.9530685Z,71,48,42,22,30,21,40398,Bellevue,76,0,0,0,second,0,0,0
6XX4MMMFHJQUHZILN,Station Wagon,2016-12-08T08:48:58.4496734Z,80,98,97,37,50,50,48965,Redmond,32,1,1,1,eight,1,1,1
HUSZ1YQT0T9R77I4W,Sedan,2016-12-08T08:48:59.9950414Z,55,183,19,28,29,20,66212,Redmond,51,0,0,0,second,0,0,0
JSMODE77LND1A80LI,Large SUV,2016-12-08T08:48:59.4901374Z,82,357,62,11,26,20,114250,Seattle,86,1,1,1,fifth,1,1,1
NMM0GO9BJ3K5QXX57,Medium SUV,2016-12-08T08:49:01.0048228Z,61,143,62,37,26,20,166977,Seattle,87,1,1,1,fifth,1,1,1
LJ6F4OZPZ9KYSBCM2,Station Wagon,2016-12-08T08:49:00.5017601Z,30,135,61,8,37,31,111829,Bellevue,11,0,0,0,third,0,0,0
0BBSCKI31VKX9Y264,Sports Car,2016-12-08T08:49:02.2022615Z,83,404,8,5,1,0,102510,Seattle,46,1,1,1,first,1,1,1
TSHPDAGNUR3EOECO8,Medium SUV,2016-12-08T08:49:01.6421855Z,45,24,68,13,40,34,11516,Bellevue,17,0,0,0,fourth,0,0,0
UV96M83QQL7VED4YB,Station Wagon,2016-12-08T08:49:03.2263346Z,95,237,92,27,48,46,175576,Bellevue,93,1,1,1,seventh,1,1,1
CI3IA2MUNCLR5GJM0,Convertible,2016-12-08T08:49:02.7002676Z,99,468,31,9,34,26,40156,Sammamish,12,0,0,0,third,0,0,0
S4IHKUK9UXS1GXBA1,Large SUV,2016-12-08T08:49:03.7164772Z,85,77,7,39,1,0,172360,Seattle,58,0,0,0,first,0,0,0
DWC589YTRW7NGC5S6,Large SUV,2016-12-08T08:49:04.6825163Z,16,496,79,33,47,44,115051,Redmond,11,1,1,1,seventh,1,1,1
OU6B2H7WXI2OPZFLG,Hybrid,2016-12-08T08:49:05.7765286Z,93,396,34,32,35,27,22855,Sammamish,56,0,0,0,third,0,0,0
5BNFLKQ4WRWVDZWBJ,Hybrid,2016-12-08T08:49:05.2066058Z,57,246,58,7,36,29,72070,Bellevue,49,0,0,0,third,0,0,0
1LZ66GZZZWS3BGP1Z,Sedan,2016-12-08T08:49:06.8331244Z,3,290,31,4,34,26,54841,Sammamish,20,0,0,0,third,0,0,0
ZFHWOW6VA67ALFFGK,Small SUV,2016-12-08T08:49:06.3327221Z,45,206,8,6,1,0,170758,Seattle,88,1,1,1,first,1,1,1
C8K9VLTLD33U714J3,Family Saloon,2016-12-08T08:49:08.1390661Z,26,207,47,32,32,24,83134,Bellevue,62,1,1,1,second,1,1,1
AZGRJZ1Q4K8LY3IDS,Sedan,2016-12-08T08:49:07.4190340Z,38,485,63,8,27,21,129428,Seattle,34,0,0,0,fifth,0,0,0
UR8HWELJ219P0FEAN,Convertible,2016-12-08T08:49:09.5989247Z,24,368,34,23,35,28,160663,Sammamish,40,1,1,1,third,1,1,1
RC6CQAAKTWVJMLT5S,Sedan,2016-12-08T08:49:08.6768692Z,87,297,66,39,29,23,193079,Seattle,94,0,0,0,sixth,0,0,0
X7MUMNEC7K6AVZTA8,Sedan,2016-12-08T08:49:10.4421407Z,31,156,74,4,33,28,87767,Seattle,53,0,0,0,sixth,0,0,0
7LJ7SHQ1Y8M2BZZQ6,Sedan,2016-12-08T08:49:11.5658810Z,71,152,66,11,39,33,34529,Bellevue,97,0,0,0,fourth,0,0,0
U8DNJABNVRSI6QNGO,Family Saloon,2016-12-08T08:49:12.9004900Z,35,21,61,31,26,20,106343,Seattle,97,0,0,0,fifth,0,0,0
GN5JZX5F6YNXD87O8,Small SUV,2016-12-08T08:49:12.2638925Z,49,142,48,17,32,24,67977,Bellevue,84,1,1,1,second,1,1,1
RZQA1XJOCGE5GLJ71,Family Saloon,2016-12-08T08:49:13.6145931Z,42,37,92,25,48,46,192273,Bellevue,2,1,1,1,seventh,1,1,1
29GPXBCW0YWDLGBPA,Large SUV,2016-12-08T08:49:14.8778058Z,43,289,48,22,33,24,8489,Bellevue,32,0,0,0,second,0,0,0
D6NLJCQ57CHS4J46F,Large SUV,2016-12-08T08:49:16.2664854Z,34,353,94,24,49,49,90311,Redmond,47,1,1,1,eight,1,1,1
7O2HN3N6X6DB8AHFV,Hybrid,2016-12-08T08:49:15.6582237Z,35,415,50,35,33,25,58390,Bellevue,70,1,1,1,second,1,1,1
J4QRAZBXE9LYZMIBE,Compact Car,2016-12-08T08:49:17.7371051Z,69,452,93,35,48,46,86700,Bellevue,44,1,1,1,seventh,1,1,1
YOIBLBXEI4DVERAI2,Convertible,2016-12-08T08:49:19.1945812Z,38,393,94,13,49,49,165276,Redmond,1,0,0,0,eight,0,0,0
ENV6MWSVGJWHI862W,Family Saloon,2016-12-08T08:49:21.5758982Z,95,224,7,38,1,0,83376,Seattle,98,0,0,0,first,0,0,0
85YPWEESTF0WIBK9O,Coupe,2016-12-08T08:49:20.4746124Z,89,374,71,11,32,26,162872,Seattle,73,1,1,1,sixth,1,1,1
P7POEO9Q5GYMD72WP,Convertible,2016-12-08T08:49:22.6734930Z,27,30,62,13,26,20,95168,Seattle,18,1,1,1,fifth,1,1,1
76JLDWTFH8TDRIC0Y,Coupe,2016-12-08T08:49:24.1726494Z,66,486,47,24,32,24,194832,Bellevue,26,1,1,1,second,1,1,1
N7WH5LORFP87A71Q5,Sedan,2016-12-08T08:49:25.3332502Z,57,499,17,5,28,19,42284,Redmond,65,1,1,1,second,1,1,1
