vin,model,timestamp,outsidetemperature,enginetemperature,speed,fuel,engineoil,tirepressure,odometer,city,accelerator_pedal_position,parking_brake_status,headlamp_status,brake_pedal_status,transmission_gear_position,ignition_status,windshield_wiper_status,abs
E45JME5KYJF6ICLUD,Large SUV,2016-08-11T06:25:40.3129755Z,1,318,48,26,32,24,113856,Bellevue,23,0,0,0,second,0,0,0
2V539CX61ZYD7KNV6,Family Saloon,2016-08-11T06:24:33.9146325Z,58,40,7,2,17,11,25659,Seattle,66,0,0,0,fourth,0,0,0
EQ9O24UJHTZ6XWOLY,Station Wagon,2016-08-11T06:25:40.9305768Z,23,186,96,1,49,48,118290,Bellevue,24,0,0,0,eight,0,0,0
6O74F1NA73T500LY0,Sports Car,2016-08-11T06:25:42.3853072Z,40,426,100,34,50,50,10084,Redmond,87,0,0,0,eight,0,0,0
MG938KW4ROP139RKI,Small SUV,2016-08-11T06:25:41.6459694Z,37,157,1,17,0,0,174687,Seattle,26,0,0,0,first,0,0,0
2N8RYVLM84ZPS7EML,Hybrid,2016-08-11T06:25:44.3159973Z,77,152,94,32,49,49,4014,Redmond,40,0,0,0,eight,0,0,0
B5DO5FQXVZWJ6MBYI,Family Saloon,2016-08-11T06:25:44.9922713Z,44,366,0,25,0,0,9867,Seattle,15,1,1,1,first,1,1,1
0W4M3P3AYXSPHTGKB,Coupe,2016-08-11T06:25:45.6912129Z,52,55,30,30,34,26,20095,Sammamish,98,1,1,1,third,1,1,1
JDGQIV51ZNXDO2W0G,Station Wagon,2016-08-11T06:25:47.6368564Z,9,255,75,27,34,29,18921,Seattle,67,1,1,1,sixth,1,1,1
D0K1BQBNU52QRO7KK,Family Saloon,2016-08-11T06:25:49.2964287Z,19,355,47,32,32,24,52794,Bellevue,71,1,1,1,second,1,1,1
Q2GH4ATXTHRSCF8AC,Station Wagon,2016-08-11T06:25:50.8623678Z,16,482,29,30,33,25,77390,Sammamish,79,0,0,0,third,0,0,0
3HQOKKDV2BUUKSE5P,Hybrid,2016-08-11T06:25:54.7175684Z,45,105,83,38,47,45,9988,Redmond,14,0,0,0,seventh,0,0,0
04662CFAXSQ0J8NFC,Sedan,2016-08-11T06:26:03.6733417Z,50,164,11,6,24,15,36936,Redmond,35,1,1,1,first,1,1,1
GAQ3SA5S84P25JPM3,Large SUV,2016-08-11T06:26:11.1373798Z,5,154,75,34,34,29,38129,Seattle,96,1,1,1,sixth,1,1,1
WKYJOHNWT2SMSUJ1N,Convertible,2016-08-11T06:26:18.9271341Z,58,338,9,25,2,0,71585,Seattle,82,0,0,0,first,0,0,0
C65E1FPKM2J3B89R1,Hybrid,2016-08-11T06:26:26.3474049Z,17,92,55,0,22,16,164976,Seattle,88,0,0,0,fifth,0,0,0
0OVW2G8QLXRSNDCZH,Hybrid,2016-08-11T06:26:30.4744947Z,49,67,55,12,23,16,163048,Seattle,64,0,0,0,fifth,0,0,0
5CLJMWNZJHNI36YWH,Family Saloon,2016-08-11T06:26:34.5364342Z,70,20,64,14,28,21,37444,Seattle,58,1,1,1,fifth,1,1,1
39M2L5JWM2ZM6EXX4,Family Saloon,2016-08-11T06:26:42.4870765Z,30,5,68,14,40,34,132173,Bellevue,21,0,0,0,fourth,0,0,0
PKVEZ70B7RDZ1M613,Medium SUV,2016-08-11T06:26:51.4300136Z,94,487,95,0,49,48,80554,Bellevue,80,0,0,0,eight,0,0,0
0I30WSXTJIMT05NMZ,Sedan,2016-08-11T06:26:53.9684542Z,30,51,55,15,22,16,55544,Seattle,87,0,0,0,fifth,0,0,0
FPHR26VQ5E1VIZPBX,Hybrid,2016-08-11T06:26:55.1742363Z,49,341,100,17,50,50,192332,Redmond,68,0,0,0,eight,0,0,0
ME6BJOY0EHQW0E04U,Hybrid,2016-08-11T06:27:04.9593934Z,84,118,85,26,48,46,18002,Redmond,48,0,0,0,seventh,0,0,0
ZHQZGU4RDY4J2EXWC,Coupe,2016-08-11T06:27:09.9592138Z,99,198,97,3,50,49,55807,Redmond,4,0,0,0,eight,0,0,0
QBFYO6N2GJ4W3G8R1,Station Wagon,2016-08-11T06:27:12.0258783Z,33,256,45,38,31,22,120996,Bellevue,87,0,0,0,second,0,0,0
MC19L3GA25TCN91SJ,Large SUV,2016-08-11T06:27:14.7661758Z,19,48,94,13,48,47,38290,Bellevue,50,1,1,1,seventh,1,1,1
8M6NTPNC9JFJ5CO1U,Hybrid,2016-08-11T06:27:15.6689878Z,38,212,59,6,37,30,82107,Bellevue,69,0,0,0,third,0,0,0
I0IA5J59EG432CO0D,Family Saloon,2016-08-11T06:27:16.9323962Z,74,429,77,19,35,30,16910,Seattle,40,1,1,1,sixth,1,1,1
BKIT5RRDY8EZUC8OJ,Family Saloon,2016-08-11T06:27:16.3004159Z,90,173,47,13,32,24,29106,Bellevue,82,1,1,1,second,1,1,1
WYS9GCS8HJ467GW5L,Large SUV,2016-08-11T06:27:17.7371449Z,3,14,96,2,50,49,114752,Redmond,94,0,0,0,eight,0,0,0
WKYJOHNWT2SMSUJ1N,Convertible,2016-08-11T06:27:19.2580564Z,98,443,96,32,50,49,107512,Redmond,77,1,1,1,eight,1,1,1
JEB8DEZEGAQGUH3GX,Station Wagon,2016-08-11T06:27:20.4380014Z,88,324,8,29,1,0,25967,Seattle,70,1,1,1,first,1,1,1
FZE5OSHN5M9XAXL2N,Large SUV,2016-08-11T06:27:21.3616892Z,75,291,77,28,35,30,37452,Seattle,37,1,1,1,sixth,1,1,1
50EB0CGUWW1DW8AWB,Sedan,2016-08-11T06:27:24.0284689Z,48,93,34,27,35,28,147,Sammamish,86,1,1,1,third,1,1,1
CR0SPKNCJ0TDA6S37,Small SUV,2016-08-11T06:27:31.0070453Z,42,52,67,27,39,33,185826,Bellevue,15,1,1,1,fourth,1,1,1
2RSKKU8P4K2UI9C19,Medium SUV,2016-08-11T06:27:34.6735809Z,48,407,81,19,47,45,160593,Redmond,42,0,0,0,seventh,0,0,0
H33QBS4D08RM0Y80U,Large SUV,2016-08-11T06:27:37.2006064Z,9,182,72,23,32,27,147432,Seattle,26,1,1,1,sixth,1,1,1
3FZRIHE0VMBV7V12F,Hybrid,2016-08-11T06:27:38.8882007Z,24,305,58,6,24,18,84452,Seattle,32,1,1,1,fifth,1,1,1
N8Y6W2HC34G8ED6V8,Sports Car,2016-08-11T06:27:40.1903235Z,70,422,97,26,50,50,69839,Redmond,8,1,1,1,eight,1,1,1
95MI9DPVE4M3ZY6RQ,Large SUV,2016-08-11T06:27:42.3251537Z,66,491,14,0,26,17,157701,Redmond,11,0,0,0,first,0,0,0
D2VVZ0X3PXAMJI198,Sedan,2016-08-11T06:27:44.5453668Z,90,476,62,19,38,31,50419,Bellevue,64,1,1,1,fourth,1,1,1
Y4ZH4OLGXC1292J8D,Sports Car,2016-08-11T06:27:49.3547045Z,58,475,83,6,47,46,179108,Redmond,9,0,0,0,seventh,0,0,0
1F1S7HXT6PL3DCD7P,Family Saloon,2016-08-11T06:27:52.1856576Z,12,374,48,36,32,24,104228,Bellevue,75,0,0,0,second,0,0,0
N18BNP53TVGXFVSN9,Family Saloon,2016-08-11T06:28:00.1586941Z,86,499,31,31,34,26,172267,Sammamish,22,0,0,0,third,0,0,0
TIXW0SL6O57ZFHYN5,Sports Car,2016-08-11T06:28:06.5979122Z,82,68,68,29,30,24,143693,Seattle,13,0,0,0,sixth,0,0,0
PISFQZ3VHYJXNNOM8,Hybrid,2016-08-11T06:28:14.3586894Z,78,153,67,9,40,34,181965,Bellevue,83,1,1,1,fourth,1,1,1
6BQYXZC4N3CZ8VWC4,Sedan,2016-08-11T06:28:16.2294525Z,68,495,100,38,50,50,54546,Redmond,83,0,0,0,eight,0,0,0
7W7B4WVG31WEQZ1JQ,Coupe,2016-08-11T06:28:21.3523703Z,66,403,65,30,39,33,128048,Bellevue,22,1,1,1,fourth,1,1,1
MJL6KGNJT1J9UN06C,Sedan,2016-08-11T06:28:22.4691171Z,83,73,82,9,47,45,154483,Redmond,92,0,0,0,seventh,0,0,0
ZFVIDRM7CQVFL94XE,Family Saloon,2016-08-11T06:28:24.1943852Z,88,19,71,28,32,26,34876,Seattle,42,0,0,0,sixth,0,0,0
TYIC778S5Y5DJU78W,Compact Car,2016-08-11T06:28:25.1372373Z,15,433,74,32,34,28,142593,Seattle,11,0,0,0,sixth,0,0,0
RF2VC9AFAKW0BMOR8,Convertible,2016-08-11T06:28:25.8522824Z,76,108,58,36,36,29,121899,Bellevue,83,0,0,0,third,0,0,0
VIY0TNKF9CU8M1TBZ,Large SUV,2016-08-11T06:28:28.8412046Z,28,293,29,6,33,25,79571,Sammamish,19,0,0,0,third,0,0,0
JPCIS5LDP9XKTU23K,Sports Car,2016-08-11T06:28:31.7046801Z,56,92,48,36,32,24,78386,Bellevue,88,1,1,1,second,1,1,1
SUC5SRL1QY5J606T8,Coupe,2016-08-11T06:28:32.3234294Z,21,5,62,15,38,31,26382,Bellevue,2,1,1,1,fourth,1,1,1
ZHXJBSU509UTC25F9,Sports Car,2016-08-11T06:28:33.5686894Z,56,478,65,27,39,32,193901,Bellevue,87,0,0,0,fourth,0,0,0
QVO85HDQVJ5XENBXS,Station Wagon,2016-08-11T06:28:32.9623057Z,58,254,30,22,34,26,92314,Sammamish,11,0,0,0,third,0,0,0
ZVTOCRLBYKEB1Y5L9,Medium SUV,2016-08-11T06:28:34.7017719Z,42,114,17,12,28,19,91520,Redmond,48,1,1,1,second,1,1,1
AHLC10TDHOQG3OLJS,Large SUV,2016-08-11T06:28:35.3159252Z,95,245,69,33,31,25,60673,Seattle,61,1,1,1,sixth,1,1,1
1D29S2FDG2FB0PDAU,Large SUV,2016-08-11T06:28:44.2015331Z,20,410,43,18,30,21,38901,Bellevue,83,1,1,1,second,1,1,1
GWII8E3CTPIVEFP8C,Family Saloon,2016-08-11T06:28:43.5685998Z,40,315,70,7,31,25,23635,Seattle,2,0,0,0,sixth,0,0,0
9XGRHDQAU86GJT7DZ,Family Saloon,2016-08-11T06:28:42.9513533Z,59,382,18,39,29,20,166331,Redmond,49,0,0,0,second,0,0,0
HK0NRUP7XH9K4NCKB,Small SUV,2016-08-11T06:28:44.8131435Z,72,296,93,12,48,47,182455,Bellevue,96,1,1,1,seventh,1,1,1
LXN6F8BTP438SOHSH,Family Saloon,2016-08-11T06:28:45.4624455Z,67,380,61,20,26,19,7946,Seattle,17,0,0,0,fifth,0,0,0
WD2F0TSRFB0LHR7JN,Station Wagon,2016-08-11T06:28:47.2658651Z,98,364,61,18,37,31,118459,Bellevue,56,0,0,0,third,0,0,0
OS0KQAT5HPQDWFXC0,Hybrid,2016-08-11T06:28:46.0946416Z,94,142,11,35,24,15,64942,Redmond,87,0,0,0,first,0,0,0
DRFYNAK6B3OLGP3ME,Family Saloon,2016-08-11T06:28:47.8848228Z,80,152,95,8,49,48,195765,Bellevue,25,0,0,0,eight,0,0,0
8JEFFNE4ZPKDXO4Q0,Sedan,2016-08-11T06:28:49.8408521Z,57,182,43,18,30,22,133793,Bellevue,17,1,1,1,second,1,1,1
K6JUTP61EA8MTEI3K,Coupe,2016-08-11T06:28:49.2423347Z,93,339,94,31,48,47,67029,Bellevue,15,1,1,1,seventh,1,1,1
SN5WF01D61SQXJQHK,Coupe,2016-08-11T06:28:48.5532014Z,86,379,97,26,50,49,122656,Redmond,57,1,1,1,eight,1,1,1
3EK7ENINYIPT50REH,Hybrid,2016-08-11T06:28:50.5526545Z,43,439,83,38,47,45,23744,Redmond,21,0,0,0,seventh,0,0,0
5W9WYMA769PKC3Y0K,Convertible,2016-08-11T06:28:52.4668195Z,87,167,59,28,25,18,174899,Seattle,39,0,0,0,fifth,0,0,0
BWUBP1LL2ODQF930L,Station Wagon,2016-08-11T06:28:51.8398013Z,44,349,5,20,0,0,170988,Seattle,17,0,0,0,first,0,0,0
2CPYH0ER405RCQAYG,Family Saloon,2016-08-11T06:28:51.1846270Z,77,67,36,1,36,29,12657,Sammamish,10,1,1,1,third,1,1,1
6P471QFZWFQHWFMKI,Hybrid,2016-08-11T06:28:53.7168530Z,55,323,62,22,26,20,145649,Seattle,1,1,1,1,fifth,1,1,1
N2W6QR1K93YJAV66V,Coupe,2016-08-11T06:28:55.5119676Z,99,433,62,22,38,31,26181,Bellevue,88,1,1,1,fourth,1,1,1
58UJOQELM6X7TM3S9,Hybrid,2016-08-11T06:28:54.9272192Z,71,374,65,21,39,33,109062,Bellevue,84,1,1,1,fourth,1,1,1
56SVWIRUKQ69VDJ4L,Small SUV,2016-08-11T06:28:54.3258490Z,79,68,77,5,35,30,93853,Seattle,54,1,1,1,sixth,1,1,1
QNDUS5BVTVM8KQBZ4,Hybrid,2016-08-11T06:28:56.0975325Z,22,362,73,7,33,28,6836,Seattle,79,1,1,1,sixth,1,1,1
00ONM0AGJJC2AC7PQ,Hybrid,2016-08-11T06:28:59.6009191Z,53,488,44,6,31,22,25868,Bellevue,13,0,0,0,second,0,0,0
6MLYA0ZDTFQ76YS2K,Family Saloon,2016-08-11T06:28:59.0327386Z,53,22,74,4,33,28,165187,Seattle,27,1,1,1,sixth,1,1,1
ED8BZB5SWR5QGTLMJ,Sedan,2016-08-11T06:28:58.3985679Z,2,280,44,19,31,22,151851,Bellevue,56,0,0,0,second,0,0,0
UH30M24OP80BHGE62,Small SUV,2016-08-11T06:29:00.2019519Z,87,164,100,19,50,50,53509,Redmond,88,0,0,0,eight,0,0,0
75VT86IS1UV82VDDN,Sedan,2016-08-11T06:29:01.9900850Z,89,478,81,7,47,45,195864,Redmond,1,1,1,1,seventh,1,1,1
RWX4WS2FJTNO3H9Q8,Station Wagon,2016-08-11T06:29:01.3730563Z,0,379,31,13,34,26,59537,Sammamish,44,0,0,0,third,0,0,0
A5AM1DIRXBD0QH4UJ,Station Wagon,2016-08-11T06:29:00.8030722Z,61,213,70,30,31,25,23417,Seattle,50,0,0,0,sixth,0,0,0
1RQE8R5VAC6549288,Sports Car,2016-08-11T06:29:02.5917341Z,31,84,13,23,26,16,120451,Redmond,60,1,1,1,first,1,1,1
I1PDM5GBDKL1A46DQ,Large SUV,2016-08-11T06:29:04.5445223Z,81,208,64,21,38,32,166904,Bellevue,81,1,1,1,fourth,1,1,1
MY0R4LA79GNL4ODAO,Medium SUV,2016-08-11T06:29:03.8460242Z,34,380,54,27,22,15,191682,Seattle,13,1,1,1,fifth,1,1,1
4JWXI2GANVFSYGQGY,Large SUV,2016-08-11T06:29:03.2393590Z,30,49,84,23,48,46,154429,Redmond,16,1,1,1,seventh,1,1,1
KY6BIDCGBJ3N4DBUZ,Small SUV,2016-08-11T06:29:05.2814497Z,62,116,94,21,48,47,34245,Bellevue,23,1,1,1,seventh,1,1,1
PWK0N6N8V1XLJWZ5M,Hybrid,2016-08-11T06:29:06.0146650Z,23,446,93,12,48,46,139652,Bellevue,94,1,1,1,seventh,1,1,1
5KXGNSHK8R1ONEDSA,Convertible,2016-08-11T06:29:08.2020086Z,70,117,63,23,38,31,175440,Bellevue,95,0,0,0,fourth,0,0,0
LRPX1Q781Y78UQLUC,Station Wagon,2016-08-11T06:29:07.5483248Z,92,8,71,33,32,26,168511,Seattle,81,1,1,1,sixth,1,1,1
847WOF9ZT8HKBKHZM,Sedan,2016-08-11T06:29:08.8350097Z,30,466,30,32,34,26,10759,Sammamish,16,1,1,1,third,1,1,1
76JLDWTFH8TDRIC0Y,Coupe,2016-08-11T06:29:10.6972815Z,14,322,68,32,40,34,193587,Bellevue,2,0,0,0,fourth,0,0,0
C2CDM1LJOLTWKK9GE,Large SUV,2016-08-11T06:29:10.1125808Z,37,65,71,34,41,35,80510,Bellevue,53,0,0,0,fourth,0,0,0
GZ8OJVFEVXSZMYG6H,Station Wagon,2016-08-11T06:29:09.4784290Z,25,241,17,13,28,19,16902,Redmond,97,1,1,1,second,1,1,1
JWXZS5SPNAXAUPMIZ,Coupe,2016-08-11T06:29:11.3406326Z,30,483,37,24,36,29,28468,Sammamish,13,0,0,0,third,0,0,0
AS8RLAK52AC23R3P2,Large SUV,2016-08-11T06:29:13.4441549Z,36,422,15,1,27,18,91474,Redmond,46,1,1,1,second,1,1,1
YN99OZKAO1H3ZW828,Compact Car,2016-08-11T06:29:12.5954519Z,36,89,60,28,37,30,145273,Bellevue,44,1,1,1,third,1,1,1
65I4DE7Z6Q856J3EN,Large SUV,2016-08-11T06:29:11.9538383Z,91,375,70,11,41,35,171418,Bellevue,86,1,1,1,fourth,1,1,1
WLY8T9N8W2A0WUFPG,Compact Car,2016-08-11T06:29:14.1452395Z,54,149,63,27,38,31,65829,Bellevue,73,0,0,0,fourth,0,0,0
6AKAQT1LVMLSX08CB,Compact Car,2016-08-11T06:29:14.7789392Z,86,167,96,36,49,48,139102,Bellevue,74,1,1,1,eight,1,1,1
T1FWKED19XQUSKUIP,Sedan,2016-08-11T06:29:16.4029219Z,9,260,93,10,48,46,111625,Bellevue,3,1,1,1,seventh,1,1,1
5OEH6YE41ZVOQXUX4,Station Wagon,2016-08-11T06:29:15.4169612Z,98,54,80,14,47,45,153280,Redmond,16,1,1,1,seventh,1,1,1
7VG4I7YJEE8P09PRV,Station Wagon,2016-08-11T06:29:18.0678375Z,54,209,59,7,37,29,69402,Bellevue,60,1,1,1,third,1,1,1
I78340AUY5APS64VH,Sports Car,2016-08-11T06:29:20.0409159Z,39,335,100,17,50,50,104699,Redmond,73,0,0,0,eight,0,0,0
05RPVUTU9QZBHLFIG,Large SUV,2016-08-11T06:29:19.3208483Z,88,293,61,0,38,31,193269,Bellevue,99,0,0,0,fourth,0,0,0
A98ZQTKVDBA3LXFNG,Family Saloon,2016-08-11T06:29:18.6689332Z,7,425,69,20,31,25,183977,Seattle,60,1,1,1,sixth,1,1,1
J3QVG9YP1PTVLUP7U,Station Wagon,2016-08-11T06:29:20.7054182Z,11,298,74,27,33,28,163670,Seattle,36,1,1,1,sixth,1,1,1
ABWAOU0J8E7VJR7G1,Coupe,2016-08-11T06:29:22.5629161Z,69,34,65,20,39,33,103962,Bellevue,87,1,1,1,fourth,1,1,1
ZDBGRX9EZNO3DF00F,Sports Car,2016-08-11T06:29:21.9612554Z,11,259,12,29,25,16,143926,Redmond,61,1,1,1,first,1,1,1
3VK9H697UNMAR5WDR,Station Wagon,2016-08-11T06:29:21.3378464Z,42,491,62,10,26,20,67013,Seattle,78,1,1,1,fifth,1,1,1
55PV7H4S3UIJTO5J4,Sports Car,2016-08-11T06:29:23.8682092Z,20,62,92,21,48,46,145898,Bellevue,15,1,1,1,seventh,1,1,1
HYL9LWQ74MRRUHUIL,Large SUV,2016-08-11T06:29:25.8701961Z,92,9,72,27,32,27,171896,Seattle,23,0,0,0,sixth,0,0,0
0XNJORPFB4OV80G8R,Medium SUV,2016-08-11T06:29:27.2981323Z,50,130,62,19,26,20,111955,Seattle,49,1,1,1,fifth,1,1,1
ORMNQDNBEDA2PR62M,Coupe,2016-08-11T06:29:28.8856993Z,56,276,37,32,36,29,141651,Sammamish,85,1,1,1,third,1,1,1
SAYMMRMT88J9NQ23Q,Hybrid,2016-08-11T06:29:38.0701412Z,80,339,93,2,48,47,108212,Bellevue,82,1,1,1,seventh,1,1,1
4PISU4FQ00PHBRK0X,Hybrid,2016-08-11T06:29:39.5704133Z,83,296,70,28,41,35,18537,Bellevue,61,1,1,1,fourth,1,1,1
SHCFMZY6U55X1GU6F,Family Saloon,2016-08-11T06:29:40.1708933Z,41,345,83,32,47,45,179331,Redmond,40,1,1,1,seventh,1,1,1
PA4M1X4AP4OL3ZZ8D,Sedan,2016-08-11T06:29:41.4893880Z,62,127,62,11,27,20,144113,Seattle,21,1,1,1,fifth,1,1,1
0WPZGPBBK1A7FWGQY,Compact Car,2016-08-11T06:29:42.1280424Z,40,68,13,22,25,16,177567,Redmond,95,1,1,1,first,1,1,1
3PJCZHX0WJ14GP9CX,Medium SUV,2016-08-11T06:29:44.6647855Z,29,208,75,25,34,29,48775,Seattle,14,1,1,1,sixth,1,1,1
UHF3WL2A7U6SZ3KUU,Station Wagon,2016-08-11T06:29:43.0799968Z,78,248,98,10,50,50,11774,Redmond,92,0,0,0,eight,0,0,0
4M6BT8JN5XIKDFQ2K,Sports Car,2016-08-11T06:29:43.8475742Z,31,192,55,7,22,16,3017,Seattle,2,0,0,0,fifth,0,0,0
XRYMCURWQR78ILDGR,Convertible,2016-08-11T06:29:45.4637407Z,79,336,12,5,25,15,6853,Redmond,8,0,0,0,first,0,0,0
F6T5VFTMUHT3N0PKK,Family Saloon,2016-08-11T06:29:48.1356670Z,96,177,2,30,0,0,68584,Seattle,58,0,0,0,first,0,0,0
LO272A4KV4DLBKHU4,Hybrid,2016-08-11T06:29:46.1369290Z,18,41,19,18,29,20,139394,Redmond,13,1,1,1,second,1,1,1
XGPCBLHQQC3TRKQJJ,Large SUV,2016-08-11T06:29:47.5046910Z,9,471,71,25,41,36,78156,Bellevue,31,0,0,0,fourth,0,0,0
ASFVLRMRYZQDVOAIY,Hybrid,2016-08-11T06:29:48.7085097Z,57,306,98,9,50,50,129190,Redmond,42,0,0,0,eight,0,0,0
NUSLHD30ZMPKAAELY,Hybrid,2016-08-11T06:29:50.8449574Z,1,308,16,10,27,18,101249,Redmond,91,0,0,0,second,0,0,0
PT23ATCFW1CZTUMGE,Sports Car,2016-08-11T06:29:50.1444238Z,18,374,73,16,33,27,134648,Seattle,87,1,1,1,sixth,1,1,1
SE9VCY5GBBUYKALNQ,Compact Car,2016-08-11T06:29:49.3843954Z,70,81,6,39,1,0,152292,Seattle,9,1,1,1,first,1,1,1
FZ3HW1YFEWTKM6PNH,Family Saloon,2016-08-11T06:29:51.5617823Z,99,450,78,4,46,44,106218,Redmond,27,0,0,0,seventh,0,0,0
FCFL2M4W5N5EWJEIR,Small SUV,2016-08-11T06:29:52.7640648Z,37,269,48,26,32,24,135065,Bellevue,98,0,0,0,second,0,0,0
ZM5ZS5YCR4E0OR4O9,Sedan,2016-08-11T06:29:53.3527989Z,69,168,59,34,25,18,72788,Seattle,20,0,0,0,fifth,0,0,0
OANXBMVOGGDDMFWR0,Station Wagon,2016-08-11T06:29:52.1474002Z,4,226,59,3,25,18,24199,Seattle,46,0,0,0,fifth,0,0,0
5SNGOCKB33BN0384E,Large SUV,2016-08-11T06:29:53.9792012Z,69,148,9,19,2,0,184545,Seattle,33,1,1,1,first,1,1,1
XBQKM5UL1KV5OU2RV,Station Wagon,2016-08-11T06:29:55.8364550Z,19,30,29,11,33,25,190026,Sammamish,29,0,0,0,third,0,0,0
7BWI8AT3ZCDPJDSDJ,Medium SUV,2016-08-11T06:29:55.2518138Z,68,89,95,35,50,49,39904,Redmond,71,0,0,0,eight,0,0,0
M9BOFCZVLDM2CPYM3,Family Saloon,2016-08-11T06:29:54.6353942Z,77,32,80,27,47,45,27844,Redmond,64,1,1,1,seventh,1,1,1
70B85HK639ITWWRV2,Small SUV,2016-08-11T06:29:57.1535101Z,18,167,71,25,32,26,56477,Seattle,81,0,0,0,sixth,0,0,0
8CU8ZVZOT59I4OVP8,Station Wagon,2016-08-11T06:29:59.0724906Z,77,117,80,35,47,45,25315,Redmond,98,1,1,1,seventh,1,1,1
Y6XZS2XNSYQU0V8FM,Small SUV,2016-08-11T06:29:58.4184743Z,31,60,9,4,2,0,24230,Seattle,35,0,0,0,first,0,0,0
IAX8O5B1RZLO53V00,Medium SUV,2016-08-11T06:29:57.7875172Z,23,316,59,27,25,18,108830,Seattle,83,0,0,0,fifth,0,0,0
RUGYZFKCO7ITT3BTC,Hybrid,2016-08-11T06:29:59.6577247Z,8,248,77,24,35,30,42622,Seattle,17,1,1,1,sixth,1,1,1
QK1HIM0WKKNM7TCT5,Sedan,2016-08-11T06:30:01.7437729Z,83,71,73,13,33,27,182296,Seattle,88,1,1,1,sixth,1,1,1
MRML87YYYZVFNRKDA,Sedan,2016-08-11T06:30:01.0905030Z,33,244,100,10,50,50,22965,Redmond,90,0,0,0,eight,0,0,0
EQ4OEBLVRVOWHQZZX,Family Saloon,2016-08-11T06:30:00.2585023Z,27,374,65,39,39,33,29472,Bellevue,73,1,1,1,fourth,1,1,1
Q2LM7YEAXQ13KDFS2,Station Wagon,2016-08-11T06:30:02.3387295Z,51,34,3,28,0,0,177936,Seattle,17,1,1,1,first,1,1,1
W09CFDMO31STQUN0D,Compact Car,2016-08-11T06:30:04.2785538Z,98,81,97,15,50,49,25195,Redmond,78,1,1,1,eight,1,1,1
VDH9NM4WIQA8PDDFY,Large SUV,2016-08-11T06:30:03.6779817Z,96,10,19,18,29,20,109234,Redmond,26,1,1,1,second,1,1,1
G5J8FO00MKO0YHNNH,Convertible,2016-08-11T06:30:02.9934304Z,44,30,76,13,35,30,163755,Seattle,20,0,0,0,sixth,0,0,0
ABGMQZUYG0HUHPKRR,Family Saloon,2016-08-11T06:30:04.9482384Z,14,328,4,13,0,0,175044,Seattle,29,0,0,0,first,0,0,0
00X4X3RERJ7IE269Z,Hybrid,2016-08-11T06:30:07.1943047Z,64,260,70,11,41,35,188514,Bellevue,15,1,1,1,fourth,1,1,1
LMYPQM5731EVRX7IQ,Family Saloon,2016-08-11T06:30:06.2668173Z,43,193,98,22,50,50,186208,Redmond,70,0,0,0,eight,0,0,0
TFFV2OE5YZMBRCVG4,Sports Car,2016-08-11T06:30:05.5963133Z,46,84,96,24,49,48,4079,Bellevue,69,1,1,1,eight,1,1,1
XRAJKFMS0S59TH6JI,Compact Car,2016-08-11T06:30:07.7792158Z,55,144,67,35,40,34,52662,Bellevue,93,1,1,1,fourth,1,1,1
40Z1XF6W95S5AIE1Q,Station Wagon,2016-08-11T06:30:09.5982915Z,70,471,97,12,50,50,70924,Redmond,11,1,1,1,eight,1,1,1
2K6OZ4OV0ZJYCLEX4,Hybrid,2016-08-11T06:30:08.9970862Z,73,283,32,30,35,27,100549,Sammamish,35,1,1,1,third,1,1,1
A7HQ9R5TGLAODV5U9,Compact Car,2016-08-11T06:30:08.3422443Z,21,195,61,11,26,19,169953,Seattle,74,0,0,0,fifth,0,0,0
F9CELVEVEEU1AKP15,Station Wagon,2016-08-11T06:30:10.1856605Z,51,25,94,18,49,49,142559,Redmond,47,1,1,1,eight,1,1,1
XV736L41FGYWLOYNT,Medium SUV,2016-08-11T06:30:11.8296465Z,57,98,73,20,33,28,89384,Seattle,31,1,1,1,sixth,1,1,1
D1ZVY26UV2BFGHZNO,Hybrid,2016-08-11T06:30:18.7329607Z,96,100,12,9,25,15,176598,Redmond,80,0,0,0,first,0,0,0
F9J7T8AQQUY5YARA7,Family Saloon,2016-08-11T06:30:30.3586594Z,81,292,33,25,35,27,9384,Sammamish,19,1,1,1,third,1,1,1
MHAK658W5TEUHITRR,Large SUV,2016-08-11T06:30:36.2448356Z,90,72,61,6,38,31,50598,Bellevue,23,0,0,0,fourth,0,0,0
OV09CSY0ZIAIO059U,Sedan,2016-08-11T06:30:38.9685746Z,1,144,93,9,48,47,153470,Bellevue,53,1,1,1,seventh,1,1,1
FAJJFBREYNPAVBUO8,Coupe,2016-08-11T06:30:38.3551865Z,26,249,72,36,32,27,5039,Seattle,27,0,0,0,sixth,0,0,0
DJYEEHVIR7LW60N3I,Sedan,2016-08-11T06:30:36.9962598Z,55,100,44,7,31,22,198768,Bellevue,75,0,0,0,second,0,0,0
1C2RW5NTEBI2U8EY7,Medium SUV,2016-08-11T06:30:39.6115432Z,79,411,75,5,34,29,3755,Seattle,53,1,1,1,sixth,1,1,1
WA487EEOQ5WCKZYLR,Large SUV,2016-08-11T06:30:41.4811971Z,82,488,31,17,34,26,71789,Sammamish,61,0,0,0,third,0,0,0
5GZVMUHLUON4KUZ03,Sedan,2016-08-11T06:30:40.8269101Z,9,161,5,38,1,0,58976,Seattle,88,0,0,0,first,0,0,0
H5L4GP0641ZYPO222,Compact Car,2016-08-11T06:30:40.1970181Z,24,233,56,34,23,16,64493,Seattle,80,1,1,1,fifth,1,1,1
X5ZZJWV2W48JPN5U7,Large SUV,2016-08-11T06:30:42.0601217Z,39,396,48,12,32,24,17170,Bellevue,2,0,0,0,second,0,0,0
DU23Z5F221PCYUZIA,Convertible,2016-08-11T06:30:43.2618235Z,7,269,74,26,33,28,130449,Seattle,74,0,0,0,sixth,0,0,0
V5UNIAM7BP83ED060,Sedan,2016-08-11T06:30:42.6458954Z,88,67,4,24,0,0,1919,Seattle,45,0,0,0,first,0,0,0
D9NR4FLZD8HYSZHEP,Station Wagon,2016-08-11T06:30:46.5372248Z,2,471,81,27,47,45,115908,Redmond,92,1,1,1,seventh,1,1,1
GNU06N9WADFH8372V,Sedan,2016-08-11T06:30:47.2766581Z,59,361,50,15,33,25,26221,Bellevue,94,1,1,1,second,1,1,1
04PC4NB64526M3Q2O,Small SUV,2016-08-11T06:30:49.1247060Z,72,43,63,34,27,21,109064,Seattle,21,1,1,1,fifth,1,1,1
KLDQI025SYAS1R45C,Compact Car,2016-08-11T06:30:48.5571275Z,21,79,100,17,50,50,189722,Redmond,43,0,0,0,eight,0,0,0
ISTKC64GJJX52RVEQ,Sedan,2016-08-11T06:30:47.9556119Z,70,217,36,8,36,28,164870,Sammamish,62,0,0,0,third,0,0,0
Z4IQ7SE5OZM3MR8JM,Sedan,2016-08-11T06:30:49.7178163Z,45,86,93,9,49,48,33111,Redmond,33,1,1,1,eight,1,1,1
HN4NBI7CWAIBSU9SZ,Large SUV,2016-08-11T06:30:51.5350041Z,20,125,59,36,25,18,184138,Seattle,43,0,0,0,fifth,0,0,0
OXIY6NTCKGI5IEUPB,Sedan,2016-08-11T06:30:50.9668918Z,50,378,96,7,50,49,11107,Redmond,30,0,0,0,eight,0,0,0
ZLWS6P6KE5Q46PVYU,Family Saloon,2016-08-11T06:30:50.2804014Z,62,407,56,34,23,17,71779,Seattle,49,1,1,1,fifth,1,1,1
PYCPYLLZVT77XSJXH,Sedan,2016-08-11T06:30:52.1415793Z,84,38,49,20,33,24,3070,Bellevue,85,0,0,0,second,0,0,0
8O626TGTLE0BUQJDM,Small SUV,2016-08-11T06:30:54.3708388Z,87,427,58,26,36,29,26701,Bellevue,44,0,0,0,third,0,0,0
FOA2FNG6HC7ND68AJ,Hybrid,2016-08-11T06:30:53.7889169Z,33,269,61,4,37,31,106331,Bellevue,20,0,0,0,third,0,0,0
I4JUYGMJVZHW8VCK9,Small SUV,2016-08-11T06:30:53.1235825Z,8,22,34,20,35,28,9965,Sammamish,67,1,1,1,third,1,1,1
TBDFF7FS39JTSGPO1,Compact Car,2016-08-11T06:30:55.0098200Z,48,332,46,31,31,23,168276,Bellevue,33,1,1,1,second,1,1,1
1QV2CGQJZUHFECSJO,Hybrid,2016-08-11T06:30:56.8850743Z,79,228,78,3,46,44,84630,Redmond,72,0,0,0,seventh,0,0,0
RU09271ZAGHMUSPKU,Large SUV,2016-08-11T06:30:56.2885918Z,16,302,66,38,39,33,4627,Bellevue,27,0,0,0,fourth,0,0,0
ML3XLJJ7LVW5XL1B2,Compact Car,2016-08-11T06:30:55.6187063Z,43,266,61,29,37,30,126916,Bellevue,31,1,1,1,third,1,1,1
HT6UWYSGWHK9089BR,Hybrid,2016-08-11T06:30:57.4755804Z,92,339,10,1,2,0,20668,Seattle,4,0,0,0,first,0,0,0
2WMI3NEZPP3LFAFXN,Coupe,2016-08-11T06:30:59.3835221Z,3,347,84,8,48,46,168646,Redmond,36,0,0,0,seventh,0,0,0
GDYOSNEAIJ2BFYVY9,Hybrid,2016-08-11T06:30:58.7114116Z,5,123,77,28,36,31,107209,Seattle,61,1,1,1,sixth,1,1,1
QNVLSQ12RA560DWLS,Sedan,2016-08-11T06:30:58.0793852Z,92,356,94,25,48,47,166292,Bellevue,53,0,0,0,seventh,0,0,0
WHKXGTB6E8UDMILTE,Family Saloon,2016-08-11T06:31:00.0362728Z,85,428,41,23,30,21,42811,Bellevue,33,0,0,0,second,0,0,0
56GAK6L734E3GSOXD,Family Saloon,2016-08-11T06:31:02.2241659Z,62,166,63,2,27,21,152250,Seattle,96,0,0,0,fifth,0,0,0
4ZF4LGCXNQNTPZI2B,Family Saloon,2016-08-11T06:31:00.7104635Z,59,28,63,37,27,21,3826,Seattle,92,1,1,1,fifth,1,1,1
E8P38U759KA4DWP5R,Medium SUV,2016-08-11T06:31:01.2854997Z,92,166,45,19,31,22,30614,Bellevue,70,1,1,1,second,1,1,1
O9UGQ1PR18CQAEKVE,Sports Car,2016-08-11T06:31:04.0294710Z,73,131,94,33,48,47,186466,Bellevue,38,0,0,0,seventh,0,0,0
CZIIASR0YJWGQESSY,Sedan,2016-08-11T06:31:06.0403214Z,25,19,10,13,2,0,10646,Seattle,61,1,1,1,first,1,1,1
1NKYRZ6FU15V11RJ9,Coupe,2016-08-11T06:31:05.3448264Z,99,357,84,15,48,46,129803,Redmond,23,0,0,0,seventh,0,0,0
6C3RWG9NFGWS93TC1,Hybrid,2016-08-11T06:31:04.6307410Z,54,38,59,12,25,18,89575,Seattle,24,0,0,0,fifth,0,0,0
KLD0MSRCTVIEHKP46,Family Saloon,2016-08-11T06:31:06.6420114Z,65,441,64,39,38,32,122875,Bellevue,21,1,1,1,fourth,1,1,1
RJIQL9ZNREDLQVYBG,Compact Car,2016-08-11T06:31:07.8463658Z,14,333,94,26,49,47,182205,Bellevue,47,1,1,1,eight,1,1,1
IY6C8YFUDH645C1JZ,Hybrid,2016-08-11T06:31:08.4233773Z,34,236,92,3,48,46,61383,Bellevue,15,1,1,1,seventh,1,1,1
CG7TF9695SQWL3MQD,Coupe,2016-08-11T06:31:07.2139869Z,52,47,60,35,37,30,112152,Bellevue,47,1,1,1,third,1,1,1
RFZVAETE9T8AD7V4K,Sedan,2016-08-11T06:31:09.0259723Z,22,487,100,4,50,50,118680,Redmond,50,0,0,0,eight,0,0,0
PX7ARXQM5ZL77U63V,Station Wagon,2016-08-11T06:31:10.8458037Z,29,218,19,9,29,20,61941,Redmond,50,0,0,0,second,0,0,0
00CHB6C2RKQ4B9BY7,Family Saloon,2016-08-11T06:31:10.2098381Z,3,464,67,34,29,23,55404,Seattle,91,1,1,1,sixth,1,1,1
68WUY8Q4ZWQLETLIK,Convertible,2016-08-11T06:31:09.6282647Z,69,342,36,25,36,28,112280,Sammamish,27,0,0,0,third,0,0,0
VP4FPZYBPEJENNTY2,Medium SUV,2016-08-11T06:31:11.4312559Z,80,171,69,22,40,35,96851,Bellevue,70,0,0,0,fourth,0,0,0
PEV70N8BUZ7OP044Q,Family Saloon,2016-08-11T06:31:13.6766326Z,42,290,61,15,26,19,32709,Seattle,87,0,0,0,fifth,0,0,0
SUJUGG82U7R82JVP2,Family Saloon,2016-08-11T06:31:12.6060510Z,93,467,78,23,46,44,193036,Redmond,86,0,0,0,seventh,0,0,0
ZHZOLAO29N67J3752,Sedan,2016-08-11T06:31:12.0200379Z,19,174,66,29,39,33,199569,Bellevue,38,0,0,0,fourth,0,0,0
UT1JA5EYZ53CVGB1J,Large SUV,2016-08-11T06:31:14.2464284Z,98,34,57,22,24,17,186222,Seattle,1,0,0,0,fifth,0,0,0
8D47I4C3NDGJFKTOK,Coupe,2016-08-11T06:31:16.0789620Z,78,20,57,21,23,17,122945,Seattle,34,0,0,0,fifth,0,0,0
A8KAMYGO3AKYV081V,Convertible,2016-08-11T06:31:15.4284512Z,36,106,42,39,30,21,101586,Bellevue,36,0,0,0,second,0,0,0
GE11A2NXLHQIIG8AE,Large SUV,2016-08-11T06:31:14.8463153Z,75,458,93,18,48,47,106953,Bellevue,78,0,0,0,seventh,0,0,0
WM3S1CZ56QF09RRZ5,Small SUV,2016-08-11T06:31:16.6734733Z,56,163,93,22,48,47,89956,Bellevue,88,0,0,0,seventh,0,0,0
C8K9VLTLD33U714J3,Family Saloon,2016-08-11T06:31:18.5416578Z,77,199,63,5,38,32,84525,Bellevue,60,0,0,0,fourth,0,0,0
HQL2NC3ID25S4Q5IX,Coupe,2016-08-11T06:31:17.9151446Z,58,132,94,13,49,47,1188,Bellevue,24,1,1,1,eight,1,1,1
WRNJS09EDVJMBS2IK,Family Saloon,2016-08-11T06:31:17.2972007Z,17,321,61,18,37,30,3204,Bellevue,50,1,1,1,third,1,1,1
AMBC6BM5EI9BJG5HR,Large SUV,2016-08-11T06:31:19.1256696Z,81,456,60,8,37,30,92052,Bellevue,38,1,1,1,third,1,1,1
G1G0IUTLXIYUUV6CS,Station Wagon,2016-08-11T06:31:21.4863072Z,69,173,32,28,34,27,67994,Sammamish,92,1,1,1,third,1,1,1
94XBZ5FIQXCIA7DUT,Family Saloon,2016-08-11T06:31:20.8927990Z,14,151,97,1,50,50,108468,Redmond,35,1,1,1,eight,1,1,1
2KGFRXMH449URL4FS,Sedan,2016-08-11T06:31:20.2703241Z,0,184,67,29,40,34,114132,Bellevue,36,1,1,1,fourth,1,1,1
28O0HON8YYKBRF6O2,Hybrid,2016-08-11T06:31:22.0819322Z,59,387,10,31,2,0,14345,Seattle,83,1,1,1,first,1,1,1
BVMNWWVGHRTC3GEDU,Station Wagon,2016-08-11T06:31:26.2101146Z,91,8,67,36,40,34,129489,Bellevue,85,1,1,1,fourth,1,1,1
UHGTE3AE97WNBB0TD,Hybrid,2016-08-11T06:31:25.6450302Z,70,358,70,10,41,35,128150,Bellevue,1,1,1,1,fourth,1,1,1
3VFO9NOU2QY2W0ZTS,Family Saloon,2016-08-11T06:31:25.0491155Z,83,71,19,29,29,20,184678,Redmond,63,1,1,1,second,1,1,1
WC77YSBXHXQ715YOB,Station Wagon,2016-08-11T06:31:26.7758993Z,44,116,6,1,1,0,1434,Seattle,72,1,1,1,first,1,1,1
SJPIEUI7S9WPHTAAI,Hybrid,2016-08-11T06:31:28.5425795Z,96,111,68,26,30,24,10239,Seattle,83,0,0,0,sixth,0,0,0
6IM11IM16U1E0HDG9,Compact Car,2016-08-11T06:31:27.9554203Z,3,466,37,21,36,29,156145,Sammamish,73,0,0,0,third,0,0,0
XHLD187JRJOLZTA5I,Coupe,2016-08-11T06:31:27.3509087Z,93,235,57,39,23,17,23454,Seattle,86,0,0,0,fifth,0,0,0
CGTFHO5Z95WDLPEEQ,Coupe,2016-08-11T06:31:29.1901981Z,88,26,56,13,23,17,116088,Seattle,42,1,1,1,fifth,1,1,1
BRF8PXVFCCYM2DWCW,Family Saloon,2016-08-11T06:31:31.5430751Z,98,296,94,34,49,49,130236,Redmond,60,1,1,1,eight,1,1,1
2MVWT905CLKAGSGIJ,Family Saloon,2016-08-11T06:31:30.2299950Z,19,473,54,36,22,16,170815,Seattle,62,1,1,1,fifth,1,1,1
LWKQ2ZM6LOMY2I2H6,Small SUV,2016-08-11T06:31:30.9632133Z,90,413,97,16,50,50,94228,Redmond,98,1,1,1,eight,1,1,1
GHRJAC7PDRUQ960AF,Station Wagon,2016-08-11T06:31:32.3288709Z,60,66,95,11,50,49,136118,Redmond,68,1,1,1,eight,1,1,1
H8UHWOLKPZHSKH5RA,Convertible,2016-08-11T06:31:32.9281372Z,27,195,65,16,28,22,79644,Seattle,12,1,1,1,fifth,1,1,1
Z7EGQVF6BXHFH5QBL,Station Wagon,2016-08-11T06:31:40.2546423Z,69,90,63,12,27,21,184858,Seattle,87,0,0,0,fifth,0,0,0
91L69EZ6M000XUJLH,Family Saloon,2016-08-11T06:31:39.3374394Z,91,178,31,1,34,26,17332,Sammamish,91,0,0,0,third,0,0,0
05PWRS63RJZUO1W1K,Family Saloon,2016-08-11T06:31:40.8999740Z,80,244,34,9,35,28,99289,Sammamish,6,1,1,1,third,1,1,1
E4LPYGCU1QXJ660GS,Large SUV,2016-08-11T06:31:43.2881132Z,20,253,65,28,39,33,147513,Bellevue,55,1,1,1,fourth,1,1,1
UHUTWM3VOQ22XQOJ4,Hybrid,2016-08-11T06:31:42.2034533Z,62,258,95,10,49,48,55905,Bellevue,57,0,0,0,eight,0,0,0
0D94JQQVVLFJHGWG3,Hybrid,2016-08-11T06:31:41.6088853Z,79,115,11,17,25,15,51913,Redmond,97,0,0,0,first,0,0,0
J1XZFELOEEGXDX5UQ,Sedan,2016-08-11T06:31:43.9048305Z,12,449,62,26,26,20,186710,Seattle,95,1,1,1,fifth,1,1,1
K1NYT1YTHLML7JGMR,Large SUV,2016-08-11T06:31:45.8930982Z,23,329,63,15,27,21,149872,Seattle,46,0,0,0,fifth,0,0,0
314QP2MUZPKE4BAFS,Small SUV,2016-08-11T06:31:45.2450206Z,39,390,75,12,34,29,32136,Seattle,60,1,1,1,sixth,1,1,1
DVKRQ2P5YAQ8FOD47,Convertible,2016-08-11T06:31:44.5599581Z,77,339,84,10,47,46,74149,Redmond,87,0,0,0,seventh,0,0,0
FMBPHW71KNG9UDN4N,Sports Car,2016-08-11T06:31:46.4760856Z,65,207,93,24,49,48,12886,Redmond,71,0,0,0,eight,0,0,0
W1DEH0EOE4CPZ1ENU,Large SUV,2016-08-11T06:31:49.0784849Z,3,127,60,25,25,19,12828,Seattle,88,1,1,1,fifth,1,1,1
IZTM4LENAUV5IX1XA,Large SUV,2016-08-11T06:31:48.3767243Z,56,428,34,10,35,27,3848,Sammamish,48,1,1,1,third,1,1,1
0UTW4TOP2UJK0KYBL,Large SUV,2016-08-11T06:31:47.1751479Z,20,34,84,37,48,46,121519,Redmond,37,1,1,1,seventh,1,1,1
ZX834KC7YYEHQGP9A,Family Saloon,2016-08-11T06:31:49.6665091Z,91,21,95,35,49,48,161396,Bellevue,50,1,1,1,eight,1,1,1
HAEVO1MKISA1F4HM4,Large SUV,2016-08-11T06:31:50.2636870Z,25,187,45,17,31,23,54140,Bellevue,27,1,1,1,second,1,1,1
HAINGSGO070K0MZEY,Hybrid,2016-08-11T06:31:52.2136939Z,26,395,54,16,22,15,31578,Seattle,59,1,1,1,fifth,1,1,1
WOR7P6I6HS073MWRW,Convertible,2016-08-11T06:31:50.8800184Z,82,354,60,38,37,30,177080,Bellevue,16,1,1,1,third,1,1,1
P6UWD2RVKFI9W0UGD,Hybrid,2016-08-11T06:31:53.8814156Z,62,105,100,6,50,50,15718,Redmond,71,0,0,0,eight,0,0,0
I0KH9ZRMJOT472NE2,Family Saloon,2016-08-11T06:31:57.0133084Z,73,148,61,23,26,20,146205,Seattle,19,0,0,0,fifth,0,0,0
RZR4UXOEAZYD61Q52,Compact Car,2016-08-11T06:31:56.3218920Z,47,200,18,22,28,19,8342,Redmond,35,1,1,1,second,1,1,1
0E5QAEMVCDAOZE81L,Family Saloon,2016-08-11T06:31:54.7269298Z,75,296,94,21,49,49,161898,Redmond,15,1,1,1,eight,1,1,1
3F1FJD2KULXZRT1KQ,Hybrid,2016-08-11T06:31:57.7027781Z,34,76,70,3,41,35,167296,Bellevue,80,1,1,1,fourth,1,1,1
I0IBPGE95BJBRZNPD,Family Saloon,2016-08-11T06:31:59.8713932Z,0,6,44,22,31,22,56543,Bellevue,41,0,0,0,second,0,0,0
Y87WBSKE13RBKGABE,Station Wagon,2016-08-11T06:31:58.3455513Z,38,378,60,18,37,30,29923,Bellevue,18,0,0,0,third,0,0,0
D1PKA8JG9C99J1TAA,Coupe,2016-08-11T06:31:59.1558066Z,72,86,60,26,25,19,45852,Seattle,51,1,1,1,fifth,1,1,1
XK5OPSKITM073JZ0Q,Convertible,2016-08-11T06:32:01.1101953Z,24,109,62,17,38,31,82056,Bellevue,42,1,1,1,fourth,1,1,1
4BHTNS7RG0VTISMFG,Sedan,2016-08-11T06:32:04.1185690Z,16,445,71,0,41,36,78964,Bellevue,73,0,0,0,fourth,0,0,0
963PR4SB9N6V7F8ZH,Family Saloon,2016-08-11T06:32:16.8656610Z,11,461,62,31,26,20,88621,Seattle,42,1,1,1,fifth,1,1,1
JEUZUK4OIFESWTXWV,Hybrid,2016-08-11T06:32:20.5039258Z,22,160,46,8,32,23,53505,Bellevue,31,0,0,0,second,0,0,0
M9Z4NT0OZWDRCRIFO,Large SUV,2016-08-11T06:32:23.2016374Z,33,250,37,31,36,29,179119,Sammamish,72,1,1,1,third,1,1,1
DXBHUHLUGYJDY1PNK,Compact Car,2016-08-11T06:32:25.6480551Z,21,29,92,29,48,46,65564,Bellevue,59,0,0,0,seventh,0,0,0
WWUWW15FEM3N51ZZA,Large SUV,2016-08-11T06:32:34.5246881Z,65,487,60,13,37,30,30682,Bellevue,98,1,1,1,third,1,1,1
DGKMRPVE4W2ZI8X9E,Convertible,2016-08-11T06:32:41.0790774Z,27,163,71,17,32,26,21368,Seattle,11,1,1,1,sixth,1,1,1
U9RZ9AHT1VF79RRRV,Hybrid,2016-08-11T06:32:44.9018585Z,89,282,56,23,23,17,33076,Seattle,5,1,1,1,fifth,1,1,1
QROSBQF5GCDX6MFYR,Station Wagon,2016-08-11T06:32:51.7743361Z,54,488,45,35,31,22,50004,Bellevue,7,1,1,1,second,1,1,1
7B4IM9Z4NW9L27ZKA,Large SUV,2016-08-11T06:32:54.9224014Z,51,136,17,6,28,18,166343,Redmond,17,0,0,0,second,0,0,0
4EG3LB1DZ5GSPEJO3,Large SUV,2016-08-11T06:32:59.9103744Z,81,394,96,13,49,48,40700,Bellevue,78,1,1,1,eight,1,1,1
VH221ODIJCR8NKHQH,Large SUV,2016-08-11T06:33:01.2986472Z,6,35,63,13,27,21,183844,Seattle,98,0,0,0,fifth,0,0,0
HO86HERA19RJ8U8SY,Small SUV,2016-08-11T06:33:03.1694613Z,74,113,17,15,28,19,39514,Redmond,99,1,1,1,second,1,1,1
HGDCO2CD1H90AHYZH,Family Saloon,2016-08-11T06:33:06.3786130Z,59,26,69,0,40,35,129450,Bellevue,77,0,0,0,fourth,0,0,0
069STS6Y4Y161HIBE,Hybrid,2016-08-11T06:33:08.6920247Z,68,203,92,35,48,46,80296,Bellevue,64,1,1,1,seventh,1,1,1
C5EE2605QYL0OTAXW,Family Saloon,2016-08-11T06:33:11.0173368Z,12,223,6,6,1,0,151456,Seattle,28,0,0,0,first,0,0,0
ABLFD9Q4RKEG5J53J,Sports Car,2016-08-11T06:33:15.0517299Z,75,314,96,39,50,49,181671,Redmond,50,1,1,1,eight,1,1,1
35XHGME5WVF2ZTU8D,Hybrid,2016-08-11T06:33:12.2679666Z,25,346,10,31,2,0,28197,Seattle,10,1,1,1,first,1,1,1
5O12NDTI6VVRZZJ8E,Large SUV,2016-08-11T06:33:16.2611770Z,67,85,81,0,47,45,143000,Redmond,51,1,1,1,seventh,1,1,1
2ZQDRNDI5SMD3V1XJ,Sedan,2016-08-11T06:33:15.6450696Z,53,157,30,10,34,26,2445,Sammamish,23,1,1,1,third,1,1,1
1BOKCTAXQMP7QTRO8,Family Saloon,2016-08-11T06:33:16.8452908Z,54,331,77,17,35,30,126736,Seattle,79,1,1,1,sixth,1,1,1
MUXT7YRLNLCWFS1LY,Compact Car,2016-08-11T06:33:17.7385236Z,83,495,48,37,32,24,13051,Bellevue,94,1,1,1,second,1,1,1
AWQQTLWJSL3V9QSWX,Hybrid,2016-08-11T06:33:18.7302486Z,37,226,68,38,30,24,3159,Seattle,89,0,0,0,sixth,0,0,0
PVY0PV7AADAH2DJYC,Hybrid,2016-08-11T06:33:20.2472335Z,62,388,15,36,27,18,10407,Redmond,86,1,1,1,second,1,1,1
YWKAAXWVPOZPOG5GH,Sedan,2016-08-11T06:33:22.5592858Z,55,58,71,33,41,35,89504,Bellevue,6,0,0,0,fourth,0,0,0
HUDTMC2MY0LQ4J3TI,Small SUV,2016-08-11T06:33:22.0021834Z,31,271,61,6,37,31,79624,Bellevue,59,0,0,0,third,0,0,0
BQPK4T8KJEXZY915K,Convertible,2016-08-11T06:33:21.2936432Z,43,57,13,8,26,16,5629,Redmond,8,1,1,1,first,1,1,1
PHE0TTP0EV7YZI7BZ,Family Saloon,2016-08-11T06:33:23.1694132Z,90,236,68,14,30,24,193537,Seattle,63,0,0,0,sixth,0,0,0
OIP1YMGAJKEACD3SD,Coupe,2016-08-11T06:33:24.5427735Z,47,248,99,32,50,50,20448,Redmond,20,1,1,1,eight,1,1,1
OOHKZRXK4ARZG21NK,Sports Car,2016-08-11T06:33:23.8540660Z,17,330,10,10,2,0,171793,Seattle,8,1,1,1,first,1,1,1
91L69EZ6M000XUJLH,Family Saloon,2016-08-11T06:33:25.3989660Z,33,405,78,36,46,44,163877,Redmond,75,0,0,0,seventh,0,0,0
OY2FAFTWRKE5M0Y1H,Sports Car,2016-08-11T06:33:26.3830754Z,13,489,58,34,36,29,103085,Bellevue,46,1,1,1,third,1,1,1
GGQMBZVQPR75UHWA8,Large SUV,2016-08-11T06:33:28.8258908Z,84,227,70,18,41,35,86741,Bellevue,92,0,0,0,fourth,0,0,0
9KPB7T5FYBL5IBR3Q,Large SUV,2016-08-11T06:33:28.1884701Z,95,232,17,19,28,18,85151,Redmond,85,0,0,0,second,0,0,0
40LZETM2FWQHRNUKQ,Medium SUV,2016-08-11T06:33:27.2554625Z,31,89,13,28,25,16,79015,Redmond,14,1,1,1,first,1,1,1
8RRMNKA6SN8JH8R6M,Convertible,2016-08-11T06:33:29.4499762Z,63,226,1,36,0,0,31996,Seattle,11,1,1,1,first,1,1,1
PUSIAAM32NCB9FCYO,Compact Car,2016-08-11T06:33:31.6298768Z,3,40,74,14,34,28,82262,Seattle,14,0,0,0,sixth,0,0,0
62IIQEFV1OLJ4ZXX4,Sedan,2016-08-11T06:33:30.0291118Z,59,44,98,28,50,50,195009,Redmond,83,1,1,1,eight,1,1,1
18TPUQ8UBOXNHQON2,Sedan,2016-08-11T06:33:30.9687404Z,92,327,0,8,0,0,99109,Seattle,54,1,1,1,first,1,1,1
PAVZT3OTMZX3M2YF6,Small SUV,2016-08-11T06:33:32.5116231Z,19,452,44,38,31,22,98255,Bellevue,97,0,0,0,second,0,0,0
9SZFR2BHGVEAF6JOX,Station Wagon,2016-08-11T06:33:35.1192964Z,66,489,45,25,31,22,164719,Bellevue,50,1,1,1,second,1,1,1
NLABKC6BM2DELQSPV,Family Saloon,2016-08-11T06:33:33.7604702Z,94,348,48,2,32,24,152955,Bellevue,87,1,1,1,second,1,1,1
DC4UBCJ3K37YKLMLM,Compact Car,2016-08-11T06:33:34.3736345Z,86,76,62,2,38,31,90324,Bellevue,79,1,1,1,fourth,1,1,1
F97CREJY4K36GXYQB,Sedan,2016-08-11T06:33:35.9171409Z,21,174,61,36,26,19,109411,Seattle,40,0,0,0,fifth,0,0,0
9EDN7R7D50YQZWN8Y,Sports Car,2016-08-11T06:33:38.2243335Z,59,79,62,31,26,20,38769,Seattle,63,1,1,1,fifth,1,1,1
K6V3QP8LYHLBBQLBG,Family Saloon,2016-08-11T06:33:37.5923692Z,30,53,9,4,2,0,84976,Seattle,3,0,0,0,first,0,0,0
JY24LMC14L1SSHFAT,Sports Car,2016-08-11T06:33:36.5905488Z,74,112,68,12,30,24,36475,Seattle,96,1,1,1,sixth,1,1,1
N4I23K7AXATHCPUCD,Sedan,2016-08-11T06:33:38.8165806Z,84,290,96,11,49,48,60186,Bellevue,74,1,1,1,eight,1,1,1
QBOJWY03PJY2YPVN7,Sedan,2016-08-11T06:33:40.6405579Z,70,339,95,7,49,48,170285,Bellevue,14,1,1,1,eight,1,1,1
SY91WZVNWLZM9SSO9,Large SUV,2016-08-11T06:33:39.9989950Z,38,198,3,11,0,0,43121,Seattle,2,1,1,1,first,1,1,1
NH1SK0I6BX6XF05MX,Station Wagon,2016-08-11T06:33:39.4109719Z,10,186,73,16,33,28,150433,Seattle,27,1,1,1,sixth,1,1,1
TMQ4UIBJHF8XGKPYK,Hybrid,2016-08-11T06:33:41.3577073Z,93,121,56,37,23,17,98287,Seattle,22,1,1,1,fifth,1,1,1
4WK20C2XFBGGAE0Q6,Medium SUV,2016-08-11T06:33:41.9557186Z,42,12,36,28,36,28,103493,Sammamish,70,1,1,1,third,1,1,1
25SQ98SZSV1PEINT9,Small SUV,2016-08-11T06:33:43.3388703Z,55,220,2,19,0,0,27332,Seattle,7,0,0,0,first,0,0,0
JNKAL50WK9KMYBTM9,Hybrid,2016-08-11T06:33:44.3501448Z,80,275,67,33,39,33,98082,Bellevue,3,1,1,1,fourth,1,1,1
1DSAQ543A60M15IG9,Station Wagon,2016-08-11T06:33:45.3474026Z,84,191,94,5,48,47,24533,Bellevue,49,1,1,1,seventh,1,1,1
F4XK9KWUPSQEKCQ44,Family Saloon,2016-08-11T06:33:47.1622485Z,90,435,54,27,22,15,95302,Seattle,65,1,1,1,fifth,1,1,1
RJKV7M7ZEMI5E5FUO,Station Wagon,2016-08-11T06:33:46.5811066Z,22,306,58,5,24,17,11840,Seattle,32,1,1,1,fifth,1,1,1
UDDDTH2IVSW70OFY7,Station Wagon,2016-08-11T06:33:45.9630983Z,20,496,62,17,38,31,119213,Bellevue,36,1,1,1,fourth,1,1,1
G00XUWPUV0Z6HM994,Large SUV,2016-08-11T06:33:47.8679261Z,17,282,15,24,27,18,120324,Redmond,4,1,1,1,second,1,1,1
HGC2JAHDXPT9CFOO9,Compact Car,2016-08-11T06:33:49.7367710Z,38,480,92,3,48,46,196019,Bellevue,91,0,0,0,seventh,0,0,0
4CM5YSTXTGFZ6LCG0,Hybrid,2016-08-11T06:33:49.0526155Z,20,151,64,21,38,32,152081,Bellevue,31,1,1,1,fourth,1,1,1
0C0BQYUFV8HFVENUE,Coupe,2016-08-11T06:33:48.4211468Z,85,223,95,8,49,48,62758,Bellevue,65,0,0,0,eight,0,0,0
5DPKZJXT67H1MU7EJ,Large SUV,2016-08-11T06:33:50.3417177Z,43,374,100,8,50,50,117594,Redmond,58,0,0,0,eight,0,0,0
2EENULPYS68BV4FA1,Hybrid,2016-08-11T06:33:52.3129861Z,29,453,68,38,30,24,61809,Seattle,85,1,1,1,sixth,1,1,1
V2MQ7MGIE6SPA9DT0,Family Saloon,2016-08-11T06:33:51.7264244Z,35,299,37,38,36,29,166673,Sammamish,74,1,1,1,third,1,1,1
IZTM4LENAUV5IX1XA,Large SUV,2016-08-11T06:33:51.1248560Z,94,182,1,28,0,0,110992,Seattle,95,1,1,1,first,1,1,1
QFQVXAZ7QT2Y9HY5P,Sedan,2016-08-11T06:33:53.5141652Z,71,74,15,22,27,18,196836,Redmond,8,1,1,1,second,1,1,1
BGCYXKXUK6X4SPU6V,Hybrid,2016-08-11T06:33:55.4265514Z,11,326,94,14,48,47,121031,Bellevue,40,1,1,1,seventh,1,1,1
6ZJWT9S9OKA48IDUE,Sports Car,2016-08-11T06:33:54.0964371Z,50,96,11,25,24,15,27685,Redmond,16,1,1,1,first,1,1,1
KIQHFXJI9J7RVU45G,Large SUV,2016-08-11T06:33:54.7607612Z,37,132,19,34,29,20,7678,Redmond,37,0,0,0,second,0,0,0
UM755I9SAMOT7GWA6,Hybrid,2016-08-11T06:33:56.0010624Z,75,277,85,8,48,46,32212,Redmond,68,0,0,0,seventh,0,0,0
O4RM79TTMCR98MNJT,Large SUV,2016-08-11T06:33:57.9176887Z,27,107,94,17,49,49,131595,Redmond,45,0,0,0,eight,0,0,0
8KKC8AEYDQURJDZE1,Sedan,2016-08-11T06:33:57.2376775Z,61,478,3,11,0,0,5204,Seattle,5,1,1,1,first,1,1,1
449PLM0RCNHZ6YHO5,Station Wagon,2016-08-11T06:33:56.6143828Z,49,65,55,35,22,16,40109,Seattle,87,0,0,0,fifth,0,0,0
FUGSPCGFPW9L66ZWC,Family Saloon,2016-08-11T06:33:58.5029359Z,5,128,95,21,49,48,135694,Bellevue,19,0,0,0,eight,0,0,0
RAFBQG2LUVXKHYVN2,Hybrid,2016-08-11T06:34:00.2944935Z,39,87,72,15,32,27,86970,Seattle,42,0,0,0,sixth,0,0,0
Y7SMQ94RCQOD8G32D,Compact Car,2016-08-11T06:33:59.6835290Z,48,171,57,20,24,17,127921,Seattle,63,0,0,0,fifth,0,0,0
CRM00QGMSNBX7EC9U,Coupe,2016-08-11T06:33:59.0731854Z,67,54,93,29,48,47,167329,Bellevue,22,0,0,0,seventh,0,0,0
5RYE5HF4KVV6SN6FC,Sports Car,2016-08-11T06:34:01.1461529Z,0,44,65,24,28,22,118942,Seattle,32,1,1,1,fifth,1,1,1
HT6UWYSGWHK9089BR,Hybrid,2016-08-11T06:34:03.1193597Z,68,388,14,29,26,17,148694,Redmond,54,0,0,0,first,0,0,0
OH4Z9OVYEM2GXJHJU,Compact Car,2016-08-11T06:34:02.5028294Z,47,410,63,37,27,21,139704,Seattle,52,0,0,0,fifth,0,0,0
ZLRJLFDZKY6PQASXX,Family Saloon,2016-08-11T06:34:01.7122281Z,27,50,62,3,26,20,148104,Seattle,11,1,1,1,fifth,1,1,1
8VQ55HY24PEK6FFSP,Family Saloon,2016-08-11T06:34:04.2629675Z,24,319,45,23,31,22,81274,Bellevue,26,0,0,0,second,0,0,0
YYPFAPQ7FR6EAEU8N,Large SUV,2016-08-11T06:34:06.1873758Z,43,370,34,9,35,27,16260,Sammamish,16,1,1,1,third,1,1,1
7Q7708FOQJAZWZBE6,Station Wagon,2016-08-11T06:34:05.5695338Z,59,37,81,31,47,45,109828,Redmond,55,1,1,1,seventh,1,1,1
O0EICJJ69ACEGGO5P,Large SUV,2016-08-11T06:34:04.9724586Z,8,307,68,33,40,34,23146,Bellevue,66,1,1,1,fourth,1,1,1
EWMDXNCLEOQU8KY6X,Hybrid,2016-08-11T06:34:06.8477856Z,9,347,1,25,0,0,125598,Seattle,74,0,0,0,first,0,0,0
Y4CMBL36GWBQ956LK,Station Wagon,2016-08-11T06:34:08.5764552Z,59,180,95,6,49,48,166729,Bellevue,9,0,0,0,eight,0,0,0
CPID8KISVB2SU9HWN,Small SUV,2016-08-11T06:34:07.9909821Z,61,436,12,33,25,16,162274,Redmond,65,0,0,0,first,0,0,0
NGHRBLPNMZ47AUXHI,Family Saloon,2016-08-11T06:34:07.4077950Z,68,132,65,21,28,22,178383,Seattle,34,0,0,0,fifth,0,0,0
60F6J6XRQMDX8YZGS,Station Wagon,2016-08-11T06:34:09.1925885Z,98,70,61,8,26,20,121580,Seattle,30,0,0,0,fifth,0,0,0
1J38CKRQ4BBUB3RGD,Hybrid,2016-08-11T06:34:11.1449287Z,55,353,94,29,48,47,19151,Bellevue,93,0,0,0,seventh,0,0,0
WSKIY8W33KYJFBLY3,Convertible,2016-08-11T06:34:09.7820996Z,47,84,61,19,37,31,151740,Bellevue,31,0,0,0,third,0,0,0
6YPMMSVM8LKGPO3LU,Small SUV,2016-08-11T06:34:10.3594974Z,64,228,93,34,48,47,36756,Bellevue,42,0,0,0,seventh,0,0,0
EN10AC6O7UJ3TL3E0,Large SUV,2016-08-11T06:34:11.7544134Z,28,312,4,3,0,0,147348,Seattle,48,0,0,0,first,0,0,0
MJ70EVZCNL9XX8G1S,Small SUV,2016-08-11T06:34:14.2598139Z,21,429,67,22,40,34,54099,Bellevue,17,0,0,0,fourth,0,0,0
6PMQFZ7ZXKRRY5174,Large SUV,2016-08-11T06:34:12.3276878Z,66,130,100,23,50,50,38066,Redmond,64,0,0,0,eight,0,0,0
M2VKFEZDQPMQ6V0MW,Family Saloon,2016-08-11T06:34:13.5271167Z,42,39,69,38,40,34,147966,Bellevue,41,1,1,1,fourth,1,1,1
EGZQJW317LG04JDW0,Hybrid,2016-08-11T06:34:15.0805654Z,62,205,69,37,31,25,149289,Seattle,27,1,1,1,sixth,1,1,1
CMJT8KNLDLWSSYAY8,Compact Car,2016-08-11T06:34:17.0379733Z,97,225,97,32,50,49,53016,Redmond,75,0,0,0,eight,0,0,0
U95ULGJ2ZPMDMFDLK,Hybrid,2016-08-11T06:34:16.3906206Z,71,370,64,27,27,21,134389,Seattle,9,1,1,1,fifth,1,1,1
0IO7MI2D39D8WOE7J,Coupe,2016-08-11T06:34:15.6720342Z,72,442,99,8,50,50,107133,Redmond,32,1,1,1,eight,1,1,1
C7RBPY60VYD2GQ8YE,Medium SUV,2016-08-11T06:34:17.6780281Z,44,409,85,11,48,46,111039,Redmond,88,0,0,0,seventh,0,0,0
Y85PDJ4ENVT6DZCG2,Large SUV,2016-08-11T06:34:19.4583244Z,39,446,31,30,34,26,55575,Sammamish,2,0,0,0,third,0,0,0
N7E1ZLIBFDRZUY1F9,Family Saloon,2016-08-11T06:34:18.8722985Z,87,459,35,39,35,28,40538,Sammamish,46,0,0,0,third,0,0,0
W4VHIZMS7VNN66O0L,Hybrid,2016-08-11T06:34:18.2930433Z,12,7,59,18,37,30,177410,Bellevue,11,1,1,1,third,1,1,1
F19UF4OT18VZ3N03H,Station Wagon,2016-08-11T06:34:20.0634342Z,49,269,96,30,50,49,101639,Redmond,29,0,0,0,eight,0,0,0
5W3P8B5JYZGROMET1,Large SUV,2016-08-11T06:34:22.2674981Z,22,416,93,25,48,47,121106,Bellevue,79,0,0,0,seventh,0,0,0
O9O0MIQYUA7NKGDMT,Station Wagon,2016-08-11T06:34:21.6512649Z,10,83,42,0,30,21,26751,Bellevue,41,0,0,0,second,0,0,0
0VKQKP67D0UTLDM29,Sedan,2016-08-11T06:34:20.6676610Z,38,179,13,26,26,16,115929,Redmond,30,1,1,1,first,1,1,1
K0GMEOI4V7EHGGAR6,Hybrid,2016-08-11T06:34:23.2691287Z,6,384,32,39,34,26,9709,Sammamish,86,1,1,1,third,1,1,1
JBCBZ14LEEZGE4VYV,Medium SUV,2016-08-11T06:34:25.5953847Z,42,146,70,24,41,35,106097,Bellevue,10,1,1,1,fourth,1,1,1
L63DSHG7BUXZRICGD,Family Saloon,2016-08-11T06:34:24.9218417Z,30,307,65,28,39,32,146885,Bellevue,49,0,0,0,fourth,0,0,0
2047PY92NC67UP35E,Sedan,2016-08-11T06:34:24.3122879Z,59,84,29,31,34,25,123532,Sammamish,6,0,0,0,third,0,0,0
COKNDHGMJK96FU9FX,Hybrid,2016-08-11T06:34:26.2949110Z,76,131,78,19,46,44,89647,Redmond,5,0,0,0,seventh,0,0,0
0WKRN4NV62R1ZJ0N7,Medium SUV,2016-08-11T06:34:28.4157466Z,4,444,96,29,49,48,118391,Bellevue,44,1,1,1,eight,1,1,1
0PTUKYJZ1PZ9NN4IL,Hybrid,2016-08-11T06:34:29.4850009Z,73,169,49,19,33,25,158889,Bellevue,98,1,1,1,second,1,1,1
6048WERXQ0LC1GOLU,Family Saloon,2016-08-11T06:34:30.7193607Z,65,241,96,4,49,48,131428,Bellevue,82,0,0,0,eight,0,0,0
VAXX4GWLKASWB8TSP,Small SUV,2016-08-11T06:34:33.7866955Z,59,245,62,13,26,20,175314,Seattle,18,1,1,1,fifth,1,1,1
00CHB6C2RKQ4B9BY7,Family Saloon,2016-08-11T06:34:35.3138889Z,55,268,95,26,50,49,136432,Redmond,28,0,0,0,eight,0,0,0
KRUCIGUXHA9BZGOYE,Compact Car,2016-08-11T06:34:37.6439194Z,60,358,17,6,28,19,37100,Redmond,99,1,1,1,second,1,1,1
ELDI5IVJQ7TO31M9W,Sedan,2016-08-11T06:34:36.8506667Z,38,73,79,4,47,44,122290,Redmond,57,0,0,0,seventh,0,0,0
80K0NUUU1CUV2ZBK1,Hybrid,2016-08-11T06:34:38.4022128Z,26,312,82,12,47,45,97524,Redmond,87,0,0,0,seventh,0,0,0
6UHILMEIS9GMG2527,Coupe,2016-08-11T06:34:39.8246037Z,19,51,72,17,32,27,136704,Seattle,85,1,1,1,sixth,1,1,1
1BP306MI5MIZEUUMF,Sedan,2016-08-11T06:34:41.9231452Z,86,27,68,2,30,24,177443,Seattle,41,1,1,1,sixth,1,1,1
GYYJSW2MYNAKAR0E1,Hybrid,2016-08-11T06:34:40.8346496Z,85,84,14,28,26,17,46930,Redmond,3,0,0,0,first,0,0,0
4K0VWPXJ1FTIHIANF,Sports Car,2016-08-11T06:34:44.0110696Z,1,22,64,36,27,21,186858,Seattle,5,1,1,1,fifth,1,1,1
2TGONTPCDAAIZV5IZ,Medium SUV,2016-08-11T06:34:51.0844381Z,62,203,98,19,50,50,34656,Redmond,61,0,0,0,eight,0,0,0
8VXUYJNGTS3Z3BMZJ,Family Saloon,2016-08-11T06:34:52.8149557Z,19,33,62,26,38,31,9989,Bellevue,48,1,1,1,fourth,1,1,1
A98ZQTKVDBA3LXFNG,Family Saloon,2016-08-11T06:34:56.8469872Z,16,348,31,11,34,26,111143,Sammamish,75,0,0,0,third,0,0,0
RKX4X6FLQS2PHE9IX,Sedan,2016-08-11T06:34:58.0670710Z,46,184,14,27,26,17,53696,Redmond,32,0,0,0,first,0,0,0
UWO3MZ8D5C5L8A3JA,Large SUV,2016-08-11T06:35:01.3971932Z,6,340,77,22,35,30,28881,Seattle,3,1,1,1,sixth,1,1,1
OGPD794XI8V2VTXJM,Sports Car,2016-08-11T06:35:00.7840532Z,70,129,8,1,1,0,66127,Seattle,5,1,1,1,first,1,1,1
NX1M3NTBGVU5M5UKM,Sedan,2016-08-11T06:34:59.6865790Z,10,186,7,8,1,0,94251,Seattle,47,0,0,0,first,0,0,0
I1EJ2IW28L55S01MQ,Family Saloon,2016-08-11T06:35:01.9593193Z,24,406,59,22,37,30,173259,Bellevue,72,1,1,1,third,1,1,1
5ZCY7GM0YYHSKOW69,Hybrid,2016-08-11T06:35:04.3643456Z,34,363,85,23,48,46,166412,Redmond,34,1,1,1,seventh,1,1,1
KN1WLDQ8BGZ73KAFD,Sedan,2016-08-11T06:35:03.0228105Z,54,229,71,11,32,26,101761,Seattle,46,1,1,1,sixth,1,1,1
BK7XNFZEP0FQZ7ZV1,Hybrid,2016-08-11T06:35:03.7211607Z,42,177,96,3,50,49,110856,Redmond,6,0,0,0,eight,0,0,0
54Y4WLBYHCDRBUFDN,Sedan,2016-08-11T06:35:04.9705214Z,13,417,99,25,50,50,168081,Redmond,48,1,1,1,eight,1,1,1
PRUQC9HEW3JMSEYZL,Small SUV,2016-08-11T06:35:06.7686105Z,54,98,80,31,47,45,72950,Redmond,90,1,1,1,seventh,1,1,1
L2R1DH4DVRISUTXJ0,Hybrid,2016-08-11T06:35:06.1834916Z,37,121,84,26,48,46,99003,Redmond,92,0,0,0,seventh,0,0,0
6R0Q5GZP90RLBIZSF,Sedan,2016-08-11T06:35:05.6144765Z,85,162,93,13,48,47,141498,Bellevue,2,0,0,0,seventh,0,0,0
7OH7CXVW7SFCLXL4Y,Sports Car,2016-08-11T06:35:07.3637041Z,36,255,12,24,25,16,61863,Redmond,79,1,1,1,first,1,1,1
TNDL0V535P6192TS7,Convertible,2016-08-11T06:35:09.1831653Z,35,360,12,13,25,15,114781,Redmond,18,0,0,0,first,0,0,0
0YLRKLABJ8FFV6R6S,Hybrid,2016-08-11T06:35:08.5810951Z,7,353,65,38,39,32,42294,Bellevue,65,0,0,0,fourth,0,0,0
LMBRFO0CLEWVKRA04,Station Wagon,2016-08-11T06:35:07.9639711Z,37,205,29,18,34,25,67776,Sammamish,73,0,0,0,third,0,0,0
9T313HAGKM3UMV73C,Family Saloon,2016-08-11T06:35:09.7550088Z,59,426,73,32,33,27,116280,Seattle,28,0,0,0,sixth,0,0,0
ON8ZCEB89FMVK3PBR,Family Saloon,2016-08-11T06:35:11.6854398Z,4,17,19,20,29,20,153245,Redmond,41,0,0,0,second,0,0,0
TVRVQ3B6L1ZOL1S9O,Coupe,2016-08-11T06:35:11.0476452Z,45,270,32,21,34,27,4039,Sammamish,33,1,1,1,third,1,1,1
CJRJSONFBZ0KLNGKR,Family Saloon,2016-08-11T06:35:10.4232458Z,43,385,79,37,47,44,186558,Redmond,47,1,1,1,seventh,1,1,1
R6BV391OVKDOB81RH,Small SUV,2016-08-11T06:35:12.3018920Z,4,165,35,21,36,28,130464,Sammamish,1,0,0,0,third,0,0,0
48YATLLHAKDR9CPSC,Station Wagon,2016-08-11T06:35:16.2377626Z,95,73,66,9,29,23,198210,Seattle,75,1,1,1,sixth,1,1,1
IVTNM5RLIWIA7LMSA,Large SUV,2016-08-11T06:35:13.9544365Z,37,396,67,13,40,34,158980,Bellevue,71,0,0,0,fourth,0,0,0
NU49PJ40TWAZQR62E,Sedan,2016-08-11T06:35:15.6220283Z,50,398,96,4,50,49,64303,Redmond,90,1,1,1,eight,1,1,1
1LIE370RGVBQSNGYW,Large SUV,2016-08-11T06:35:16.8228301Z,61,166,65,15,39,33,143214,Bellevue,53,1,1,1,fourth,1,1,1
ROGKNHHPJYJENJ5BF,Sedan,2016-08-11T06:35:17.5057397Z,31,412,71,17,41,35,116768,Bellevue,53,0,0,0,fourth,0,0,0
LX9E0CK89MXODNSV7,Station Wagon,2016-08-11T06:35:23.9022387Z,64,332,18,32,28,19,116388,Redmond,51,0,0,0,second,0,0,0
QLIMVT30P19JH7GDT,Small SUV,2016-08-11T06:35:19.2940517Z,60,391,33,30,35,27,150654,Sammamish,55,0,0,0,third,0,0,0
W62DHSV2PU42V3K54,Sedan,2016-08-11T06:35:26.4135292Z,49,359,46,5,32,23,110176,Bellevue,81,0,0,0,second,0,0,0
YXFA1235V25RO3R02,Sedan,2016-08-11T06:35:27.0129599Z,98,26,95,23,49,48,84145,Bellevue,3,0,0,0,eight,0,0,0
KIHTKGR3NPC29H6GU,Sports Car,2016-08-11T06:35:28.9491678Z,50,462,85,10,48,46,32497,Redmond,71,0,0,0,seventh,0,0,0
JSG74EV4WIU0WCUVT,Large SUV,2016-08-11T06:35:27.7477944Z,78,329,60,10,37,30,36669,Bellevue,48,0,0,0,third,0,0,0
UO38Z9PCMK4JS2VHV,Sedan,2016-08-11T06:35:29.6714959Z,20,99,68,23,40,34,110250,Bellevue,34,0,0,0,fourth,0,0,0
H009X1NFUWFHQQGDT,Large SUV,2016-08-11T06:35:31.8336707Z,38,94,83,29,47,45,16178,Redmond,96,1,1,1,seventh,1,1,1
G64LTHUE8VN31IFZ0,Hybrid,2016-08-11T06:35:31.2334333Z,1,379,1,0,0,0,33719,Seattle,59,1,1,1,first,1,1,1
G7IUI1Q9GU0WLHMPM,Family Saloon,2016-08-11T06:35:30.6197049Z,29,16,36,32,36,29,171449,Sammamish,22,1,1,1,third,1,1,1
V0X25IQHTMLLLW61L,Sports Car,2016-08-11T06:35:32.4912853Z,42,232,5,7,1,0,186115,Seattle,7,0,0,0,first,0,0,0
5FY0WL5EQPVD9LKYW,Small SUV,2016-08-11T06:35:36.2669207Z,85,465,37,17,36,29,89259,Sammamish,16,1,1,1,third,1,1,1
IVR0LM937OSNP5ZR9,Station Wagon,2016-08-11T06:35:34.2862159Z,27,165,35,0,36,28,1697,Sammamish,34,0,0,0,third,0,0,0
X8FPLKC7R4JTHTVZA,Coupe,2016-08-11T06:35:35.1836309Z,67,217,18,28,29,19,98204,Redmond,12,0,0,0,second,0,0,0
LAY7OK3XSFFYZ4VW4,Small SUV,2016-08-11T06:35:36.8950986Z,88,169,92,13,48,46,154289,Bellevue,78,1,1,1,seventh,1,1,1
JI09NL57G4YNFND9L,Sedan,2016-08-11T06:35:40.3843435Z,80,4,98,16,50,50,79083,Redmond,48,0,0,0,eight,0,0,0
LJWMETOFSOODVNP2C,Hybrid,2016-08-11T06:35:39.0494307Z,37,60,44,9,31,22,137675,Bellevue,12,0,0,0,second,0,0,0
4X0ANT3FKU5QOD8B5,Coupe,2016-08-11T06:35:39.6279347Z,90,181,18,38,29,20,47536,Redmond,58,0,0,0,second,0,0,0
I5W0PH8ULHIVIG8H4,Compact Car,2016-08-11T06:35:41.0449326Z,77,444,6,2,1,0,147936,Seattle,22,1,1,1,first,1,1,1
54Y4WLBYHCDRBUFDN,Sedan,2016-08-11T06:35:43.1868288Z,38,495,59,12,25,18,166283,Seattle,58,0,0,0,fifth,0,0,0
DK6JW0RNF0G9PO2FJ,Coupe,2016-08-11T06:35:41.8750945Z,46,487,64,11,28,22,90912,Seattle,4,0,0,0,fifth,0,0,0
K578C6RUG0TU7LN5S,Family Saloon,2016-08-11T06:35:42.4701532Z,25,252,94,21,49,49,96438,Redmond,63,0,0,0,eight,0,0,0
76SQLVY7ACREEGJVS,Family Saloon,2016-08-11T06:35:43.8033463Z,4,308,74,14,33,28,108281,Seattle,63,0,0,0,sixth,0,0,0
BLIPK8NMTMTYX1ZIY,Sedan,2016-08-11T06:35:47.0067005Z,57,226,5,12,1,0,44894,Seattle,97,1,1,1,first,1,1,1
ABWAOU0J8E7VJR7G1,Coupe,2016-08-11T06:35:46.3214708Z,46,318,16,35,27,18,40451,Redmond,22,0,0,0,second,0,0,0
HUSDFMYIX8AUMMBSZ,Family Saloon,2016-08-11T06:35:45.7371811Z,31,243,42,34,30,21,32527,Bellevue,99,0,0,0,second,0,0,0
6R0Q5GZP90RLBIZSF,Sedan,2016-08-11T06:35:47.6363265Z,34,162,96,15,49,48,36277,Bellevue,1,0,0,0,eight,0,0,0
TDF88C6X7MH74ST8V,Family Saloon,2016-08-11T06:35:49.6010154Z,88,47,46,20,32,23,130968,Bellevue,1,0,0,0,second,0,0,0
7IHVXQB5B4MBHHAJD,Sports Car,2016-08-11T06:35:48.2949336Z,86,472,66,12,29,23,59946,Seattle,69,1,1,1,sixth,1,1,1
6AC5GGXG3ZXT9I1IW,Compact Car,2016-08-11T06:35:48.8994615Z,68,461,96,13,50,49,28026,Redmond,13,1,1,1,eight,1,1,1
YJ1MB8COZH9KKMYYD,Family Saloon,2016-08-11T06:35:50.2023253Z,33,89,61,30,37,31,30026,Bellevue,25,1,1,1,third,1,1,1
AAJQER5038Q78UOTV,Sports Car,2016-08-11T06:35:52.3197613Z,58,81,72,37,32,26,57616,Seattle,52,1,1,1,sixth,1,1,1
ZHP04SZYFDUZ1JXJI,Sedan,2016-08-11T06:35:51.0045566Z,44,410,77,25,35,30,54985,Seattle,19,1,1,1,sixth,1,1,1
D6NLJCQ57CHS4J46F,Large SUV,2016-08-11T06:35:51.6095715Z,78,66,65,18,39,33,70665,Bellevue,30,1,1,1,fourth,1,1,1
EDUUFZNJC6RL3TG1D,Hybrid,2016-08-11T06:35:53.0374091Z,81,219,81,12,47,45,150390,Redmond,34,1,1,1,seventh,1,1,1
4MJ7ZDVJ9HJ5INRBY,Sports Car,2016-08-11T06:35:55.3784540Z,96,203,60,29,37,30,4071,Bellevue,35,0,0,0,third,0,0,0
P9YT8D1O2C1IZ0BRO,Sports Car,2016-08-11T06:35:54.7183038Z,72,355,67,27,29,24,35244,Seattle,85,1,1,1,sixth,1,1,1
Y4ZH4OLGXC1292J8D,Sports Car,2016-08-11T06:35:54.0450579Z,56,345,61,12,26,19,76474,Seattle,84,0,0,0,fifth,0,0,0
UE6D2HW9H7KUFMFFO,Large SUV,2016-08-11T06:35:56.0800103Z,9,265,65,31,28,22,92316,Seattle,6,0,0,0,fifth,0,0,0
NNUV8F1IHC4ZBWIXZ,Large SUV,2016-08-11T06:35:58.5932708Z,1,199,5,11,1,0,127234,Seattle,62,1,1,1,first,1,1,1
SPX3KFMTLWNMXPT42,Medium SUV,2016-08-11T06:35:56.8851260Z,5,22,100,26,50,50,93859,Redmond,33,0,0,0,eight,0,0,0
CVR0G7GWQBIXCTT0Y,Small SUV,2016-08-11T06:35:57.8273192Z,81,347,93,19,48,47,150610,Bellevue,70,1,1,1,seventh,1,1,1
GZ8OJVFEVXSZMYG6H,Station Wagon,2016-08-11T06:35:59.2022661Z,35,205,44,12,31,22,14420,Bellevue,31,0,0,0,second,0,0,0
Q4ICMJYM7CDD1A0L7,Station Wagon,2016-08-11T06:36:01.2459579Z,17,129,63,15,27,21,176210,Seattle,36,1,1,1,fifth,1,1,1
F19LDAGBRRYUMX2UX,Family Saloon,2016-08-11T06:35:59.8740844Z,57,399,30,3,34,26,61673,Sammamish,66,1,1,1,third,1,1,1
MZ0GZU3E70X2T3DHR,Station Wagon,2016-08-11T06:36:00.5325789Z,9,52,99,24,50,50,89668,Redmond,33,0,0,0,eight,0,0,0
X4Z73EKSECVVYOQQQ,Sports Car,2016-08-11T06:36:01.8438365Z,39,108,93,27,49,48,44577,Redmond,0,1,1,1,eight,1,1,1
Y7SMQ94RCQOD8G32D,Compact Car,2016-08-11T06:36:04.1139221Z,73,253,76,1,35,30,134084,Seattle,66,0,0,0,sixth,0,0,0
F33R7N6RWAY14ET4A,Large SUV,2016-08-11T06:36:02.5005023Z,71,227,67,36,29,23,40013,Seattle,10,0,0,0,sixth,0,0,0
GNOUG75COBCUGR7PH,Large SUV,2016-08-11T06:36:03.1162328Z,54,489,35,29,36,28,108663,Sammamish,89,0,0,0,third,0,0,0
Q8FQSK0I88NQRPJ2T,Station Wagon,2016-08-11T06:36:04.7740419Z,88,281,67,2,40,34,96550,Bellevue,45,1,1,1,fourth,1,1,1
OJ0HVO4LHFR5EJ4F5,Hybrid,2016-08-11T06:36:06.5460043Z,90,446,95,39,49,48,193123,Bellevue,90,1,1,1,eight,1,1,1
FJB04U5KE657N8ETJ,Large SUV,2016-08-11T06:36:05.9492887Z,41,174,60,31,25,19,24244,Seattle,58,1,1,1,fifth,1,1,1
U9QCMDW1NL2MSIRI3,Large SUV,2016-08-11T06:36:05.3751484Z,21,237,64,2,27,21,30672,Seattle,68,1,1,1,fifth,1,1,1
ZU0913I674HG2J7X2,Large SUV,2016-08-11T06:36:07.1176329Z,7,317,2,14,0,0,169054,Seattle,14,0,0,0,first,0,0,0
5ATXTMWINPP1OUQC1,Sports Car,2016-08-11T06:36:09.1622255Z,60,196,95,11,49,48,124803,Bellevue,12,0,0,0,eight,0,0,0
X68JU0J3V0P175DO9,Medium SUV,2016-08-11T06:36:07.8248026Z,12,360,14,22,26,17,18344,Redmond,34,0,0,0,first,0,0,0
EF4X13DR0HBUNX0S3,Sports Car,2016-08-11T06:36:08.4769111Z,89,118,100,39,50,50,108266,Redmond,98,0,0,0,eight,0,0,0
KAF4QFNIQMB3FA8WM,Convertible,2016-08-11T06:36:09.7623301Z,74,305,61,36,26,19,165788,Seattle,76,0,0,0,fifth,0,0,0
KRGELBW8JHMRK165T,Medium SUV,2016-08-11T06:36:11.6580993Z,54,162,97,0,50,49,68078,Redmond,22,0,0,0,eight,0,0,0
GO09FIA00GYOAPNZC,Sports Car,2016-08-11T06:36:11.0349529Z,0,184,67,12,39,33,39531,Bellevue,3,1,1,1,fourth,1,1,1
PJYJS9KBDM0UX5FC5,Hybrid,2016-08-11T06:36:10.3571904Z,60,458,95,26,49,48,142805,Bellevue,40,0,0,0,eight,0,0,0
TI9674Y9HIFLQEG47,Large SUV,2016-08-11T06:36:12.2522934Z,20,181,32,36,34,27,73084,Sammamish,35,1,1,1,third,1,1,1
3A0BGOF0UZA6PRM5H,Coupe,2016-08-11T06:36:14.2241580Z,78,89,95,33,49,49,34501,Redmond,53,0,0,0,eight,0,0,0
8M6NTPNC9JFJ5CO1U,Hybrid,2016-08-11T06:36:13.5945521Z,93,146,65,38,39,33,157429,Bellevue,48,1,1,1,fourth,1,1,1
4WGJ8MQXZU9XKIVWN,Sedan,2016-08-11T06:36:12.9894460Z,5,226,30,20,34,26,162258,Sammamish,10,1,1,1,third,1,1,1
NTO5XBQL3J0LCLO3U,Large SUV,2016-08-11T06:36:14.8580274Z,30,204,83,14,47,45,67211,Redmond,7,0,0,0,seventh,0,0,0
EMMFKTU2ULREHKG3Q,Coupe,2016-08-11T06:36:17.0064523Z,31,95,82,10,47,45,157296,Redmond,26,1,1,1,seventh,1,1,1
61BZ4ZI38ZY8S0CQQ,Large SUV,2016-08-11T06:36:16.2513540Z,86,121,99,22,50,50,30038,Redmond,65,1,1,1,eight,1,1,1
EGXJVWVK6FW73VD6U,Sedan,2016-08-11T06:36:15.6724180Z,54,202,2,15,0,0,113544,Seattle,61,1,1,1,first,1,1,1
QV3JCV17EAF7UX2NH,Coupe,2016-08-11T06:36:17.5976938Z,0,379,15,33,27,17,116778,Redmond,55,1,1,1,first,1,1,1
FKL208UESR7J4420W,Sedan,2016-08-11T06:36:20.0221731Z,15,182,66,26,39,33,110348,Bellevue,92,0,0,0,fourth,0,0,0
KFLDJMZIERV4IG907,Station Wagon,2016-08-11T06:36:19.1604646Z,14,360,18,15,28,19,141694,Redmond,26,1,1,1,second,1,1,1
WQ44S93J3N27SVIRX,Station Wagon,2016-08-11T06:36:18.2400236Z,52,18,100,33,50,50,57772,Redmond,5,0,0,0,eight,0,0,0
RVDFP5HC4VOCLU81W,Hybrid,2016-08-11T06:36:20.6610408Z,86,318,81,20,47,45,175408,Redmond,85,1,1,1,seventh,1,1,1
609L8JFAQABP9K0IC,Coupe,2016-08-11T06:36:22.6601388Z,57,286,67,7,29,23,121631,Seattle,0,0,0,0,sixth,0,0,0
CZ5XF0T81UZCOJW4J,Hybrid,2016-08-11T06:36:22.0641049Z,95,479,92,34,48,46,66130,Bellevue,4,1,1,1,seventh,1,1,1
6382DV30YMUOKMU9G,Sedan,2016-08-11T06:36:21.4806264Z,34,260,94,5,49,47,124921,Bellevue,32,0,0,0,eight,0,0,0
O33Q9JWJ88HNZ2SE2,Family Saloon,2016-08-11T06:36:23.2447136Z,57,303,15,36,27,17,114509,Redmond,62,1,1,1,first,1,1,1
CZPJSPN97CYCL9XA7,Large SUV,2016-08-11T06:36:25.2315073Z,80,261,98,15,50,50,11566,Redmond,75,0,0,0,eight,0,0,0
4G9UJNN4I19GGCQQL,Compact Car,2016-08-11T06:36:23.9449413Z,6,227,62,33,38,31,119997,Bellevue,71,1,1,1,fourth,1,1,1
2W53REI7D5B4RAOQI,Sedan,2016-08-11T06:36:24.5768588Z,53,321,77,7,35,30,95781,Seattle,93,0,0,0,sixth,0,0,0
T8L2HA5QQ8R9WFV3W,Hybrid,2016-08-11T06:36:25.9959758Z,84,413,66,12,29,23,18084,Seattle,97,1,1,1,sixth,1,1,1
7G60VM2TDJMMO3BEB,Hybrid,2016-08-11T06:36:27.9878606Z,48,179,67,9,30,24,187594,Seattle,80,1,1,1,sixth,1,1,1
WR1S1VQ2JOVLM7P3A,Sedan,2016-08-11T06:36:26.6629212Z,5,128,58,25,36,29,116524,Bellevue,29,0,0,0,third,0,0,0
7UYFAKDB3GTWRUARI,Convertible,2016-08-11T06:36:27.2926607Z,42,388,93,35,48,47,49429,Bellevue,56,0,0,0,seventh,0,0,0
8KIB5CYBQSU5HZUVA,Convertible,2016-08-11T06:36:28.5750116Z,40,49,67,25,39,33,129319,Bellevue,80,1,1,1,fourth,1,1,1
PKBB1LJKJSVFPYHII,Family Saloon,2016-08-11T06:36:30.4573332Z,27,474,99,13,50,50,185937,Redmond,5,1,1,1,eight,1,1,1
UM65YFU33TBMJU8DO,Medium SUV,2016-08-11T06:36:29.7679859Z,57,486,10,19,2,0,96648,Seattle,54,1,1,1,first,1,1,1
PKXAEDPGD94UQO4VQ,Family Saloon,2016-08-11T06:36:29.1548582Z,54,260,64,34,38,32,122590,Bellevue,72,1,1,1,fourth,1,1,1
U4AS6E41OZTT9F8PQ,Sedan,2016-08-11T06:36:31.5942049Z,64,278,9,38,2,0,103238,Seattle,57,0,0,0,first,0,0,0
AV9K50ANNDYXIU270,Sedan,2016-08-11T06:36:35.1929579Z,39,405,70,1,31,25,17573,Seattle,66,0,0,0,sixth,0,0,0
N4I23K7AXATHCPUCD,Sedan,2016-08-11T06:36:33.2230912Z,6,452,2,1,0,0,182985,Seattle,68,0,0,0,first,0,0,0
ZTTLS6N2GYJVR67VT,Sports Car,2016-08-11T06:36:34.5043084Z,71,205,49,18,33,25,31225,Bellevue,3,1,1,1,second,1,1,1
RMUFH39UQFV321QTZ,Family Saloon,2016-08-11T06:36:35.8416339Z,39,499,62,32,38,31,156029,Bellevue,65,1,1,1,fourth,1,1,1
59TBJ85KLFAOQVHZJ,Sedan,2016-08-11T06:36:37.7259781Z,77,332,94,11,49,49,121057,Redmond,76,0,0,0,eight,0,0,0
2TALRZCYSSCGLYJB7,Convertible,2016-08-11T06:36:37.1136271Z,51,15,80,37,47,44,93034,Redmond,54,0,0,0,seventh,0,0,0
RJUTGFLNOA9ANOU46,Hybrid,2016-08-11T06:36:36.5487621Z,5,237,68,1,30,24,94000,Seattle,0,1,1,1,sixth,1,1,1
N2TXGSXON7ICLCZ2C,Hybrid,2016-08-11T06:36:38.3095679Z,0,61,29,36,33,25,113418,Sammamish,53,0,0,0,third,0,0,0
I40PBTA95H61CKPWB,Large SUV,2016-08-11T06:36:40.5952425Z,83,124,96,16,49,48,41608,Bellevue,63,1,1,1,eight,1,1,1
9L4Q7DBX1OCQG0PV3,Coupe,2016-08-11T06:36:39.7228866Z,57,144,80,9,47,45,34848,Redmond,85,1,1,1,seventh,1,1,1
AZOVWYGV416KUHS9Q,Sedan,2016-08-11T06:36:39.0972343Z,11,279,30,35,34,26,74813,Sammamish,12,1,1,1,third,1,1,1
6I1PU5IJTTW5JW0VL,Compact Car,2016-08-11T06:36:42.8237527Z,83,463,20,10,29,20,44801,Redmond,31,1,1,1,second,1,1,1
XBZ51X7OEZ2FSXOY1,Station Wagon,2016-08-11T06:36:47.2017142Z,35,71,64,36,28,22,73959,Seattle,88,0,0,0,fifth,0,0,0
VGBMKIXICFYAJSHER,Large SUV,2016-08-11T06:36:45.4631981Z,30,394,61,9,37,30,136966,Bellevue,77,1,1,1,third,1,1,1
HYAZ6IQH3JTGY7252,Sedan,2016-08-11T06:36:46.4586675Z,93,245,82,37,47,45,159413,Redmond,35,0,0,0,seventh,0,0,0
TVJQ2UGZ73ZDKP70M,Station Wagon,2016-08-11T06:36:50.3641964Z,57,301,96,32,49,48,14739,Bellevue,77,1,1,1,eight,1,1,1
10GMZVZ2P2J0XD539,Family Saloon,2016-08-11T06:36:52.2890041Z,72,399,70,19,41,35,181487,Bellevue,73,1,1,1,fourth,1,1,1
8HI87J52S0TDPP09E,Family Saloon,2016-08-11T06:36:55.6250426Z,97,446,69,9,40,35,177207,Bellevue,7,0,0,0,fourth,0,0,0
DL3N77LAIRKFDGKPL,Sports Car,2016-08-11T06:37:17.4477698Z,34,445,17,20,28,19,141992,Redmond,23,1,1,1,second,1,1,1
0BBSCKI31VKX9Y264,Sports Car,2016-08-11T06:37:27.7342601Z,27,17,59,35,25,18,193787,Seattle,85,0,0,0,fifth,0,0,0
DFXF63VBYWNJ52E7B,Station Wagon,2016-08-11T06:37:30.2708612Z,9,231,83,1,47,46,2597,Redmond,64,0,0,0,seventh,0,0,0
XMJ8IQ9Q9C7SL36HL,Compact Car,2016-08-11T06:37:31.2660368Z,19,113,49,0,33,24,143427,Bellevue,96,0,0,0,second,0,0,0
ITP452XF6OP1NEEBG,Family Saloon,2016-08-11T06:37:32.8693940Z,5,16,99,30,50,50,65674,Redmond,81,1,1,1,eight,1,1,1
LDZBF9IOB6WPBXDE0,Hybrid,2016-08-11T06:37:33.7085884Z,19,235,63,2,38,31,114889,Bellevue,2,1,1,1,fourth,1,1,1
Q0AKDPVN0T1RUVFHB,Family Saloon,2016-08-11T06:37:35.7060258Z,57,482,49,9,33,25,107924,Bellevue,69,1,1,1,second,1,1,1
JW25J6BYV7DDA9OEA,Convertible,2016-08-11T06:37:34.3492416Z,73,433,30,14,34,26,88807,Sammamish,79,1,1,1,third,1,1,1
ZSJOLCMH5XAEHSIJ9,Large SUV,2016-08-11T06:37:35.0009457Z,62,375,98,37,50,50,197663,Redmond,81,0,0,0,eight,0,0,0
YRKYBT4MVSQBYP45Z,Convertible,2016-08-11T06:37:36.3915826Z,31,312,70,37,31,25,107994,Seattle,65,1,1,1,sixth,1,1,1
FPZ1DBB4KLBMR08YA,Convertible,2016-08-11T06:37:38.1623812Z,33,375,77,17,36,31,55745,Seattle,9,1,1,1,sixth,1,1,1
HYSV8LUS8CFE79G95,Station Wagon,2016-08-11T06:37:37.5524412Z,42,261,63,17,27,20,7952,Seattle,27,0,0,0,fifth,0,0,0
VLMXDEJFQT20T0W49,Convertible,2016-08-11T06:37:36.9919281Z,60,473,100,8,50,50,86440,Redmond,77,1,1,1,eight,1,1,1
Z94AOEKMF6Q9K32LQ,Sedan,2016-08-11T06:37:38.7505308Z,2,32,9,8,2,0,96938,Seattle,75,0,0,0,first,0,0,0
WJAAFKBMQSLLBJ7YB,Coupe,2016-08-11T06:37:40.7232006Z,51,95,75,39,34,29,113126,Seattle,56,1,1,1,sixth,1,1,1
MP1N815EK24PK92OO,Compact Car,2016-08-11T06:37:39.9402127Z,7,99,74,8,33,28,33178,Seattle,83,0,0,0,sixth,0,0,0
KXJURSNJW3GQH8KXG,Family Saloon,2016-08-11T06:37:39.3382625Z,21,327,4,31,0,0,45228,Seattle,25,0,0,0,first,0,0,0
HPNA3TJFDJ0U7G5NU,Coupe,2016-08-11T06:37:41.3352795Z,83,265,94,27,49,47,93007,Bellevue,19,1,1,1,eight,1,1,1
A22MHRP7Z0D5TE3XJ,Sedan,2016-08-11T06:37:43.4774071Z,60,99,63,10,38,32,6043,Bellevue,96,0,0,0,fourth,0,0,0
5RX3SGI87U0PXHGUE,Family Saloon,2016-08-11T06:37:42.7238313Z,98,61,61,7,26,19,73070,Seattle,21,0,0,0,fifth,0,0,0
QOIXH433J488TRXKD,Family Saloon,2016-08-11T06:37:42.0226412Z,41,19,35,21,35,28,142710,Sammamish,51,0,0,0,third,0,0,0
PQERC0DIQ23RLNGAN,Family Saloon,2016-08-11T06:37:44.8802288Z,57,86,94,36,49,49,115663,Redmond,75,1,1,1,eight,1,1,1
RZGW009FKIG9CPA5A,Hybrid,2016-08-11T06:37:47.0859993Z,23,231,85,20,48,46,186509,Redmond,64,1,1,1,seventh,1,1,1
3C1YNXSSPZQEWG7H8,Family Saloon,2016-08-11T06:37:49.4455282Z,16,375,78,18,46,44,168022,Redmond,81,0,0,0,seventh,0,0,0
ZM15LTFB6YBQULUT1,Hybrid,2016-08-11T06:37:50.9848110Z,87,179,95,27,50,49,123310,Redmond,18,1,1,1,eight,1,1,1
XXQE5I584OSB84X9J,Large SUV,2016-08-11T06:37:52.1671876Z,66,77,73,39,33,28,171339,Seattle,96,1,1,1,sixth,1,1,1
DMO1ECP3407RCA3MY,Hybrid,2016-08-11T06:37:54.4097021Z,9,24,19,19,29,20,192451,Redmond,20,1,1,1,second,1,1,1
B2F2HAD2KJUL42EJQ,Sedan,2016-08-11T06:37:52.8595586Z,2,403,70,22,41,35,122915,Bellevue,89,0,0,0,fourth,0,0,0
0AWR3XIDJ1U1BMKQA,Small SUV,2016-08-11T06:37:53.7513034Z,2,418,67,11,40,34,125376,Bellevue,47,0,0,0,fourth,0,0,0
5DPKZJXT67H1MU7EJ,Large SUV,2016-08-11T06:37:55.1275226Z,66,380,81,15,47,45,9741,Redmond,15,1,1,1,seventh,1,1,1
J3W7FE121IUIV4SHG,Sedan,2016-08-11T06:37:56.9764550Z,66,273,16,34,28,18,85750,Redmond,81,0,0,0,second,0,0,0
Q9QWSV21D2YS0CJAM,Family Saloon,2016-08-11T06:37:56.3915785Z,92,189,42,19,30,21,27180,Bellevue,90,0,0,0,second,0,0,0
CKFYFV3FKQ3XG8PR1,Station Wagon,2016-08-11T06:37:55.8112778Z,38,476,46,39,32,23,40050,Bellevue,91,0,0,0,second,0,0,0
NWTWQPF6Z2WAKK03H,Medium SUV,2016-08-11T06:37:57.6088360Z,93,123,1,35,0,0,127898,Seattle,52,0,0,0,first,0,0,0
MOTJDS757TPKPCW0N,Sedan,2016-08-11T06:37:59.4464873Z,3,412,0,36,0,0,135090,Seattle,69,1,1,1,first,1,1,1
OUOM2BSVTDVC3YQT0,Station Wagon,2016-08-11T06:37:58.2067869Z,23,349,83,37,47,45,102397,Redmond,19,1,1,1,seventh,1,1,1
B13S39TMEEIO3NBHJ,Station Wagon,2016-08-11T06:37:58.8349101Z,97,487,36,26,36,29,190810,Sammamish,22,1,1,1,third,1,1,1
TBMYQQ5TJDC85HHHD,Station Wagon,2016-08-11T06:38:00.4352531Z,54,478,66,5,39,33,127462,Bellevue,29,0,0,0,fourth,0,0,0
YGSPATEGGBKQ12101,Sedan,2016-08-11T06:38:03.6546416Z,60,118,63,37,27,21,82632,Seattle,11,0,0,0,fifth,0,0,0
PNHWEVHI2R7VFTYT0,Sports Car,2016-08-11T06:38:22.4950241Z,72,374,59,17,36,29,170514,Bellevue,96,1,1,1,third,1,1,1
W955YIY7FXRM689F8,Large SUV,2016-08-11T06:38:39.8761437Z,65,207,35,7,36,28,59216,Sammamish,15,0,0,0,third,0,0,0
I7QBSFS141HYZ7XBJ,Family Saloon,2016-08-11T06:38:47.2604546Z,18,354,45,12,31,23,183244,Bellevue,39,1,1,1,second,1,1,1
UQ0HVGTS1PKKFVH3G,Hybrid,2016-08-11T06:38:53.9837861Z,5,130,76,21,35,30,156629,Seattle,9,0,0,0,sixth,0,0,0
QOKR3RE573J1THBCI,Station Wagon,2016-08-11T06:39:00.8451248Z,99,300,7,16,1,0,58359,Seattle,90,0,0,0,first,0,0,0
B59XQZAWXZ0NDPO7V,Family Saloon,2016-08-11T06:39:07.7075594Z,25,282,61,34,37,30,148366,Bellevue,22,1,1,1,third,1,1,1
DHLA0LAN9U20BI346,Family Saloon,2016-08-11T06:39:08.6217456Z,51,92,46,34,31,23,140782,Bellevue,2,1,1,1,second,1,1,1
NXRGFD3Y7MOCAJSJP,Small SUV,2016-08-11T06:39:10.6196169Z,36,472,7,26,1,0,172362,Seattle,85,0,0,0,first,0,0,0
JEB8DEZEGAQGUH3GX,Station Wagon,2016-08-11T06:39:10.0294176Z,33,345,76,33,35,30,191234,Seattle,35,0,0,0,sixth,0,0,0
ZCMXXQDPH018ZRA0T,Sedan,2016-08-11T06:39:09.3685240Z,90,126,4,31,0,0,40770,Seattle,45,1,1,1,first,1,1,1
QNKTG18VBVDGDB5ZK,Hybrid,2016-08-11T06:39:11.3130958Z,81,181,36,20,36,29,46663,Sammamish,3,1,1,1,third,1,1,1
MP0S8AKU43RPKD90V,Hybrid,2016-08-11T06:39:12.9299109Z,12,175,96,9,49,48,52937,Bellevue,87,1,1,1,eight,1,1,1
XTZVYB2R1IHB66SNE,Large SUV,2016-08-11T06:39:12.1519792Z,7,222,95,19,49,48,169187,Bellevue,40,0,0,0,eight,0,0,0
2V876LRJT6YXEKQTW,Sedan,2016-08-11T06:39:14.9019140Z,76,396,60,6,25,19,162533,Seattle,95,1,1,1,fifth,1,1,1
IKVMWK9PXVMCFTM7R,Hybrid,2016-08-11T06:39:17.8360028Z,10,150,94,8,49,49,2358,Redmond,38,1,1,1,eight,1,1,1
BWPQY645OPHPE6CXZ,Family Saloon,2016-08-11T06:39:19.9023648Z,10,245,72,11,32,27,127503,Seattle,82,1,1,1,sixth,1,1,1
TKBOBE7GY3WJAC42E,Coupe,2016-08-11T06:39:19.0970137Z,77,338,35,8,36,28,40674,Sammamish,13,0,0,0,third,0,0,0
ZA47H01F99THLIYO4,Sedan,2016-08-11T06:39:18.4229833Z,81,324,50,13,33,25,100332,Bellevue,88,1,1,1,second,1,1,1
449PLM0RCNHZ6YHO5,Station Wagon,2016-08-11T06:39:20.4885127Z,60,48,1,2,0,0,164145,Seattle,9,1,1,1,first,1,1,1
87USY6PCJ78B9KL0I,Hybrid,2016-08-11T06:39:21.7555201Z,21,1,94,16,49,47,58942,Bellevue,12,0,0,0,eight,0,0,0
W7R4C6PNGXYT13Y0K,Convertible,2016-08-11T06:39:25.6836847Z,87,312,85,18,48,46,116686,Redmond,49,1,1,1,seventh,1,1,1
XH9L2ECWBBY446JYK,Station Wagon,2016-08-11T06:39:23.8729289Z,38,30,44,2,31,22,40484,Bellevue,2,0,0,0,second,0,0,0
AIMYX6V6VUQQ6NJBO,Convertible,2016-08-11T06:39:27.8701078Z,62,283,95,26,49,48,29235,Bellevue,70,0,0,0,eight,0,0,0
7MSB9C3UV847KYNVH,Sedan,2016-08-11T06:39:29.0775434Z,93,236,46,18,31,23,39157,Bellevue,40,0,0,0,second,0,0,0
YLYRTANOUE6YRMCSB,Large SUV,2016-08-11T06:39:29.7427411Z,20,497,67,22,39,33,53549,Bellevue,29,1,1,1,fourth,1,1,1
URZKG2YGG29RU7VWG,Hybrid,2016-08-11T06:40:02.1900711Z,24,239,74,22,33,28,94863,Seattle,81,0,0,0,sixth,0,0,0
C53XVQMRLTY8PN51L,Coupe,2016-08-11T06:40:32.5367232Z,93,451,69,18,31,25,105978,Seattle,75,1,1,1,sixth,1,1,1
IGFMX01JATNY81JNK,Coupe,2016-08-11T06:40:49.0634030Z,54,13,63,24,38,32,174985,Bellevue,19,0,0,0,fourth,0,0,0
